#VRML V2.0 utf8
# Derived from recovered tube.stl; KiCad uses 2.54 mm per VRML unit.
Shape { appearance Appearance { material Material { diffuseColor 0.65 0.49 0.23 specularColor 0.7 0.7 0.7 shininess 0.65 } } geometry IndexedFaceSet { solid FALSE coord Coordinate { point [
-21.2578511 -1.7e-06 -0.5466107,
-21.2578511 0.1066368 -0.5361078,
-21.2578451 0.0421617 -0.211969,
-21.2578451 -1.5e-06 -0.2161217,
-21.2578511 -0.3036822 -0.45449,
-21.2578511 -0.2091805 -0.5050024,
-21.2578451 -0.0827077 -0.1996704,
-21.2578451 -0.1200722 -0.1796986,
-21.2578511 -0.5050038 -0.2091786,
-21.2578511 -0.4544916 -0.3036804,
-21.2578451 -0.1797 -0.1200707,
-21.2578451 -0.1996718 -0.0827061,
-21.2578511 0.3036791 0.4544897,
-21.2578511 0.2091773 0.5050019,
-21.2578451 0.0827047 0.1996701,
-21.2578451 0.1200693 0.1796984,
-21.2578511 -0.3865129 0.3865122,
-21.2578511 -0.454491 0.3036808,
-21.2578451 -0.1796998 0.1200708,
-21.2578451 -0.1528223 0.1528211,
-21.2578511 -0.1066391 0.5361073,
-21.2578511 -0.2091795 0.5050022,
-21.2578451 -0.0827073 0.1996702,
-21.2578451 -0.0421643 0.2119687,
-21.2578511 -0.536109 -0.1066382,
-21.2578451 -0.2119703 -0.0421632,
-21.2578511 0.5050007 0.2091785,
-21.2578511 0.4544885 0.3036802,
-21.2578451 0.1796971 0.1200705,
-21.2578451 0.1996688 0.082706,
-21.2578511 0.536106 -0.1066386,
-21.2578511 0.5466089 -2e-07,
-21.2578451 0.2161202 -1e-07,
-21.2578451 0.2119674 -0.0421634,
-21.2578511 0.3865105 -0.3865122,
-21.2578511 0.4544885 -0.3036807,
-21.2578451 0.1796971 -0.1200708,
-21.2578451 0.1528196 -0.1528212,
-21.2578511 -0.3036813 0.4544901,
-21.2578451 -0.1200719 0.1796985,
-21.2578511 0.3865105 0.3865117,
-21.2578451 0.1528196 0.1528209,
-21.2578511 -0.3865136 -0.386512,
-21.2578451 -0.1528225 -0.1528211,
-21.2578511 0.536106 0.1066382,
-21.2578451 0.2119674 0.0421631,
-21.2578511 -0.5466119 3e-07,
-21.2578451 -0.216123 1e-07,
-21.2578511 0.303679 -0.4544902,
-21.2578451 0.1200693 -0.1796987,
-21.2578511 -0.5361088 0.1066387,
-21.2578451 -0.2119702 0.0421633,
-21.2578511 0.5050008 -0.2091789,
-21.2578451 0.1996689 -0.0827063,
-21.2578511 0.2091772 -0.5050025,
-21.2578451 0.0827047 -0.1996705,
-21.2578511 -0.1066401 -0.5361077,
-21.2578451 -0.0421647 -0.211969,
-21.2578511 0.1066369 0.5361071,
-21.2578511 -1.5e-06 0.5466102,
-21.2578451 -1.4e-06 0.2161214,
-21.2578451 0.0421618 0.2119686,
-21.2578511 -0.5050034 0.2091791,
-21.2578451 -0.1996716 0.0827062,
-7.8743041 -0.8286403 2.000523,
-8.0654572 -0.8176993 1.9741094,
-8.0654572 -0.4168577 2.0957023,
-7.8743041 -0.4224354 2.1237433,
-8.0654572 1e-07 2.1367587,
-7.8743041 1e-07 2.1653491,
-7.8743041 -1.2030011 1.8004237,
-8.0654572 -1.1871172 1.7766519,
-7.8743041 -1.5311311 1.531135,
-8.0654572 -1.5109149 1.5109188,
-7.8743041 -1.8004205 1.2030058,
-8.0654572 -1.7766489 1.187122,
-7.8743041 -2.0005209 0.8286455,
-8.0654572 -1.9741071 0.8177044,
-7.8743041 -2.1237422 0.4224408,
-8.0654572 -2.0957014 0.4168632,
-7.8743041 -2.1653493 2e-06,
-8.0654572 -2.1367591 1.9e-06,
-7.8743041 -2.1237432 -0.4224369,
-8.0654572 -2.0957023 -0.4168594,
-7.8743041 -2.0005226 -0.8286418,
-8.0654572 -1.974109 -0.8177008,
-7.8743041 -1.800423 -1.2030024,
-8.0654572 -1.7766511 -1.1871186,
-7.8743041 -1.5311341 -1.5311322,
-8.0654572 -1.5109178 -1.510916,
-7.8743041 -1.2030047 -1.8004215,
-8.0654572 -1.1871207 -1.7766498,
-7.8743041 -0.8286442 -2.0005217,
-8.0654572 -0.8177033 -1.9741081,
-7.8743041 -0.4224395 -2.1237428,
-8.0654572 -0.4168618 -2.0957019,
-7.8743041 -6e-07 -2.1653494,
-8.0654572 -6e-07 -2.1367591,
-7.8743041 0.4224383 -2.123743,
-8.0654572 0.4168606 -2.0957021,
-7.8743041 0.8286431 -2.0005222,
-8.0654572 0.8177021 -1.9741087,
-7.8743041 1.2030036 -1.8004224,
-8.0654572 1.1871198 -1.7766506,
-7.8743041 1.5311331 -1.5311331,
-8.0654572 1.5109169 -1.5109169,
-7.8743041 1.8004224 -1.2030036,
-8.0654572 1.7766506 -1.1871198,
-7.8743041 2.0005221 -0.8286431,
-8.0654572 1.9741083 -0.8177021,
-7.8743041 2.123743 -0.4224386,
-8.0654572 2.0957019 -0.4168609,
-7.8743041 2.1653496 0.0,
-8.0654572 2.1367593 0.0,
-7.8743041 2.123743 0.4224387,
-8.0654572 2.0957019 0.416861,
-7.8743041 2.0005219 0.8286432,
-8.0654572 1.9741083 0.8177021,
-7.8743041 1.8004224 1.2030035,
-8.0654572 1.7766506 1.1871197,
-7.8743041 1.5311331 1.531133,
-8.0654572 1.5109169 1.5109168,
-7.8743041 1.2030037 1.8004222,
-8.0654572 1.1871199 1.7766504,
-7.8743041 0.8286435 2.0005217,
-8.0654572 0.8177024 1.9741079,
-7.8743041 0.4224388 2.1237426,
-8.0654572 0.4168612 2.0957019,
-7.4444673 -0.7507212 1.812409,
-7.6593857 -0.8154265 1.9686222,
-7.6593857 -0.4156991 2.0898776,
-7.4444673 -0.3827126 1.9240424,
-7.6593857 1e-07 2.1308199,
-7.4444673 1e-07 1.9617359,
-7.4444673 -1.0898798 1.6311255,
-7.6593857 -1.1838177 1.7717136,
-7.4444673 -1.387155 1.3871586,
-7.6593857 -1.5067153 1.5067192,
-7.4444673 -1.6311225 1.0898842,
-7.6593857 -1.7717106 1.1838224,
-7.4444673 -1.812407 0.7507259,
-7.6593857 -1.96862 0.8154317,
-7.4444673 -1.9240413 0.3827177,
-7.6593857 -2.0898765 0.4157044,
-7.4444673 -1.961736 1.8e-06,
-7.6593857 -2.1308202 1.9e-06,
-7.4444673 -1.9240421 -0.3827141,
-7.6593857 -2.0898774 -0.4157006,
-7.4444673 -1.8124085 -0.7507225,
-7.6593857 -1.9686216 -0.8154281,
-7.4444673 -1.6311246 -1.089881,
-7.6593857 -1.7717129 -1.1838191,
-7.4444673 -1.3871577 -1.387156,
-7.6593857 -1.5067181 -1.5067163,
-7.4444673 -1.089883 -1.6311232,
-7.6593857 -1.1838213 -1.7717114,
-7.4444673 -0.7507247 -1.8124075,
-7.6593857 -0.8154304 -1.9686207,
-7.4444673 -0.3827164 -1.9240417,
-7.6593857 -0.4157032 -2.089877,
-7.4444673 -5e-07 -1.961736,
-7.6593857 -6e-07 -2.1308202,
-7.4444673 0.3827154 -1.9240419,
-7.6593857 0.4157019 -2.0898774,
-7.4444673 0.7507237 -1.8124081,
-7.6593857 0.8154293 -1.9686213,
-7.4444673 1.0898822 -1.631124,
-7.6593857 1.1838203 -1.7717123,
-7.4444673 1.3871569 -1.3871568,
-7.6593857 1.5067174 -1.5067173,
-7.4444673 1.6311242 -1.0898821,
-7.6593857 1.7717121 -1.1838203,
-7.4444673 1.8124081 -0.7507237,
-7.6593857 1.9686211 -0.8154293,
-7.4444673 1.9240421 -0.3827155,
-7.6593857 2.0898772 -0.4157022,
-7.4444673 1.9617362 1e-07,
-7.6593857 2.1308204 1e-07,
-7.4444673 1.9240419 0.3827158,
-7.6593857 2.0898772 0.4157023,
-7.4444673 1.8124079 0.7507238,
-7.6593857 1.9686211 0.8154294,
-7.4444673 1.6311242 1.0898821,
-7.6593857 1.7717121 1.1838201,
-7.4444673 1.3871569 1.3871568,
-7.6593857 1.5067174 1.5067173,
-7.4444673 1.0898823 1.631124,
-7.6593857 1.1838204 1.7717121,
-7.4444673 0.7507241 1.8124077,
-7.6593857 0.8154296 1.9686211,
-7.4444673 0.3827158 1.9240419,
-7.6593857 0.4157025 2.089877,
-8.2566104 -0.7507212 1.812409,
-8.2566104 -0.3827126 1.9240424,
-8.2566104 1e-07 1.9617359,
-8.2566104 -1.0898798 1.6311255,
-8.2566104 -1.387155 1.3871586,
-8.2566104 -1.6311225 1.0898842,
-8.2566104 -1.812407 0.7507259,
-8.2566104 -1.9240413 0.3827177,
-8.2566104 -1.961736 1.8e-06,
-8.2566104 -1.9240421 -0.3827141,
-8.2566104 -1.8124085 -0.7507225,
-8.2566104 -1.6311246 -1.089881,
-8.2566104 -1.3871577 -1.387156,
-8.2566104 -1.089883 -1.6311232,
-8.2566104 -0.7507247 -1.8124075,
-8.2566104 -0.3827164 -1.9240417,
-8.2566104 -5e-07 -1.961736,
-8.2566104 0.3827154 -1.9240419,
-8.2566104 0.7507237 -1.8124081,
-8.2566104 1.0898822 -1.631124,
-8.2566104 1.3871569 -1.3871568,
-8.2566104 1.6311242 -1.0898821,
-8.2566104 1.8124081 -0.7507237,
-8.2566104 1.9240421 -0.3827156,
-8.2566104 1.9617362 1e-07,
-8.2566104 1.9240419 0.3827157,
-8.2566104 1.8124079 0.7507238,
-8.2566104 1.6311242 1.0898821,
-8.2566104 1.3871569 1.3871568,
-8.2566104 1.0898823 1.631124,
-8.2566104 0.7507241 1.8124077,
-8.2566104 0.3827158 1.9240419,
-4.3307244 -0.7507212 1.812409,
-4.3307244 -0.3827126 1.9240424,
-4.3307244 1e-07 1.961736,
-4.3307244 -1.0898798 1.6311255,
-4.3307244 -1.387155 1.3871587,
-4.3307244 -1.6311225 1.0898844,
-4.3307244 -1.812407 0.7507261,
-4.3307244 -1.9240413 0.3827179,
-4.3307244 -1.961736 2e-06,
-4.3307244 -1.9240421 -0.3827139,
-4.3307244 -1.8124085 -0.7507223,
-4.3307244 -1.6311246 -1.0898809,
-4.3307244 -1.3871577 -1.3871559,
-4.3307244 -1.089883 -1.6311232,
-4.3307244 -0.7507247 -1.8124074,
-4.3307244 -0.3827164 -1.9240415,
-4.3307244 -5e-07 -1.961736,
-4.3307244 0.3827154 -1.9240419,
-4.3307244 0.7507237 -1.8124079,
-4.3307244 1.0898822 -1.631124,
-4.3307244 1.3871569 -1.3871567,
-4.3307244 1.6311242 -1.0898819,
-4.3307244 1.8124081 -0.7507235,
-4.3307244 1.9240421 -0.3827154,
-4.3307244 1.9617362 2e-07,
-4.3307244 1.9240419 0.3827159,
-4.3307244 1.8124079 0.750724,
-4.3307244 1.6311242 1.0898822,
-4.3307244 1.3871569 1.3871569,
-4.3307244 1.0898823 1.631124,
-4.3307244 0.7507241 1.8124079,
-4.3307244 0.3827158 1.9240419,
-20.8546075 0.4493021 -1.0847159,
-20.8546075 0.6522865 -0.9762186,
-20.8546075 -0.2290551 -1.1515281,
-20.8546075 -1.9e-06 -1.1740878,
-20.8546075 -0.8302073 -0.8302052,
-20.8546075 -0.6522901 -0.9762181,
-20.8546075 0.2290515 1.1515271,
-20.8546075 -1.5e-06 1.174087,
-20.8546075 -1.0847163 0.4493046,
-20.8546075 -1.151529 0.2290538,
-20.8546075 -0.2290529 1.1515275,
-20.8546075 -0.4493059 -1.0847156,
-20.8546075 0.2290513 -1.1515283,
-20.8546075 1.084714 -0.4493041,
-20.8546075 1.1515263 -0.2290534,
-20.8546075 -0.9762188 0.6522887,
-20.8546075 0.4493023 1.0847148,
-20.8546075 -1.0847171 -0.4493035,
-20.8546075 -0.97622 -0.6522878,
-20.8546075 0.6522866 0.9762175,
-20.8546075 -0.8302058 0.8302058,
-20.8546075 -0.4493038 1.0847156,
-20.8546075 -1.1515294 -0.2290525,
-20.8546075 1.0847139 0.4493033,
-20.8546075 0.9762165 0.6522875,
-20.8546075 1.1740859 -4e-07,
-20.8546075 0.8302037 -0.8302057,
-20.8546075 0.9762165 -0.6522885,
-20.8546075 -0.6522883 0.9762184,
-20.8546075 0.8302037 0.8302047,
-20.8546075 1.1515262 0.2290527,
-20.8546075 -1.1740889 7e-07,
-20.4572768 1.2491101 -0.2484642,
-20.4572768 1.2735817 -4e-07,
-20.4572768 -0.9005616 -0.9005594,
-20.4572768 -0.7075673 -1.058946,
-20.4572768 -0.2484636 1.2491115,
-20.4572768 -0.4873792 1.1766378,
-20.4572768 1.0589442 -0.7075654,
-20.4572768 1.176636 -0.4873796,
-20.4572768 -1.1766396 -0.4873788,
-20.4572768 -1.0589481 -0.7075648,
-20.4572768 0.7075634 -1.0589464,
-20.4572768 0.9005578 -0.9005599,
-20.4572768 0.4873776 1.176637,
-20.4572768 0.2484621 1.2491112,
-20.4572768 -1.273585 7e-07,
-20.4572768 -1.2491136 -0.2484632,
-20.4572768 0.2484618 -1.2491124,
-20.4572768 0.4873774 -1.1766381,
-20.4572768 0.9005578 0.900559,
-20.4572768 0.7075634 1.0589454,
-20.4572768 -1.1766387 0.48738,
-20.4572768 -1.2491132 0.2484646,
-20.4572768 1.1766359 0.4873787,
-20.4572768 1.0589442 0.7075644,
-20.4572768 -0.248466 -1.2491123,
-20.4572768 -2.1e-06 -1.2735838,
-20.4572768 -0.90056 0.9005601,
-20.4572768 -1.0589466 0.7075658,
-20.4572768 1.24911 0.2484633,
-20.4572768 -0.4873815 -1.1766378,
-20.4572768 -0.7075653 1.0589464,
-20.4572768 -1.7e-06 1.2735829,
-14.1748864 -5e-07 -1.9617366,
-14.1748864 -0.3827164 -1.9240421,
-14.1648811 -0.3441001 -1.7299051,
-14.1648811 -4e-07 -1.7637961,
-14.1748864 0.3827158 1.9240413,
-14.1748864 0.7507241 1.8124074,
-14.1648811 0.6749756 1.6295343,
-14.1648811 0.3440996 1.7299044,
-13.9765942 -1.089883 -1.6311238,
-13.9765942 -0.7507247 -1.8124079,
-13.986598 -0.674976 -1.6295349,
-13.986598 -0.9799131 -1.4665423,
-13.9765942 1.3871569 1.3871564,
-13.9765942 1.0898823 1.6311234,
-13.986598 0.9799125 1.466542,
-13.986598 1.247192 1.2471914,
-14.1748864 -1.9240421 -0.3827146,
-14.1748864 -1.961736 1.4e-06,
-14.1648811 -1.7637955 1.3e-06,
-14.1648811 -1.7299049 -0.3440984,
-13.9765942 -1.812407 0.7507255,
-13.9765942 -1.9240413 0.3827172,
-13.986598 -1.7299044 0.3441008,
-13.986598 -1.6295339 0.6749768,
-14.1748864 1.9617362 -4e-07,
-14.1748864 1.9240421 -0.382716,
-14.1648811 1.7299049 -0.3440997,
-14.1648811 1.7637959 -3e-07,
-13.9765942 1.6311242 -1.0898826,
-13.9765942 1.8124081 -0.7507241,
-13.986598 1.6295349 -0.6749755,
-13.986598 1.4665427 -0.9799127,
-14.1748864 -0.3827126 1.9240419,
-14.1748864 1e-07 1.9617357,
-14.1648811 1e-07 1.7637951,
-14.1648811 -0.3440967 1.7299049,
-14.1748864 0.3827154 -1.9240424,
-14.1648811 0.3440992 -1.7299053,
-13.9765942 -0.3827164 -1.9240421,
-13.986598 -0.3441001 -1.7299051,
-13.9765942 0.7507241 1.8124074,
-13.986598 0.6749756 1.6295343,
-14.1748864 -1.8124085 -0.7507229,
-14.1648811 -1.629535 -0.6749744,
-14.1748864 1.9240419 0.3827153,
-14.1648811 1.7299049 0.344099,
-13.9765942 -1.961736 1.4e-06,
-13.986598 -1.7637955 1.3e-06,
-13.9765942 1.9240421 -0.382716,
-13.986598 1.7299049 -0.3440997,
-14.1748864 -1.0898798 1.6311249,
-14.1748864 -0.7507212 1.8124085,
-14.1648811 -0.6749729 1.6295354,
-14.1648811 -0.9799102 1.4665435,
-14.1748864 0.7507237 -1.8124085,
-14.1648811 0.6749752 -1.6295354,
-13.9765942 -0.3827126 1.9240419,
-13.9765942 -0.7507212 1.8124085,
-13.986598 -0.6749729 1.6295354,
-13.986598 -0.3440967 1.7299049,
-13.9765942 -5e-07 -1.9617366,
-13.986598 -4e-07 -1.7637961,
-13.9765942 0.3827158 1.9240413,
-13.986598 0.3440996 1.7299044,
-14.1748864 -1.6311246 -1.0898815,
-14.1648811 -1.4665431 -0.9799117,
-14.1748864 1.8124079 0.7507234,
-14.1648811 1.6295349 0.6749749,
-13.9765942 -1.9240421 -0.3827145,
-13.986598 -1.7299049 -0.3440984,
-13.9765942 1.9617362 -3e-07,
-13.986598 1.7637959 -3e-07,
-14.1748864 -1.387155 1.3871582,
-14.1648811 -1.2471901 1.247193,
-14.1748864 1.0898822 -1.6311246,
-14.1648811 0.9799124 -1.4665429,
-13.9765942 1e-07 1.9617357,
-13.986598 1e-07 1.7637951,
-13.9765942 0.3827154 -1.9240424,
-13.986598 0.3440992 -1.7299053,
-14.1748864 -1.3871577 -1.3871565,
-14.1648811 -1.2471926 -1.2471915,
-13.986598 -0.9799102 1.4665435,
-13.986598 -1.2471901 1.247193,
-13.986598 -1.4665412 0.9799138,
-14.1648811 -1.4665412 0.9799138,
-14.1648811 -1.6295339 0.6749768,
-14.1648811 -1.7299044 0.3441008,
-13.986598 -1.629535 -0.6749744,
-13.986598 -1.4665431 -0.9799117,
-13.986598 -1.2471926 -1.2471915,
-14.1648811 -0.9799131 -1.4665423,
-14.1648811 -0.674976 -1.6295349,
-13.986598 0.6749752 -1.6295354,
-13.986598 0.9799124 -1.4665429,
-13.986598 1.247192 -1.2471924,
-14.1648811 1.247192 -1.2471924,
-14.1648811 1.4665427 -0.9799127,
-14.1648811 1.6295349 -0.6749755,
-13.986598 1.7299049 0.3440991,
-13.986598 1.6295349 0.6749749,
-13.986598 1.4665427 0.9799119,
-14.1648811 1.4665427 0.9799119,
-14.1648811 1.247192 1.2471914,
-14.1648811 0.9799125 1.466542,
-14.7619848 1.8124079 0.7507234,
-14.7619848 1.9240419 0.3827153,
-14.7522709 1.7368007 0.3454707,
-14.7522709 1.6360305 0.6776655,
-14.5623695 -1.6311225 1.0898837,
-14.5623695 -1.812407 0.7507255,
-14.5720835 -1.6360296 0.6776674,
-14.5720835 -1.4723872 0.9838199,
-14.5623695 1.3871569 -1.3871573,
-14.5623695 1.6311242 -1.0898826,
-14.5720835 1.4723887 -0.9838189,
-14.5720835 1.2521637 -1.252164,
-14.7619848 -1.387155 1.3871582,
-14.7619848 -1.0898798 1.6311249,
-14.7522709 -0.9838164 1.4723894,
-14.7522709 -1.2521618 1.2521646,
-14.7619848 1.0898822 -1.6311246,
-14.7619848 0.7507237 -1.8124085,
-14.7522709 0.6776659 -1.6360311,
-14.7522709 0.9838186 -1.4723889,
-14.5623695 -1.089883 -1.6311238,
-14.5623695 -0.7507247 -1.8124079,
-14.5720835 -0.6776666 -1.6360305,
-14.5720835 -0.9838192 -1.4723883,
-14.5623695 1.3871569 1.3871564,
-14.5623695 1.0898823 1.6311234,
-14.5720835 0.9838187 1.4723879,
-14.5720835 1.2521637 1.2521631,
-14.7619848 -1.3871577 -1.3871565,
-14.7619848 -1.6311246 -1.0898815,
-14.7522709 -1.472389 -0.9838179,
-14.7522709 -1.2521641 -1.2521632,
-14.7619848 1.6311242 1.0898816,
-14.7522709 1.4723887 0.983818,
-14.5623695 -1.9240413 0.3827172,
-14.5720835 -1.7368001 0.3454725,
-14.5623695 1.8124081 -0.7507241,
-14.5720835 1.6360305 -0.6776661,
-14.7619848 -1.6311225 1.0898837,
-14.7522709 -1.4723872 0.9838199,
-14.7619848 1.3871569 -1.3871573,
-14.7522709 1.2521637 -1.252164,
-14.5623695 -0.3827164 -1.9240421,
-14.5720835 -0.3454717 -1.7368009,
-14.7619848 -1.089883 -1.6311238,
-14.7522709 -0.9838192 -1.4723883,
-14.5623695 0.7507241 1.8124074,
-14.5720835 0.6776661 1.63603,
-14.7619848 1.3871569 1.3871564,
-14.7522709 1.2521637 1.2521631,
-14.5623695 -1.961736 1.4e-06,
-14.5720835 -1.7708264 1.2e-06,
-14.7619848 -1.812407 0.7507254,
-14.7522709 -1.6360296 0.6776674,
-14.5623695 1.9240421 -0.382716,
-14.5720835 1.7368009 -0.3454714,
-14.7619848 1.6311242 -1.0898826,
-14.7522709 1.4723887 -0.9838189,
-14.5623695 -0.3827126 1.9240419,
-14.5623695 -0.7507212 1.8124085,
-14.5720835 -0.6776635 1.6360311,
-14.5720835 -0.3454683 1.7368007,
-14.5623695 -5e-07 -1.9617366,
-14.5720835 -4e-07 -1.770827,
-14.5623695 0.3827158 1.9240413,
-14.5720835 0.3454712 1.7368001,
-14.7619848 -0.7507247 -1.8124079,
-14.7522709 -0.6776666 -1.6360305,
-14.7619848 1.0898823 1.6311234,
-14.7522709 0.9838187 1.4723879,
-14.5623695 -1.9240421 -0.3827146,
-14.5720835 -1.7368007 -0.3454701,
-14.5623695 1.9617362 -4e-07,
-14.5720835 1.7708266 -3e-07,
-14.7619848 -1.9240413 0.3827172,
-14.7522709 -1.7368001 0.3454725,
-14.7619848 1.8124081 -0.7507242,
-14.7522709 1.6360305 -0.6776662,
-14.5623695 1e-07 1.9617357,
-14.5720835 1e-07 1.770826,
-14.5623695 0.3827154 -1.9240424,
-14.5720835 0.3454708 -1.7368011,
-14.7522709 -0.6776635 1.6360311,
-14.7522709 -0.3454683 1.7368007,
-14.7522709 1e-07 1.770826,
-14.5720835 -0.9838164 1.4723894,
-14.5720835 -1.2521618 1.2521646,
-14.7522709 -1.7708264 1.2e-06,
-14.7522709 -1.7368007 -0.3454701,
-14.5720835 -1.6360309 -0.6776651,
-14.7522709 -1.6360309 -0.6776651,
-14.5720835 -1.472389 -0.9838179,
-14.5720835 -1.2521641 -1.2521632,
-14.7522709 -0.3454717 -1.7368009,
-14.7522709 -4e-07 -1.770827,
-14.7522709 0.3454708 -1.7368011,
-14.5720835 0.6776659 -1.6360311,
-14.5720835 0.9838186 -1.4723889,
-14.7522709 1.7368009 -0.3454714,
-14.7522709 1.7708266 -3e-07,
-14.5720835 1.7368007 0.3454707,
-14.5720835 1.6360305 0.6776655,
-14.5720835 1.4723887 0.983818,
-14.7522709 0.6776661 1.63603,
-14.7522709 0.3454712 1.7368001,
-14.5623695 -1.0898798 1.6311249,
-14.5623695 -1.387155 1.3871582,
-14.1748864 -1.6311225 1.0898837,
-14.1748864 -1.812407 0.7507255,
-14.1748864 -1.9240413 0.3827172,
-14.5623695 -1.8124085 -0.7507229,
-14.5623695 -1.6311246 -1.0898815,
-14.5623695 -1.3871577 -1.3871565,
-14.1748864 -1.089883 -1.6311238,
-14.1748864 -0.7507247 -1.8124079,
-14.5623695 0.7507237 -1.8124085,
-14.5623695 1.0898822 -1.6311246,
-14.1748864 1.3871569 -1.3871573,
-14.1748864 1.6311242 -1.0898826,
-14.1748864 1.8124081 -0.7507241,
-14.5623695 1.9240419 0.3827153,
-14.5623695 1.8124079 0.7507234,
-14.1748864 1.6311242 1.0898816,
-14.5623695 1.6311242 1.0898816,
-14.1748864 1.3871569 1.3871564,
-14.1748864 1.0898823 1.6311234,
-13.9765942 1.3871569 -1.3871573,
-13.9765942 -1.6311225 1.0898837,
-13.9765942 1.6311242 1.0898816,
-13.9765942 -1.3871577 -1.3871565,
-13.9765942 1.0898822 -1.6311246,
-13.9765942 -1.387155 1.3871582,
-13.9765942 1.8124079 0.7507234,
-13.9765942 -1.6311246 -1.0898815,
-13.9765942 0.7507237 -1.8124085,
-13.9765942 -1.0898798 1.6311249,
-13.9765942 1.9240419 0.3827153,
-13.9765942 -1.8124085 -0.7507229,
-14.7619848 -1.8124085 -0.7507229,
-14.7619848 0.3827154 -1.9240424,
-14.7619848 -0.7507212 1.8124085,
-14.7619848 1.9617362 -4e-07,
-14.7619848 -1.9240421 -0.3827146,
-14.7619848 1e-07 1.9617357,
-14.7619848 0.3827158 1.9240413,
-14.7619848 -5e-07 -1.9617366,
-14.7619848 -0.3827126 1.9240419,
-14.7619848 1.9240421 -0.382716,
-14.7619848 -1.961736 1.4e-06,
-14.7619848 0.7507241 1.8124074,
-14.7619848 -0.3827164 -1.9240421,
-3.7401473 1e-07 2.1344429,
-3.9370034 1e-07 2.1653586,
-3.9370034 0.4224406 2.123752,
-3.7401473 0.4164093 2.0934304,
-3.9370034 0.8286471 2.0005305,
-3.7401473 0.816816 1.971968,
-3.9370034 1.2030089 1.8004299,
-3.7401473 1.1858332 1.7747246,
-3.9370034 1.5311399 1.5311399,
-3.7401473 1.5092792 1.5092792,
-3.9370034 1.8004301 1.2030087,
-3.7401473 1.7747248 1.1858331,
-3.9370034 2.0005303 0.8286469,
-3.7401473 1.971968 0.816816,
-3.9370034 2.1237522 0.4224407,
-3.7401473 2.0934302 0.4164094,
-3.9370034 2.1653585 2e-07,
-3.7401473 2.1344427 2e-07,
-3.9370034 2.1237522 -0.4224402,
-3.7401473 2.0934304 -0.4164089,
-3.9370034 2.0005305 -0.8286465,
-3.7401473 1.9719681 -0.8168156,
-3.9370034 1.8004301 -1.2030086,
-3.7401473 1.7747248 -1.1858329,
-3.9370034 1.5311399 -1.5311397,
-3.7401473 1.5092792 -1.5092792,
-3.9370034 1.2030087 -1.8004299,
-3.7401473 1.1858331 -1.7747244,
-3.9370034 0.8286467 -2.0005305,
-3.7401473 0.8168157 -1.971968,
-3.9370034 0.4224401 -2.1237522,
-3.7401473 0.4164087 -2.0934304,
-3.9370034 -6e-07 -2.1653586,
-3.7401473 -6e-07 -2.1344429,
-3.9370034 -0.4224413 -2.1237518,
-3.7401473 -0.4164099 -2.0934298,
-3.9370034 -0.8286477 -2.0005299,
-3.7401473 -0.8168168 -1.9719676,
-3.9370034 -1.2030098 -1.8004292,
-3.7401473 -1.185834 -1.7747237,
-3.9370034 -1.5311408 -1.5311389,
-3.7401473 -1.5092801 -1.5092782,
-3.9370034 -1.8004307 -1.2030075,
-3.7401473 -1.7747254 -1.1858319,
-3.9370034 -2.0005312 -0.8286452,
-3.7401473 -1.9719689 -0.8168144,
-3.9370034 -2.1237525 -0.4224386,
-3.7401473 -2.0934308 -0.4164073,
-3.9370034 -2.1653585 2.1e-06,
-3.7401473 -2.1344427 2.1e-06,
-3.9370034 -2.1237516 0.4224428,
-3.7401473 -2.0934298 0.4164115,
-3.9370034 -2.0005294 0.8286492,
-3.7401473 -1.971967 0.8168182,
-3.9370034 -1.8004284 1.2030112,
-3.7401473 -1.7747231 1.1858353,
-3.9370034 -1.5311378 1.5311419,
-3.7401473 -1.5092773 1.5092811,
-3.9370034 -1.2030063 1.8004316,
-3.7401473 -1.1858306 1.7747261,
-3.9370034 -0.8286439 2.0005316,
-3.7401473 -0.816813 1.9719693,
-3.7401473 -0.4164059 2.0934308,
-3.9370034 -0.4224372 2.1237527,
-0.3937042 -0.7507212 1.8124092,
-3.5432913 -0.7507212 1.812409,
-3.5432913 -0.3827126 1.9240424,
-0.3937042 -0.3827126 1.9240426,
-3.5432913 1e-07 1.961736,
-0.3937042 1e-07 1.9617364,
-0.3937042 -1.0898798 1.6311257,
-3.5432913 -1.0898798 1.6311255,
-0.3937042 -1.387155 1.3871588,
-3.5432913 -1.387155 1.3871587,
-0.3937042 -1.6311225 1.0898844,
-3.5432913 -1.6311225 1.0898844,
-0.3937042 -1.812407 0.7507262,
-3.5432913 -1.812407 0.7507261,
-0.3937042 -1.9240413 0.382718,
-3.5432913 -1.9240413 0.3827179,
-0.3937042 -1.961736 2.1e-06,
-3.5432913 -1.961736 2e-06,
-0.3937042 -1.9240421 -0.3827138,
-3.5432913 -1.9240421 -0.3827139,
-0.3937042 -1.8124085 -0.7507222,
-3.5432913 -1.8124085 -0.7507223,
-0.3937042 -1.6311246 -1.0898808,
-3.5432913 -1.6311246 -1.0898809,
-0.3937042 -1.3871577 -1.3871558,
-3.5432913 -1.3871577 -1.3871559,
-0.3937042 -1.089883 -1.6311231,
-3.5432913 -1.089883 -1.6311232,
-0.3937042 -0.7507247 -1.8124072,
-3.5432913 -0.7507247 -1.8124074,
-0.3937042 -0.3827164 -1.9240415,
-3.5432913 -0.3827164 -1.9240415,
-0.3937042 -5e-07 -1.9617359,
-3.5432913 -5e-07 -1.961736,
-0.3937042 0.3827154 -1.9240417,
-3.5432913 0.3827154 -1.9240419,
-0.3937042 0.7507237 -1.8124077,
-3.5432913 0.7507237 -1.8124079,
-0.3937042 1.0898822 -1.6311238,
-3.5432913 1.0898822 -1.631124,
-0.3937042 1.3871569 -1.3871567,
-3.5432913 1.3871569 -1.3871567,
-0.3937042 1.6311242 -1.0898818,
-3.5432913 1.6311242 -1.0898819,
-0.3937042 1.8124081 -0.7507234,
-3.5432913 1.8124081 -0.7507235,
-0.3937042 1.9240421 -0.3827153,
-3.5432913 1.9240421 -0.3827154,
-0.3937042 1.9617362 4e-07,
-3.5432913 1.9617362 2e-07,
-0.3937042 1.9240419 0.382716,
-3.5432913 1.9240419 0.3827159,
-0.3937042 1.8124079 0.7507242,
-3.5432913 1.8124079 0.750724,
-0.3937042 1.6311242 1.0898823,
-3.5432913 1.6311242 1.0898822,
-0.3937042 1.3871569 1.387157,
-3.5432913 1.3871569 1.3871569,
-0.3937042 1.0898823 1.6311242,
-3.5432913 1.0898823 1.631124,
-0.3937042 0.7507241 1.8124081,
-3.5432913 0.7507241 1.8124079,
-0.3937042 0.3827158 1.9240421,
-3.5432913 0.3827158 1.9240419,
-4.1338635 1e-07 2.1344679,
-4.1338635 0.4164141 2.0934548,
-4.1338635 0.8168256 1.971991,
-4.1338635 1.185847 1.7747453,
-4.1338635 1.5092967 1.5092967,
-4.1338635 1.7747455 1.1858467,
-4.1338635 1.9719912 0.8168254,
-4.1338635 2.0934546 0.4164142,
-4.1338635 2.1344679 2e-07,
-4.1338635 2.0934548 -0.4164137,
-4.1338635 1.9719914 -0.8168251,
-4.1338635 1.7747455 -1.1858467,
-4.1338635 1.5092967 -1.5092967,
-4.1338635 1.1858469 -1.7747453,
-4.1338635 0.8168252 -1.9719912,
-4.1338635 0.4164136 -2.0934548,
-4.1338635 -6e-07 -2.1344677,
-4.1338635 -0.4164149 -2.0934542,
-4.1338635 -0.8168264 -1.9719909,
-4.1338635 -1.1858478 -1.7747445,
-4.1338635 -1.5092976 -1.5092957,
-4.1338635 -1.774746 -1.1858456,
-4.1338635 -1.9719918 -0.8168238,
-4.1338635 -2.0934552 -0.4164121,
-4.1338635 -2.1344675 2.1e-06,
-4.1338635 -2.0934542 0.4164163,
-4.1338635 -1.9719903 0.8168278,
-4.1338635 -1.7747438 1.1858491,
-4.1338635 -1.5092947 1.5092987,
-4.1338635 -1.1858443 1.774747,
-4.1338635 -0.8168226 1.9719922,
-4.1338635 -0.4164107 2.0934552,
-0.1968521 1e-07 2.1344707,
-0.1968521 0.4164147 2.0934576,
-0.1968521 0.8168267 1.9719939,
-0.1968521 1.1858485 1.7747477,
-0.1968521 1.5092987 1.5092989,
-0.1968521 1.7747477 1.1858485,
-0.1968521 1.9719937 0.8168268,
-0.1968521 2.0934574 0.4164148,
-0.1968521 2.1344707 3e-07,
-0.1968521 2.0934576 -0.4164142,
-0.1968521 1.971994 -0.8168261,
-0.1968521 1.7747477 -1.1858481,
-0.1968521 1.5092987 -1.5092985,
-0.1968521 1.1858484 -1.7747475,
-0.1968521 0.8168264 -1.971994,
-0.1968521 0.4164141 -2.0934576,
-0.1968521 -6e-07 -2.1344705,
-0.1968521 -0.4164153 -2.0934574,
-0.1968521 -0.8168275 -1.9719935,
-0.1968521 -1.1858494 -1.7747468,
-0.1968521 -1.5092996 -1.5092976,
-0.1968521 -1.7747483 -1.1858471,
-0.1968521 -1.9719946 -0.8168249,
-0.1968521 -2.093458 -0.4164126,
-0.1968521 -2.1344707 2.2e-06,
-0.1968521 -2.0934572 0.416417,
-0.1968521 -1.9719931 0.816829,
-0.1968521 -1.774746 1.1858508,
-0.1968521 -1.5092966 1.5093007,
-0.1968521 -1.185846 1.7747494,
-0.1968521 -0.8168236 1.9719954,
-0.1968521 -0.4164113 2.0934582,
0.0 -0.8286422 2.0005279,
0.0 -0.4224363 2.1237484,
0.0 1e-07 2.1653543,
0.0 -1.2030039 1.8004282,
0.0 -1.5311345 1.5311387,
0.0 -1.8004247 1.2030087,
0.0 -2.0005254 0.8286476,
0.0 -2.1237471 0.4224421,
0.0 -2.1653543 2.3e-06,
0.0 -2.123748 -0.4224376,
0.0 -2.0005269 -0.8286434,
0.0 -1.8004271 -1.203005,
0.0 -1.5311374 -1.5311356,
0.0 -1.2030074 -1.8004254,
0.0 -0.8286461 -2.000526,
0.0 -0.4224405 -2.1237475,
0.0 -6e-07 -2.1653541,
0.0 0.4224392 -2.1237478,
0.0 0.828645 -2.0005267,
0.0 1.2030065 -1.8004262,
0.0 1.5311367 -1.5311365,
0.0 1.8004265 -1.2030062,
0.0 2.0005266 -0.8286447,
0.0 2.1237478 -0.4224392,
0.0 2.1653545 3e-07,
0.0 2.1237478 0.4224399,
0.0 2.0005266 0.8286453,
0.0 1.8004265 1.2030065,
0.0 1.5311367 1.5311368,
0.0 1.2030066 1.8004265,
0.0 0.8286454 2.0005264,
0.0 0.4224398 2.1237478,
-17.9047292 1.2491119 0.2484633,
-17.9047292 1.1766377 0.4873787,
-17.9047292 -0.4873796 -1.1766378,
-17.9047292 -0.2484641 -1.2491123,
-17.9047292 -0.7075634 1.0589464,
-17.9047292 -0.9005581 0.9005601,
-17.9047292 1.249112 -0.2484642,
-17.9047292 1.2735836 -4e-07,
-17.9047292 -0.9005598 -0.9005594,
-17.9047292 -0.7075654 -1.058946,
-17.9047292 -0.2484617 1.2491115,
-17.9047292 -0.4873773 1.1766378,
-17.9047292 1.0589461 -0.7075654,
-17.9047292 1.1766378 -0.4873796,
-17.9047292 -1.1766377 -0.4873788,
-17.9047292 -1.0589463 -0.7075648,
-17.9047292 0.7075652 -1.0589464,
-17.9047292 0.9005596 -0.9005599,
-17.9047292 0.4873795 1.176637,
-17.9047292 0.248464 1.2491112,
-17.9047292 -1.2735831 7e-07,
-17.9047292 -1.2491117 -0.2484632,
-17.9047292 0.2484637 -1.2491124,
-17.9047292 0.4873792 -1.1766381,
-17.9047292 0.9005596 0.900559,
-17.9047292 0.7075653 1.0589454,
-17.9047292 -1.1766368 0.48738,
-17.9047292 -1.2491114 0.2484646,
-17.9047292 1.0589461 0.7075644,
-17.9047292 -2e-07 -1.2735838,
-17.9047292 -1.0589448 0.7075658,
-17.9047292 2e-07 1.2735829,
-17.9047292 -5e-07 -1.9617368,
-17.9047292 0.3827154 -1.9240426,
-17.9047292 1.6311242 1.0898813,
-17.9047292 1.3871569 1.3871561,
-17.9047292 -1.6311225 1.0898835,
-17.9047292 -1.812407 0.7507252,
-17.9047292 1.0898822 -1.6311248,
-17.9047292 1.3871569 -1.3871576,
-17.9047292 0.7507241 1.8124072,
-17.9047292 0.3827158 1.9240411,
-17.9047292 -1.961736 1.2e-06,
-17.9047292 -1.9240421 -0.3827147,
-17.9047292 1.8124081 -0.7507243,
-17.9047292 1.9240421 -0.3827162,
-17.9047292 -1.6311246 -1.0898817,
-17.9047292 -1.3871577 -1.3871567,
-17.9047292 1e-07 1.9617355,
-17.9047292 -0.3827126 1.9240417,
-17.9047292 1.9240419 0.3827151,
-17.9047292 1.8124079 0.7507232,
-17.9047292 -0.7507247 -1.8124081,
-17.9047292 -0.3827164 -1.9240424,
-17.9047292 -1.0898798 1.6311248,
-17.9047292 -1.387155 1.3871579,
-17.9047292 0.7507237 -1.8124089,
-17.9047292 1.0898823 1.6311232,
-17.9047292 -1.9240413 0.3827171,
-17.9047292 1.6311242 -1.0898828,
-17.9047292 -1.8124085 -0.7507231,
-17.9047292 1.9617362 -6e-07,
-17.9047292 -1.089883 -1.631124,
-17.9047292 -0.7507212 1.8124083,
21.2578511 -1.7e-06 -0.5466107,
21.2578451 -1.5e-06 -0.2161217,
21.2578451 0.0421617 -0.211969,
21.2578511 0.1066368 -0.5361078,
21.2578511 -0.3036822 -0.45449,
21.2578451 -0.1200722 -0.1796986,
21.2578451 -0.0827077 -0.1996704,
21.2578511 -0.2091805 -0.5050024,
21.2578511 -0.5050038 -0.2091786,
21.2578451 -0.1996718 -0.0827061,
21.2578451 -0.1797 -0.1200707,
21.2578511 -0.4544916 -0.3036804,
21.2578511 0.3036791 0.4544897,
21.2578451 0.1200693 0.1796984,
21.2578451 0.0827047 0.1996701,
21.2578511 0.2091773 0.5050019,
21.2578511 -0.3865129 0.3865122,
21.2578451 -0.1528223 0.1528211,
21.2578451 -0.1796998 0.1200708,
21.2578511 -0.454491 0.3036808,
21.2578511 -0.1066391 0.5361073,
21.2578451 -0.0421643 0.2119687,
21.2578451 -0.0827073 0.1996702,
21.2578511 -0.2091795 0.5050022,
21.2578511 -0.536109 -0.1066382,
21.2578451 -0.2119703 -0.0421632,
21.2578511 0.5050007 0.2091785,
21.2578451 0.1996688 0.082706,
21.2578451 0.1796971 0.1200705,
21.2578511 0.4544885 0.3036802,
21.2578511 0.536106 -0.1066386,
21.2578451 0.2119674 -0.0421634,
21.2578451 0.2161202 -1e-07,
21.2578511 0.5466089 -2e-07,
21.2578511 0.3865105 -0.3865122,
21.2578451 0.1528196 -0.1528212,
21.2578451 0.1796971 -0.1200708,
21.2578511 0.4544885 -0.3036807,
21.2578511 -0.3036813 0.4544901,
21.2578451 -0.1200719 0.1796985,
21.2578511 0.3865105 0.3865117,
21.2578451 0.1528196 0.1528209,
21.2578451 -0.1528225 -0.1528211,
21.2578511 -0.3865136 -0.386512,
21.2578511 0.536106 0.1066382,
21.2578451 0.2119674 0.0421631,
21.2578511 -0.5466119 3e-07,
21.2578451 -0.216123 1e-07,
21.2578511 0.303679 -0.4544902,
21.2578451 0.1200693 -0.1796987,
21.2578511 -0.5361088 0.1066387,
21.2578451 -0.2119702 0.0421633,
21.2578451 0.1996689 -0.0827063,
21.2578511 0.5050008 -0.2091789,
21.2578511 0.2091772 -0.5050025,
21.2578451 0.0827047 -0.1996705,
21.2578511 -0.1066401 -0.5361077,
21.2578451 -0.0421647 -0.211969,
21.2578511 0.1066369 0.5361071,
21.2578451 0.0421618 0.2119686,
21.2578451 -1.4e-06 0.2161214,
21.2578511 -1.5e-06 0.5466102,
21.2578511 -0.5050034 0.2091791,
21.2578451 -0.1996716 0.0827062,
7.8743041 -0.8286403 2.000523,
7.8743041 -0.4224354 2.1237433,
8.0654572 -0.4168577 2.0957023,
8.0654572 -0.8176993 1.9741094,
7.8743041 1e-07 2.1653491,
8.0654572 1e-07 2.1367587,
7.8743041 -1.2030011 1.8004237,
8.0654572 -1.1871172 1.7766519,
7.8743041 -1.5311311 1.531135,
8.0654572 -1.5109149 1.5109188,
7.8743041 -1.8004205 1.2030058,
8.0654572 -1.7766489 1.187122,
7.8743041 -2.0005209 0.8286455,
8.0654572 -1.9741071 0.8177044,
7.8743041 -2.1237422 0.4224408,
8.0654572 -2.0957014 0.4168632,
7.8743041 -2.1653493 2e-06,
8.0654572 -2.1367591 1.9e-06,
7.8743041 -2.1237432 -0.4224369,
8.0654572 -2.0957023 -0.4168594,
7.8743041 -2.0005226 -0.8286418,
8.0654572 -1.974109 -0.8177008,
7.8743041 -1.800423 -1.2030024,
8.0654572 -1.7766511 -1.1871186,
7.8743041 -1.5311341 -1.5311322,
8.0654572 -1.5109178 -1.510916,
7.8743041 -1.2030047 -1.8004215,
8.0654572 -1.1871207 -1.7766498,
7.8743041 -0.8286442 -2.0005217,
8.0654572 -0.8177033 -1.9741081,
7.8743041 -0.4224395 -2.1237428,
8.0654572 -0.4168618 -2.0957019,
7.8743041 -6e-07 -2.1653494,
8.0654572 -6e-07 -2.1367591,
7.8743041 0.4224383 -2.123743,
8.0654572 0.4168606 -2.0957021,
7.8743041 0.8286431 -2.0005222,
8.0654572 0.8177021 -1.9741087,
7.8743041 1.2030036 -1.8004224,
8.0654572 1.1871198 -1.7766506,
7.8743041 1.5311331 -1.5311331,
8.0654572 1.5109169 -1.5109169,
7.8743041 1.8004224 -1.2030036,
8.0654572 1.7766506 -1.1871198,
7.8743041 2.0005221 -0.8286431,
8.0654572 1.9741083 -0.8177021,
7.8743041 2.123743 -0.4224386,
8.0654572 2.0957019 -0.4168609,
7.8743041 2.1653496 0.0,
8.0654572 2.1367593 0.0,
7.8743041 2.123743 0.4224387,
8.0654572 2.0957019 0.416861,
7.8743041 2.0005219 0.8286432,
8.0654572 1.9741083 0.8177021,
7.8743041 1.8004224 1.2030035,
8.0654572 1.7766506 1.1871197,
7.8743041 1.5311331 1.531133,
8.0654572 1.5109169 1.5109168,
7.8743041 1.2030037 1.8004222,
8.0654572 1.1871199 1.7766504,
7.8743041 0.8286435 2.0005217,
8.0654572 0.8177024 1.9741079,
7.8743041 0.4224388 2.1237426,
8.0654572 0.4168612 2.0957019,
7.4444673 -0.7507212 1.812409,
7.4444673 -0.3827126 1.9240424,
7.6593857 -0.4156991 2.0898776,
7.6593857 -0.8154265 1.9686222,
7.4444673 1e-07 1.9617359,
7.6593857 1e-07 2.1308199,
7.4444673 -1.0898798 1.6311255,
7.6593857 -1.1838177 1.7717136,
7.4444673 -1.387155 1.3871586,
7.6593857 -1.5067153 1.5067192,
7.4444673 -1.6311225 1.0898842,
7.6593857 -1.7717106 1.1838224,
7.4444673 -1.812407 0.7507259,
7.6593857 -1.96862 0.8154317,
7.4444673 -1.9240413 0.3827177,
7.6593857 -2.0898765 0.4157044,
7.4444673 -1.961736 1.8e-06,
7.6593857 -2.1308202 1.9e-06,
7.4444673 -1.9240421 -0.3827141,
7.6593857 -2.0898774 -0.4157006,
7.4444673 -1.8124085 -0.7507225,
7.6593857 -1.9686216 -0.8154281,
7.4444673 -1.6311246 -1.089881,
7.6593857 -1.7717129 -1.1838191,
7.4444673 -1.3871577 -1.387156,
7.6593857 -1.5067181 -1.5067163,
7.4444673 -1.089883 -1.6311232,
7.6593857 -1.1838213 -1.7717114,
7.4444673 -0.7507247 -1.8124075,
7.6593857 -0.8154304 -1.9686207,
7.4444673 -0.3827164 -1.9240417,
7.6593857 -0.4157032 -2.089877,
7.4444673 -5e-07 -1.961736,
7.6593857 -6e-07 -2.1308202,
7.4444673 0.3827154 -1.9240419,
7.6593857 0.4157019 -2.0898774,
7.4444673 0.7507237 -1.8124081,
7.6593857 0.8154293 -1.9686213,
7.4444673 1.0898822 -1.631124,
7.6593857 1.1838203 -1.7717123,
7.4444673 1.3871569 -1.3871568,
7.6593857 1.5067174 -1.5067173,
7.4444673 1.6311242 -1.0898821,
7.6593857 1.7717121 -1.1838203,
7.4444673 1.8124081 -0.7507237,
7.6593857 1.9686211 -0.8154293,
7.4444673 1.9240421 -0.3827155,
7.6593857 2.0898772 -0.4157022,
7.4444673 1.9617362 1e-07,
7.6593857 2.1308204 1e-07,
7.4444673 1.9240419 0.3827158,
7.6593857 2.0898772 0.4157023,
7.4444673 1.8124079 0.7507238,
7.6593857 1.9686211 0.8154294,
7.4444673 1.6311242 1.0898821,
7.6593857 1.7717121 1.1838201,
7.4444673 1.3871569 1.3871568,
7.6593857 1.5067174 1.5067173,
7.4444673 1.0898823 1.631124,
7.6593857 1.1838204 1.7717121,
7.4444673 0.7507241 1.8124077,
7.6593857 0.8154296 1.9686211,
7.4444673 0.3827158 1.9240419,
7.6593857 0.4157025 2.089877,
8.2566104 -0.3827126 1.9240424,
8.2566104 -0.7507212 1.812409,
8.2566104 1e-07 1.9617359,
8.2566104 -1.0898798 1.6311255,
8.2566104 -1.387155 1.3871586,
8.2566104 -1.6311225 1.0898842,
8.2566104 -1.812407 0.7507259,
8.2566104 -1.9240413 0.3827177,
8.2566104 -1.961736 1.8e-06,
8.2566104 -1.9240421 -0.3827141,
8.2566104 -1.8124085 -0.7507225,
8.2566104 -1.6311246 -1.089881,
8.2566104 -1.3871577 -1.387156,
8.2566104 -1.089883 -1.6311232,
8.2566104 -0.7507247 -1.8124075,
8.2566104 -0.3827164 -1.9240417,
8.2566104 -5e-07 -1.961736,
8.2566104 0.3827154 -1.9240419,
8.2566104 0.7507237 -1.8124081,
8.2566104 1.0898822 -1.631124,
8.2566104 1.3871569 -1.3871568,
8.2566104 1.6311242 -1.0898821,
8.2566104 1.8124081 -0.7507237,
8.2566104 1.9240421 -0.3827156,
8.2566104 1.9617362 1e-07,
8.2566104 1.9240419 0.3827157,
8.2566104 1.8124079 0.7507238,
8.2566104 1.6311242 1.0898821,
8.2566104 1.3871569 1.3871568,
8.2566104 1.0898823 1.631124,
8.2566104 0.7507241 1.8124077,
8.2566104 0.3827158 1.9240419,
4.3307244 -0.7507212 1.812409,
4.3307244 -0.3827126 1.9240424,
4.3307244 1e-07 1.961736,
4.3307244 -1.0898798 1.6311255,
4.3307244 -1.387155 1.3871587,
4.3307244 -1.6311225 1.0898844,
4.3307244 -1.812407 0.7507261,
4.3307244 -1.9240413 0.3827179,
4.3307244 -1.961736 2e-06,
4.3307244 -1.9240421 -0.3827139,
4.3307244 -1.8124085 -0.7507223,
4.3307244 -1.6311246 -1.0898809,
4.3307244 -1.3871577 -1.3871559,
4.3307244 -1.089883 -1.6311232,
4.3307244 -0.7507247 -1.8124074,
4.3307244 -0.3827164 -1.9240415,
4.3307244 -5e-07 -1.961736,
4.3307244 0.3827154 -1.9240419,
4.3307244 0.7507237 -1.8124079,
4.3307244 1.0898822 -1.631124,
4.3307244 1.3871569 -1.3871567,
4.3307244 1.6311242 -1.0898819,
4.3307244 1.8124081 -0.7507235,
4.3307244 1.9240421 -0.3827154,
4.3307244 1.9617362 2e-07,
4.3307244 1.9240419 0.3827159,
4.3307244 1.8124079 0.750724,
4.3307244 1.6311242 1.0898822,
4.3307244 1.3871569 1.3871569,
4.3307244 1.0898823 1.631124,
4.3307244 0.7507241 1.8124079,
4.3307244 0.3827158 1.9240419,
20.8546075 0.4493021 -1.0847159,
20.8546075 0.6522865 -0.9762186,
20.8546075 -0.2290551 -1.1515281,
20.8546075 -1.9e-06 -1.1740878,
20.8546075 -0.8302073 -0.8302052,
20.8546075 -0.6522901 -0.9762181,
20.8546075 0.2290515 1.1515271,
20.8546075 -1.5e-06 1.174087,
20.8546075 -1.0847163 0.4493046,
20.8546075 -1.151529 0.2290538,
20.8546075 -0.2290529 1.1515275,
20.8546075 -0.4493059 -1.0847156,
20.8546075 0.2290513 -1.1515283,
20.8546075 1.084714 -0.4493041,
20.8546075 1.1515263 -0.2290534,
20.8546075 -0.9762188 0.6522887,
20.8546075 0.4493023 1.0847148,
20.8546075 -1.0847171 -0.4493035,
20.8546075 -0.97622 -0.6522878,
20.8546075 0.6522866 0.9762175,
20.8546075 -0.8302058 0.8302058,
20.8546075 -0.4493038 1.0847156,
20.8546075 -1.1515294 -0.2290525,
20.8546075 1.0847139 0.4493033,
20.8546075 0.9762165 0.6522875,
20.8546075 1.1740859 -4e-07,
20.8546075 0.8302037 -0.8302057,
20.8546075 0.9762165 -0.6522885,
20.8546075 -0.6522883 0.9762184,
20.8546075 0.8302037 0.8302047,
20.8546075 1.1515262 0.2290527,
20.8546075 -1.1740889 7e-07,
20.4572768 1.2491101 -0.2484642,
20.4572768 1.2735817 -4e-07,
20.4572768 -0.9005616 -0.9005594,
20.4572768 -0.7075673 -1.058946,
20.4572768 -0.2484636 1.2491115,
20.4572768 -0.4873792 1.1766378,
20.4572768 1.0589442 -0.7075654,
20.4572768 1.176636 -0.4873796,
20.4572768 -1.1766396 -0.4873788,
20.4572768 -1.0589481 -0.7075648,
20.4572768 0.7075634 -1.0589464,
20.4572768 0.9005578 -0.9005599,
20.4572768 0.4873776 1.176637,
20.4572768 0.2484621 1.2491112,
20.4572768 -1.273585 7e-07,
20.4572768 -1.2491136 -0.2484632,
20.4572768 0.2484618 -1.2491124,
20.4572768 0.4873774 -1.1766381,
20.4572768 0.9005578 0.900559,
20.4572768 0.7075634 1.0589454,
20.4572768 -1.1766387 0.48738,
20.4572768 -1.2491132 0.2484646,
20.4572768 1.1766359 0.4873787,
20.4572768 1.0589442 0.7075644,
20.4572768 -0.248466 -1.2491123,
20.4572768 -2.1e-06 -1.2735838,
20.4572768 -0.90056 0.9005601,
20.4572768 -1.0589466 0.7075658,
20.4572768 1.24911 0.2484633,
20.4572768 -0.4873815 -1.1766378,
20.4572768 -0.7075653 1.0589464,
20.4572768 -1.7e-06 1.2735829,
14.1748864 -5e-07 -1.9617366,
14.1648811 -4e-07 -1.7637961,
14.1648811 -0.3441001 -1.7299051,
14.1748864 -0.3827164 -1.9240421,
14.1748864 0.3827158 1.9240413,
14.1648811 0.3440996 1.7299044,
14.1648811 0.6749756 1.6295343,
14.1748864 0.7507241 1.8124074,
13.9765942 -1.089883 -1.6311238,
13.986598 -0.9799131 -1.4665423,
13.986598 -0.674976 -1.6295349,
13.9765942 -0.7507247 -1.8124079,
13.9765942 1.3871569 1.3871564,
13.986598 1.247192 1.2471914,
13.986598 0.9799125 1.466542,
13.9765942 1.0898823 1.6311234,
14.1748864 -1.9240421 -0.3827146,
14.1648811 -1.7299049 -0.3440984,
14.1648811 -1.7637955 1.3e-06,
14.1748864 -1.961736 1.4e-06,
13.9765942 -1.812407 0.7507255,
13.986598 -1.6295339 0.6749768,
13.986598 -1.7299044 0.3441008,
13.9765942 -1.9240413 0.3827172,
14.1748864 1.9617362 -4e-07,
14.1648811 1.7637959 -3e-07,
14.1648811 1.7299049 -0.3440997,
14.1748864 1.9240421 -0.382716,
13.9765942 1.6311242 -1.0898826,
13.986598 1.4665427 -0.9799127,
13.986598 1.6295349 -0.6749755,
13.9765942 1.8124081 -0.7507241,
14.1748864 -0.3827126 1.9240419,
14.1648811 -0.3440967 1.7299049,
14.1648811 1e-07 1.7637951,
14.1748864 1e-07 1.9617357,
14.1748864 0.3827154 -1.9240424,
14.1648811 0.3440992 -1.7299053,
13.986598 -0.3441001 -1.7299051,
13.9765942 -0.3827164 -1.9240421,
13.986598 0.6749756 1.6295343,
13.9765942 0.7507241 1.8124074,
14.1748864 -1.8124085 -0.7507229,
14.1648811 -1.629535 -0.6749744,
14.1748864 1.9240419 0.3827153,
14.1648811 1.7299049 0.344099,
13.986598 -1.7637955 1.3e-06,
13.9765942 -1.961736 1.4e-06,
13.986598 1.7299049 -0.3440997,
13.9765942 1.9240421 -0.382716,
14.1748864 -1.0898798 1.6311249,
14.1648811 -0.9799102 1.4665435,
14.1648811 -0.6749729 1.6295354,
14.1748864 -0.7507212 1.8124085,
14.1748864 0.7507237 -1.8124085,
14.1648811 0.6749752 -1.6295354,
13.9765942 -0.3827126 1.9240419,
13.986598 -0.3440967 1.7299049,
13.986598 -0.6749729 1.6295354,
13.9765942 -0.7507212 1.8124085,
13.986598 -4e-07 -1.7637961,
13.9765942 -5e-07 -1.9617366,
13.986598 0.3440996 1.7299044,
13.9765942 0.3827158 1.9240413,
14.1748864 -1.6311246 -1.0898815,
14.1648811 -1.4665431 -0.9799117,
14.1748864 1.8124079 0.7507234,
14.1648811 1.6295349 0.6749749,
13.986598 -1.7299049 -0.3440984,
13.9765942 -1.9240421 -0.3827145,
13.986598 1.7637959 -3e-07,
13.9765942 1.9617362 -3e-07,
14.1748864 -1.387155 1.3871582,
14.1648811 -1.2471901 1.247193,
14.1748864 1.0898822 -1.6311246,
14.1648811 0.9799124 -1.4665429,
13.9765942 1e-07 1.9617357,
13.986598 1e-07 1.7637951,
13.986598 0.3440992 -1.7299053,
13.9765942 0.3827154 -1.9240424,
14.1748864 -1.3871577 -1.3871565,
14.1648811 -1.2471926 -1.2471915,
13.986598 -0.9799102 1.4665435,
13.986598 -1.2471901 1.247193,
13.986598 -1.4665412 0.9799138,
14.1648811 -1.4665412 0.9799138,
14.1648811 -1.6295339 0.6749768,
14.1648811 -1.7299044 0.3441008,
13.986598 -1.629535 -0.6749744,
13.986598 -1.4665431 -0.9799117,
13.986598 -1.2471926 -1.2471915,
14.1648811 -0.9799131 -1.4665423,
14.1648811 -0.674976 -1.6295349,
13.986598 0.6749752 -1.6295354,
13.986598 0.9799124 -1.4665429,
13.986598 1.247192 -1.2471924,
14.1648811 1.247192 -1.2471924,
14.1648811 1.4665427 -0.9799127,
14.1648811 1.6295349 -0.6749755,
13.986598 1.7299049 0.3440991,
13.986598 1.6295349 0.6749749,
13.986598 1.4665427 0.9799119,
14.1648811 1.4665427 0.9799119,
14.1648811 1.247192 1.2471914,
14.1648811 0.9799125 1.466542,
14.7619848 1.8124079 0.7507234,
14.7522709 1.6360305 0.6776655,
14.7522709 1.7368007 0.3454707,
14.7619848 1.9240419 0.3827153,
14.5623695 -1.6311225 1.0898837,
14.5720835 -1.4723872 0.9838199,
14.5720835 -1.6360296 0.6776674,
14.5623695 -1.812407 0.7507255,
14.5623695 1.3871569 -1.3871573,
14.5720835 1.2521637 -1.252164,
14.5720835 1.4723887 -0.9838189,
14.5623695 1.6311242 -1.0898826,
14.7619848 -1.387155 1.3871582,
14.7522709 -1.2521618 1.2521646,
14.7522709 -0.9838164 1.4723894,
14.7619848 -1.0898798 1.6311249,
14.7619848 1.0898822 -1.6311246,
14.7522709 0.9838186 -1.4723889,
14.7522709 0.6776659 -1.6360311,
14.7619848 0.7507237 -1.8124085,
14.5623695 -1.089883 -1.6311238,
14.5720835 -0.9838192 -1.4723883,
14.5720835 -0.6776666 -1.6360305,
14.5623695 -0.7507247 -1.8124079,
14.5623695 1.3871569 1.3871564,
14.5720835 1.2521637 1.2521631,
14.5720835 0.9838187 1.4723879,
14.5623695 1.0898823 1.6311234,
14.7619848 -1.3871577 -1.3871565,
14.7522709 -1.2521641 -1.2521632,
14.7522709 -1.472389 -0.9838179,
14.7619848 -1.6311246 -1.0898815,
14.7619848 1.6311242 1.0898816,
14.7522709 1.4723887 0.983818,
14.5720835 -1.7368001 0.3454725,
14.5623695 -1.9240413 0.3827172,
14.5720835 1.6360305 -0.6776661,
14.5623695 1.8124081 -0.7507241,
14.7619848 -1.6311225 1.0898837,
14.7522709 -1.4723872 0.9838199,
14.7619848 1.3871569 -1.3871573,
14.7522709 1.2521637 -1.252164,
14.5720835 -0.3454717 -1.7368009,
14.5623695 -0.3827164 -1.9240421,
14.7619848 -1.089883 -1.6311238,
14.7522709 -0.9838192 -1.4723883,
14.5720835 0.6776661 1.63603,
14.5623695 0.7507241 1.8124074,
14.7619848 1.3871569 1.3871564,
14.7522709 1.2521637 1.2521631,
14.5720835 -1.7708264 1.2e-06,
14.5623695 -1.961736 1.4e-06,
14.7619848 -1.812407 0.7507254,
14.7522709 -1.6360296 0.6776674,
14.5720835 1.7368009 -0.3454714,
14.5623695 1.9240421 -0.382716,
14.7619848 1.6311242 -1.0898826,
14.7522709 1.4723887 -0.9838189,
14.5623695 -0.3827126 1.9240419,
14.5720835 -0.3454683 1.7368007,
14.5720835 -0.6776635 1.6360311,
14.5623695 -0.7507212 1.8124085,
14.5720835 -4e-07 -1.770827,
14.5623695 -5e-07 -1.9617366,
14.5720835 0.3454712 1.7368001,
14.5623695 0.3827158 1.9240413,
14.7619848 -0.7507247 -1.8124079,
14.7522709 -0.6776666 -1.6360305,
14.7619848 1.0898823 1.6311234,
14.7522709 0.9838187 1.4723879,
14.5720835 -1.7368007 -0.3454701,
14.5623695 -1.9240421 -0.3827146,
14.5720835 1.7708266 -3e-07,
14.5623695 1.9617362 -4e-07,
14.7619848 -1.9240413 0.3827172,
14.7522709 -1.7368001 0.3454725,
14.7619848 1.8124081 -0.7507242,
14.7522709 1.6360305 -0.6776662,
14.5623695 1e-07 1.9617357,
14.5720835 1e-07 1.770826,
14.5720835 0.3454708 -1.7368011,
14.5623695 0.3827154 -1.9240424,
14.7522709 -0.3454683 1.7368007,
14.7522709 -0.6776635 1.6360311,
14.7522709 1e-07 1.770826,
14.5720835 -0.9838164 1.4723894,
14.5720835 -1.2521618 1.2521646,
14.7522709 -1.7708264 1.2e-06,
14.7522709 -1.7368007 -0.3454701,
14.5720835 -1.6360309 -0.6776651,
14.7522709 -1.6360309 -0.6776651,
14.5720835 -1.472389 -0.9838179,
14.5720835 -1.2521641 -1.2521632,
14.7522709 -0.3454717 -1.7368009,
14.7522709 -4e-07 -1.770827,
14.7522709 0.3454708 -1.7368011,
14.5720835 0.6776659 -1.6360311,
14.5720835 0.9838186 -1.4723889,
14.7522709 1.7368009 -0.3454714,
14.7522709 1.7708266 -3e-07,
14.5720835 1.7368007 0.3454707,
14.5720835 1.6360305 0.6776655,
14.5720835 1.4723887 0.983818,
14.7522709 0.6776661 1.63603,
14.7522709 0.3454712 1.7368001,
14.5623695 -1.0898798 1.6311249,
14.5623695 -1.387155 1.3871582,
14.1748864 -1.6311225 1.0898837,
14.1748864 -1.812407 0.7507255,
14.1748864 -1.9240413 0.3827172,
14.5623695 -1.8124085 -0.7507229,
14.5623695 -1.6311246 -1.0898815,
14.5623695 -1.3871577 -1.3871565,
14.1748864 -1.089883 -1.6311238,
14.1748864 -0.7507247 -1.8124079,
14.5623695 0.7507237 -1.8124085,
14.5623695 1.0898822 -1.6311246,
14.1748864 1.3871569 -1.3871573,
14.1748864 1.6311242 -1.0898826,
14.1748864 1.8124081 -0.7507241,
14.5623695 1.9240419 0.3827153,
14.5623695 1.8124079 0.7507234,
14.1748864 1.6311242 1.0898816,
14.5623695 1.6311242 1.0898816,
14.1748864 1.3871569 1.3871564,
14.1748864 1.0898823 1.6311234,
13.9765942 1.3871569 -1.3871573,
13.9765942 -1.6311225 1.0898837,
13.9765942 1.6311242 1.0898816,
13.9765942 -1.3871577 -1.3871565,
13.9765942 1.0898822 -1.6311246,
13.9765942 -1.387155 1.3871582,
13.9765942 1.8124079 0.7507234,
13.9765942 -1.6311246 -1.0898815,
13.9765942 0.7507237 -1.8124085,
13.9765942 -1.0898798 1.6311249,
13.9765942 1.9240419 0.3827153,
13.9765942 -1.8124085 -0.7507229,
14.7619848 -1.8124085 -0.7507229,
14.7619848 0.3827154 -1.9240424,
14.7619848 -0.7507212 1.8124085,
14.7619848 1.9617362 -4e-07,
14.7619848 -1.9240421 -0.3827146,
14.7619848 1e-07 1.9617357,
14.7619848 0.3827158 1.9240413,
14.7619848 -5e-07 -1.9617366,
14.7619848 -0.3827126 1.9240419,
14.7619848 1.9240421 -0.382716,
14.7619848 -1.961736 1.4e-06,
14.7619848 0.7507241 1.8124074,
14.7619848 -0.3827164 -1.9240421,
3.7401473 1e-07 2.1344429,
3.7401473 0.4164093 2.0934304,
3.9370034 0.4224406 2.123752,
3.9370034 1e-07 2.1653586,
3.7401473 0.816816 1.971968,
3.9370034 0.8286471 2.0005305,
3.7401473 1.1858332 1.7747246,
3.9370034 1.2030089 1.8004299,
3.7401473 1.5092792 1.5092792,
3.9370034 1.5311399 1.5311399,
3.7401473 1.7747248 1.1858331,
3.9370034 1.8004301 1.2030087,
3.7401473 1.971968 0.816816,
3.9370034 2.0005303 0.8286469,
3.7401473 2.0934302 0.4164094,
3.9370034 2.1237522 0.4224407,
3.7401473 2.1344427 2e-07,
3.9370034 2.1653585 2e-07,
3.7401473 2.0934304 -0.4164089,
3.9370034 2.1237522 -0.4224402,
3.7401473 1.9719681 -0.8168156,
3.9370034 2.0005305 -0.8286465,
3.7401473 1.7747248 -1.1858329,
3.9370034 1.8004301 -1.2030086,
3.7401473 1.5092792 -1.5092792,
3.9370034 1.5311399 -1.5311397,
3.7401473 1.1858331 -1.7747244,
3.9370034 1.2030087 -1.8004299,
3.7401473 0.8168157 -1.971968,
3.9370034 0.8286467 -2.0005305,
3.7401473 0.4164087 -2.0934304,
3.9370034 0.4224401 -2.1237522,
3.7401473 -6e-07 -2.1344429,
3.9370034 -6e-07 -2.1653586,
3.7401473 -0.4164099 -2.0934298,
3.9370034 -0.4224413 -2.1237518,
3.7401473 -0.8168168 -1.9719676,
3.9370034 -0.8286477 -2.0005299,
3.7401473 -1.185834 -1.7747237,
3.9370034 -1.2030098 -1.8004292,
3.7401473 -1.5092801 -1.5092782,
3.9370034 -1.5311408 -1.5311389,
3.7401473 -1.7747254 -1.1858319,
3.9370034 -1.8004307 -1.2030075,
3.7401473 -1.9719689 -0.8168144,
3.9370034 -2.0005312 -0.8286452,
3.7401473 -2.0934308 -0.4164073,
3.9370034 -2.1237525 -0.4224386,
3.7401473 -2.1344427 2.1e-06,
3.9370034 -2.1653585 2.1e-06,
3.7401473 -2.0934298 0.4164115,
3.9370034 -2.1237516 0.4224428,
3.7401473 -1.971967 0.8168182,
3.9370034 -2.0005294 0.8286492,
3.7401473 -1.7747231 1.1858353,
3.9370034 -1.8004284 1.2030112,
3.7401473 -1.5092773 1.5092811,
3.9370034 -1.5311378 1.5311419,
3.7401473 -1.1858306 1.7747261,
3.9370034 -1.2030063 1.8004316,
3.7401473 -0.816813 1.9719693,
3.9370034 -0.8286439 2.0005316,
3.7401473 -0.4164059 2.0934308,
3.9370034 -0.4224372 2.1237527,
0.3937042 -0.7507212 1.8124092,
0.3937042 -0.3827126 1.9240426,
3.5432913 -0.3827126 1.9240424,
3.5432913 -0.7507212 1.812409,
0.3937042 1e-07 1.9617364,
3.5432913 1e-07 1.961736,
0.3937042 -1.0898798 1.6311257,
3.5432913 -1.0898798 1.6311255,
0.3937042 -1.387155 1.3871588,
3.5432913 -1.387155 1.3871587,
0.3937042 -1.6311225 1.0898844,
3.5432913 -1.6311225 1.0898844,
0.3937042 -1.812407 0.7507262,
3.5432913 -1.812407 0.7507261,
0.3937042 -1.9240413 0.382718,
3.5432913 -1.9240413 0.3827179,
0.3937042 -1.961736 2.1e-06,
3.5432913 -1.961736 2e-06,
0.3937042 -1.9240421 -0.3827138,
3.5432913 -1.9240421 -0.3827139,
0.3937042 -1.8124085 -0.7507222,
3.5432913 -1.8124085 -0.7507223,
0.3937042 -1.6311246 -1.0898808,
3.5432913 -1.6311246 -1.0898809,
0.3937042 -1.3871577 -1.3871558,
3.5432913 -1.3871577 -1.3871559,
0.3937042 -1.089883 -1.6311231,
3.5432913 -1.089883 -1.6311232,
0.3937042 -0.7507247 -1.8124072,
3.5432913 -0.7507247 -1.8124074,
0.3937042 -0.3827164 -1.9240415,
3.5432913 -0.3827164 -1.9240415,
0.3937042 -5e-07 -1.9617359,
3.5432913 -5e-07 -1.961736,
0.3937042 0.3827154 -1.9240417,
3.5432913 0.3827154 -1.9240419,
0.3937042 0.7507237 -1.8124077,
3.5432913 0.7507237 -1.8124079,
0.3937042 1.0898822 -1.6311238,
3.5432913 1.0898822 -1.631124,
0.3937042 1.3871569 -1.3871567,
3.5432913 1.3871569 -1.3871567,
0.3937042 1.6311242 -1.0898818,
3.5432913 1.6311242 -1.0898819,
0.3937042 1.8124081 -0.7507234,
3.5432913 1.8124081 -0.7507235,
0.3937042 1.9240421 -0.3827153,
3.5432913 1.9240421 -0.3827154,
0.3937042 1.9617362 4e-07,
3.5432913 1.9617362 2e-07,
0.3937042 1.9240419 0.382716,
3.5432913 1.9240419 0.3827159,
0.3937042 1.8124079 0.7507242,
3.5432913 1.8124079 0.750724,
0.3937042 1.6311242 1.0898823,
3.5432913 1.6311242 1.0898822,
0.3937042 1.3871569 1.387157,
3.5432913 1.3871569 1.3871569,
0.3937042 1.0898823 1.6311242,
3.5432913 1.0898823 1.631124,
0.3937042 0.7507241 1.8124081,
3.5432913 0.7507241 1.8124079,
0.3937042 0.3827158 1.9240421,
3.5432913 0.3827158 1.9240419,
4.1338635 1e-07 2.1344679,
4.1338635 0.4164141 2.0934548,
4.1338635 0.8168256 1.971991,
4.1338635 1.185847 1.7747453,
4.1338635 1.5092967 1.5092967,
4.1338635 1.7747455 1.1858467,
4.1338635 1.9719912 0.8168254,
4.1338635 2.0934546 0.4164142,
4.1338635 2.1344679 2e-07,
4.1338635 2.0934548 -0.4164137,
4.1338635 1.9719914 -0.8168251,
4.1338635 1.7747455 -1.1858467,
4.1338635 1.5092967 -1.5092967,
4.1338635 1.1858469 -1.7747453,
4.1338635 0.8168252 -1.9719912,
4.1338635 0.4164136 -2.0934548,
4.1338635 -6e-07 -2.1344677,
4.1338635 -0.4164149 -2.0934542,
4.1338635 -0.8168264 -1.9719909,
4.1338635 -1.1858478 -1.7747445,
4.1338635 -1.5092976 -1.5092957,
4.1338635 -1.774746 -1.1858456,
4.1338635 -1.9719918 -0.8168238,
4.1338635 -2.0934552 -0.4164121,
4.1338635 -2.1344675 2.1e-06,
4.1338635 -2.0934542 0.4164163,
4.1338635 -1.9719903 0.8168278,
4.1338635 -1.7747438 1.1858491,
4.1338635 -1.5092947 1.5092987,
4.1338635 -1.1858443 1.774747,
4.1338635 -0.8168226 1.9719922,
4.1338635 -0.4164107 2.0934552,
0.1968521 1e-07 2.1344707,
0.1968521 0.4164147 2.0934576,
0.1968521 0.8168267 1.9719939,
0.1968521 1.1858485 1.7747477,
0.1968521 1.5092987 1.5092989,
0.1968521 1.7747477 1.1858485,
0.1968521 1.9719937 0.8168268,
0.1968521 2.0934574 0.4164148,
0.1968521 2.1344707 3e-07,
0.1968521 2.0934576 -0.4164142,
0.1968521 1.971994 -0.8168261,
0.1968521 1.7747477 -1.1858481,
0.1968521 1.5092987 -1.5092985,
0.1968521 1.1858484 -1.7747475,
0.1968521 0.8168264 -1.971994,
0.1968521 0.4164141 -2.0934576,
0.1968521 -6e-07 -2.1344705,
0.1968521 -0.4164153 -2.0934574,
0.1968521 -0.8168275 -1.9719935,
0.1968521 -1.1858494 -1.7747468,
0.1968521 -1.5092996 -1.5092976,
0.1968521 -1.7747483 -1.1858471,
0.1968521 -1.9719946 -0.8168249,
0.1968521 -2.093458 -0.4164126,
0.1968521 -2.1344707 2.2e-06,
0.1968521 -2.0934572 0.416417,
0.1968521 -1.9719931 0.816829,
0.1968521 -1.774746 1.1858508,
0.1968521 -1.5092966 1.5093007,
0.1968521 -1.185846 1.7747494,
0.1968521 -0.8168236 1.9719954,
0.1968521 -0.4164113 2.0934582,
17.9047292 1.2491119 0.2484633,
17.9047292 1.1766377 0.4873787,
17.9047292 -0.4873796 -1.1766378,
17.9047292 -0.2484641 -1.2491123,
17.9047292 -0.7075634 1.0589464,
17.9047292 -0.9005581 0.9005601,
17.9047292 1.249112 -0.2484642,
17.9047292 1.2735836 -4e-07,
17.9047292 -0.9005598 -0.9005594,
17.9047292 -0.7075654 -1.058946,
17.9047292 -0.2484617 1.2491115,
17.9047292 -0.4873773 1.1766378,
17.9047292 1.0589461 -0.7075654,
17.9047292 1.1766378 -0.4873796,
17.9047292 -1.1766377 -0.4873788,
17.9047292 -1.0589463 -0.7075648,
17.9047292 0.7075652 -1.0589464,
17.9047292 0.9005596 -0.9005599,
17.9047292 0.4873795 1.176637,
17.9047292 0.248464 1.2491112,
17.9047292 -1.2735831 7e-07,
17.9047292 -1.2491117 -0.2484632,
17.9047292 0.2484637 -1.2491124,
17.9047292 0.4873792 -1.1766381,
17.9047292 0.9005596 0.900559,
17.9047292 0.7075653 1.0589454,
17.9047292 -1.1766368 0.48738,
17.9047292 -1.2491114 0.2484646,
17.9047292 1.0589461 0.7075644,
17.9047292 -2e-07 -1.2735838,
17.9047292 -1.0589448 0.7075658,
17.9047292 2e-07 1.2735829,
17.9047292 -5e-07 -1.9617368,
17.9047292 0.3827154 -1.9240426,
17.9047292 1.6311242 1.0898813,
17.9047292 1.3871569 1.3871561,
17.9047292 -1.6311225 1.0898835,
17.9047292 -1.812407 0.7507252,
17.9047292 1.0898822 -1.6311248,
17.9047292 1.3871569 -1.3871576,
17.9047292 0.7507241 1.8124072,
17.9047292 0.3827158 1.9240411,
17.9047292 -1.961736 1.2e-06,
17.9047292 -1.9240421 -0.3827147,
17.9047292 1.8124081 -0.7507243,
17.9047292 1.9240421 -0.3827162,
17.9047292 -1.6311246 -1.0898817,
17.9047292 -1.3871577 -1.3871567,
17.9047292 1e-07 1.9617355,
17.9047292 -0.3827126 1.9240417,
17.9047292 1.9240419 0.3827151,
17.9047292 1.8124079 0.7507232,
17.9047292 -0.7507247 -1.8124081,
17.9047292 -0.3827164 -1.9240424,
17.9047292 -1.0898798 1.6311248,
17.9047292 -1.387155 1.3871579,
17.9047292 0.7507237 -1.8124089,
17.9047292 1.0898823 1.6311232,
17.9047292 -1.9240413 0.3827171,
17.9047292 1.6311242 -1.0898828,
17.9047292 -1.8124085 -0.7507231,
17.9047292 1.9617362 -6e-07,
17.9047292 -1.089883 -1.631124,
17.9047292 -0.7507212 1.8124083
] } coordIndex [
0 1 2 -1,
0 2 3 -1,
4 5 6 -1,
4 6 7 -1,
8 9 10 -1,
8 10 11 -1,
12 13 14 -1,
12 14 15 -1,
16 17 18 -1,
16 18 19 -1,
20 21 22 -1,
20 22 23 -1,
24 8 11 -1,
24 11 25 -1,
26 27 28 -1,
26 28 29 -1,
30 31 32 -1,
30 32 33 -1,
34 35 36 -1,
34 36 37 -1,
38 16 19 -1,
38 19 39 -1,
40 12 15 -1,
40 15 41 -1,
9 42 43 -1,
9 43 10 -1,
44 26 29 -1,
44 29 45 -1,
46 24 25 -1,
46 25 47 -1,
21 38 39 -1,
21 39 22 -1,
27 40 41 -1,
27 41 28 -1,
48 34 37 -1,
48 37 49 -1,
50 46 47 -1,
50 47 51 -1,
31 44 45 -1,
31 45 32 -1,
35 52 53 -1,
35 53 36 -1,
54 48 49 -1,
54 49 55 -1,
56 0 3 -1,
56 3 57 -1,
42 4 7 -1,
42 7 43 -1,
58 59 60 -1,
58 60 61 -1,
62 50 51 -1,
62 51 63 -1,
59 20 23 -1,
59 23 60 -1,
5 56 57 -1,
5 57 6 -1,
1 54 55 -1,
1 55 2 -1,
52 30 33 -1,
52 33 53 -1,
17 62 63 -1,
17 63 18 -1,
39 19 18 -1,
18 63 51 -1,
51 47 25 -1,
25 11 10 -1,
10 43 7 -1,
7 6 57 -1,
57 3 2 -1,
2 55 49 -1,
49 37 36 -1,
36 53 33 -1,
33 32 45 -1,
45 29 28 -1,
28 41 15 -1,
15 14 61 -1,
61 60 23 -1,
23 22 39 -1,
39 18 51 -1,
51 25 10 -1,
10 7 57 -1,
57 2 49 -1,
49 36 33 -1,
33 45 28 -1,
28 15 61 -1,
61 23 39 -1,
39 51 10 -1,
10 57 49 -1,
49 33 28 -1,
28 61 39 -1,
39 10 49 -1,
49 28 39 -1,
13 58 61 -1,
13 61 14 -1,
64 65 66 -1,
64 66 67 -1,
67 66 68 -1,
67 68 69 -1,
70 71 65 -1,
70 65 64 -1,
72 73 71 -1,
72 71 70 -1,
74 75 73 -1,
74 73 72 -1,
76 77 75 -1,
76 75 74 -1,
78 79 77 -1,
78 77 76 -1,
80 81 79 -1,
80 79 78 -1,
82 83 81 -1,
82 81 80 -1,
84 85 83 -1,
84 83 82 -1,
86 87 85 -1,
86 85 84 -1,
88 89 87 -1,
88 87 86 -1,
90 91 89 -1,
90 89 88 -1,
92 93 91 -1,
92 91 90 -1,
94 95 93 -1,
94 93 92 -1,
96 97 95 -1,
96 95 94 -1,
98 99 97 -1,
98 97 96 -1,
100 101 99 -1,
100 99 98 -1,
102 103 101 -1,
102 101 100 -1,
104 105 103 -1,
104 103 102 -1,
106 107 105 -1,
106 105 104 -1,
108 109 107 -1,
108 107 106 -1,
110 111 109 -1,
110 109 108 -1,
112 113 111 -1,
112 111 110 -1,
114 115 113 -1,
114 113 112 -1,
116 117 115 -1,
116 115 114 -1,
118 119 117 -1,
118 117 116 -1,
120 121 119 -1,
120 119 118 -1,
122 123 121 -1,
122 121 120 -1,
124 125 123 -1,
124 123 122 -1,
126 127 125 -1,
126 125 124 -1,
69 68 127 -1,
69 127 126 -1,
128 129 130 -1,
128 130 131 -1,
131 130 132 -1,
131 132 133 -1,
134 135 129 -1,
134 129 128 -1,
136 137 135 -1,
136 135 134 -1,
138 139 137 -1,
138 137 136 -1,
140 141 139 -1,
140 139 138 -1,
142 143 141 -1,
142 141 140 -1,
144 145 143 -1,
144 143 142 -1,
146 147 145 -1,
146 145 144 -1,
148 149 147 -1,
148 147 146 -1,
150 151 149 -1,
150 149 148 -1,
152 153 151 -1,
152 151 150 -1,
154 155 153 -1,
154 153 152 -1,
156 157 155 -1,
156 155 154 -1,
158 159 157 -1,
158 157 156 -1,
160 161 159 -1,
160 159 158 -1,
162 163 161 -1,
162 161 160 -1,
164 165 163 -1,
164 163 162 -1,
166 167 165 -1,
166 165 164 -1,
168 169 167 -1,
168 167 166 -1,
170 171 169 -1,
170 169 168 -1,
172 173 171 -1,
172 171 170 -1,
174 175 173 -1,
174 173 172 -1,
176 177 175 -1,
176 175 174 -1,
178 179 177 -1,
178 177 176 -1,
180 181 179 -1,
180 179 178 -1,
182 183 181 -1,
182 181 180 -1,
184 185 183 -1,
184 183 182 -1,
186 187 185 -1,
186 185 184 -1,
188 189 187 -1,
188 187 186 -1,
190 191 189 -1,
190 189 188 -1,
133 132 191 -1,
133 191 190 -1,
65 192 193 -1,
65 193 66 -1,
66 193 194 -1,
66 194 68 -1,
71 195 192 -1,
71 192 65 -1,
73 196 195 -1,
73 195 71 -1,
75 197 196 -1,
75 196 73 -1,
77 198 197 -1,
77 197 75 -1,
79 199 198 -1,
79 198 77 -1,
81 200 199 -1,
81 199 79 -1,
83 201 200 -1,
83 200 81 -1,
85 202 201 -1,
85 201 83 -1,
87 203 202 -1,
87 202 85 -1,
89 204 203 -1,
89 203 87 -1,
91 205 204 -1,
91 204 89 -1,
93 206 205 -1,
93 205 91 -1,
95 207 206 -1,
95 206 93 -1,
97 208 207 -1,
97 207 95 -1,
99 209 208 -1,
99 208 97 -1,
101 210 209 -1,
101 209 99 -1,
103 211 210 -1,
103 210 101 -1,
105 212 211 -1,
105 211 103 -1,
107 213 212 -1,
107 212 105 -1,
109 214 213 -1,
109 213 107 -1,
111 215 214 -1,
111 214 109 -1,
113 216 215 -1,
113 215 111 -1,
115 217 216 -1,
115 216 113 -1,
117 218 217 -1,
117 217 115 -1,
119 219 218 -1,
119 218 117 -1,
121 220 219 -1,
121 219 119 -1,
123 221 220 -1,
123 220 121 -1,
125 222 221 -1,
125 221 123 -1,
127 223 222 -1,
127 222 125 -1,
68 194 223 -1,
68 223 127 -1,
224 128 131 -1,
224 131 225 -1,
225 131 133 -1,
225 133 226 -1,
227 134 128 -1,
227 128 224 -1,
228 136 134 -1,
228 134 227 -1,
229 138 136 -1,
229 136 228 -1,
230 140 138 -1,
230 138 229 -1,
231 142 140 -1,
231 140 230 -1,
232 144 142 -1,
232 142 231 -1,
233 146 144 -1,
233 144 232 -1,
234 148 146 -1,
234 146 233 -1,
235 150 148 -1,
235 148 234 -1,
236 152 150 -1,
236 150 235 -1,
237 154 152 -1,
237 152 236 -1,
238 156 154 -1,
238 154 237 -1,
239 158 156 -1,
239 156 238 -1,
240 160 158 -1,
240 158 239 -1,
241 162 160 -1,
241 160 240 -1,
242 164 162 -1,
242 162 241 -1,
243 166 164 -1,
243 164 242 -1,
244 168 166 -1,
244 166 243 -1,
245 170 168 -1,
245 168 244 -1,
246 172 170 -1,
246 170 245 -1,
247 174 172 -1,
247 172 246 -1,
248 176 174 -1,
248 174 247 -1,
249 178 176 -1,
249 176 248 -1,
250 180 178 -1,
250 178 249 -1,
251 182 180 -1,
251 180 250 -1,
252 184 182 -1,
252 182 251 -1,
253 186 184 -1,
253 184 252 -1,
254 188 186 -1,
254 186 253 -1,
255 190 188 -1,
255 188 254 -1,
226 133 190 -1,
226 190 255 -1,
129 64 67 -1,
129 67 130 -1,
130 67 69 -1,
130 69 132 -1,
135 70 64 -1,
135 64 129 -1,
137 72 70 -1,
137 70 135 -1,
139 74 72 -1,
139 72 137 -1,
141 76 74 -1,
141 74 139 -1,
143 78 76 -1,
143 76 141 -1,
145 80 78 -1,
145 78 143 -1,
147 82 80 -1,
147 80 145 -1,
149 84 82 -1,
149 82 147 -1,
151 86 84 -1,
151 84 149 -1,
153 88 86 -1,
153 86 151 -1,
155 90 88 -1,
155 88 153 -1,
157 92 90 -1,
157 90 155 -1,
159 94 92 -1,
159 92 157 -1,
161 96 94 -1,
161 94 159 -1,
163 98 96 -1,
163 96 161 -1,
165 100 98 -1,
165 98 163 -1,
167 102 100 -1,
167 100 165 -1,
169 104 102 -1,
169 102 167 -1,
171 106 104 -1,
171 104 169 -1,
173 108 106 -1,
173 106 171 -1,
175 110 108 -1,
175 108 173 -1,
177 112 110 -1,
177 110 175 -1,
179 114 112 -1,
179 112 177 -1,
181 116 114 -1,
181 114 179 -1,
183 118 116 -1,
183 116 181 -1,
185 120 118 -1,
185 118 183 -1,
187 122 120 -1,
187 120 185 -1,
189 124 122 -1,
189 122 187 -1,
191 126 124 -1,
191 124 189 -1,
132 69 126 -1,
132 126 191 -1,
256 257 48 -1,
256 48 54 -1,
258 259 0 -1,
258 0 56 -1,
260 261 4 -1,
260 4 42 -1,
262 263 59 -1,
262 59 58 -1,
264 265 50 -1,
264 50 62 -1,
263 266 20 -1,
263 20 59 -1,
267 258 56 -1,
267 56 5 -1,
268 256 54 -1,
268 54 1 -1,
269 270 30 -1,
269 30 52 -1,
271 264 62 -1,
271 62 17 -1,
272 262 58 -1,
272 58 13 -1,
259 268 1 -1,
259 1 0 -1,
261 267 5 -1,
261 5 4 -1,
273 274 9 -1,
273 9 8 -1,
275 272 13 -1,
275 13 12 -1,
276 271 17 -1,
276 17 16 -1,
266 277 21 -1,
266 21 20 -1,
278 273 8 -1,
278 8 24 -1,
279 280 27 -1,
279 27 26 -1,
270 281 31 -1,
270 31 30 -1,
282 283 35 -1,
282 35 34 -1,
284 276 16 -1,
284 16 38 -1,
285 275 12 -1,
285 12 40 -1,
274 260 42 -1,
274 42 9 -1,
286 279 26 -1,
286 26 44 -1,
287 278 24 -1,
287 24 46 -1,
277 284 38 -1,
277 38 21 -1,
280 285 40 -1,
280 40 27 -1,
257 282 34 -1,
257 34 48 -1,
265 287 46 -1,
265 46 50 -1,
281 286 44 -1,
281 44 31 -1,
283 269 52 -1,
283 52 35 -1,
288 289 281 -1,
288 281 270 -1,
290 291 261 -1,
290 261 260 -1,
292 293 277 -1,
292 277 266 -1,
294 295 269 -1,
294 269 283 -1,
296 297 274 -1,
296 274 273 -1,
298 299 282 -1,
298 282 257 -1,
300 301 262 -1,
300 262 272 -1,
302 303 278 -1,
302 278 287 -1,
304 305 256 -1,
304 256 268 -1,
306 307 275 -1,
306 275 285 -1,
308 309 265 -1,
308 265 264 -1,
310 311 280 -1,
310 280 279 -1,
312 313 259 -1,
312 259 258 -1,
314 315 271 -1,
314 271 276 -1,
289 316 286 -1,
289 286 281 -1,
291 317 267 -1,
291 267 261 -1,
293 318 284 -1,
293 284 277 -1,
295 288 270 -1,
295 270 269 -1,
297 290 260 -1,
297 260 274 -1,
319 292 266 -1,
319 266 263 -1,
299 294 283 -1,
299 283 282 -1,
301 319 263 -1,
301 263 262 -1,
303 296 273 -1,
303 273 278 -1,
305 298 257 -1,
305 257 256 -1,
307 300 272 -1,
307 272 275 -1,
309 302 287 -1,
309 287 265 -1,
313 304 268 -1,
313 268 259 -1,
311 306 285 -1,
311 285 280 -1,
315 308 264 -1,
315 264 271 -1,
316 310 279 -1,
316 279 286 -1,
317 312 258 -1,
317 258 267 -1,
318 314 276 -1,
318 276 284 -1,
320 321 322 -1,
320 322 323 -1,
324 325 326 -1,
324 326 327 -1,
328 329 330 -1,
328 330 331 -1,
332 333 334 -1,
332 334 335 -1,
336 337 338 -1,
336 338 339 -1,
340 341 342 -1,
340 342 343 -1,
344 345 346 -1,
344 346 347 -1,
348 349 350 -1,
348 350 351 -1,
352 353 354 -1,
352 354 355 -1,
356 320 323 -1,
356 323 357 -1,
353 324 327 -1,
353 327 354 -1,
329 358 359 -1,
329 359 330 -1,
333 360 361 -1,
333 361 334 -1,
362 336 339 -1,
362 339 363 -1,
364 344 347 -1,
364 347 365 -1,
341 366 367 -1,
341 367 342 -1,
349 368 369 -1,
349 369 350 -1,
370 371 372 -1,
370 372 373 -1,
374 356 357 -1,
374 357 375 -1,
376 377 378 -1,
376 378 379 -1,
358 380 381 -1,
358 381 359 -1,
360 382 383 -1,
360 383 361 -1,
384 362 363 -1,
384 363 385 -1,
386 364 365 -1,
386 365 387 -1,
366 388 389 -1,
366 389 367 -1,
368 390 391 -1,
368 391 369 -1,
392 370 373 -1,
392 373 393 -1,
394 374 375 -1,
394 375 395 -1,
396 376 379 -1,
396 379 397 -1,
380 398 399 -1,
380 399 381 -1,
382 396 397 -1,
382 397 383 -1,
400 384 385 -1,
400 385 401 -1,
378 372 355 -1,
378 355 379 -1,
379 355 354 -1,
379 354 397 -1,
402 373 372 -1,
402 372 378 -1,
403 393 373 -1,
403 373 402 -1,
404 405 393 -1,
404 393 403 -1,
343 406 405 -1,
343 405 404 -1,
342 407 406 -1,
342 406 343 -1,
367 338 407 -1,
367 407 342 -1,
389 339 338 -1,
389 338 367 -1,
408 363 339 -1,
408 339 389 -1,
409 385 363 -1,
409 363 408 -1,
410 401 385 -1,
410 385 409 -1,
331 411 401 -1,
331 401 410 -1,
330 412 411 -1,
330 411 331 -1,
359 322 412 -1,
359 412 330 -1,
381 323 322 -1,
381 322 359 -1,
399 357 323 -1,
399 323 381 -1,
413 375 357 -1,
413 357 399 -1,
414 395 375 -1,
414 375 413 -1,
415 416 395 -1,
415 395 414 -1,
351 417 416 -1,
351 416 415 -1,
350 418 417 -1,
350 417 351 -1,
369 346 418 -1,
369 418 350 -1,
391 347 346 -1,
391 346 369 -1,
419 365 347 -1,
419 347 391 -1,
420 387 365 -1,
420 365 419 -1,
421 422 387 -1,
421 387 420 -1,
335 423 422 -1,
335 422 421 -1,
334 424 423 -1,
334 423 335 -1,
361 326 424 -1,
361 424 334 -1,
383 327 326 -1,
383 326 361 -1,
397 354 327 -1,
397 327 383 -1,
425 426 427 -1,
425 427 428 -1,
429 430 431 -1,
429 431 432 -1,
433 434 435 -1,
433 435 436 -1,
437 438 439 -1,
437 439 440 -1,
441 442 443 -1,
441 443 444 -1,
445 446 447 -1,
445 447 448 -1,
449 450 451 -1,
449 451 452 -1,
453 454 455 -1,
453 455 456 -1,
457 425 428 -1,
457 428 458 -1,
430 459 460 -1,
430 460 431 -1,
434 461 462 -1,
434 462 435 -1,
463 437 440 -1,
463 440 464 -1,
465 441 444 -1,
465 444 466 -1,
446 467 468 -1,
446 468 447 -1,
469 453 456 -1,
469 456 470 -1,
450 471 472 -1,
450 472 451 -1,
473 457 458 -1,
473 458 474 -1,
459 475 476 -1,
459 476 460 -1,
477 463 464 -1,
477 464 478 -1,
461 479 480 -1,
461 480 462 -1,
481 465 466 -1,
481 466 482 -1,
483 484 485 -1,
483 485 486 -1,
467 487 488 -1,
467 488 468 -1,
471 489 490 -1,
471 490 472 -1,
491 469 470 -1,
491 470 492 -1,
493 473 474 -1,
493 474 494 -1,
475 495 496 -1,
475 496 476 -1,
479 497 498 -1,
479 498 480 -1,
499 477 478 -1,
499 478 500 -1,
501 481 482 -1,
501 482 502 -1,
503 483 486 -1,
503 486 504 -1,
487 505 506 -1,
487 506 488 -1,
485 507 508 -1,
485 508 486 -1,
486 508 509 -1,
486 509 504 -1,
510 439 507 -1,
510 507 485 -1,
511 440 439 -1,
511 439 510 -1,
432 464 440 -1,
432 440 511 -1,
431 478 464 -1,
431 464 432 -1,
460 500 478 -1,
460 478 431 -1,
476 512 500 -1,
476 500 460 -1,
496 513 512 -1,
496 512 476 -1,
514 515 513 -1,
514 513 496 -1,
516 455 515 -1,
516 515 514 -1,
517 456 455 -1,
517 455 516 -1,
448 470 456 -1,
448 456 517 -1,
447 492 470 -1,
447 470 448 -1,
468 518 492 -1,
468 492 447 -1,
488 519 518 -1,
488 518 468 -1,
506 520 519 -1,
506 519 488 -1,
521 443 520 -1,
521 520 506 -1,
522 444 443 -1,
522 443 521 -1,
436 466 444 -1,
436 444 522 -1,
435 482 466 -1,
435 466 436 -1,
462 502 482 -1,
462 482 435 -1,
480 523 502 -1,
480 502 462 -1,
498 524 523 -1,
498 523 480 -1,
525 427 524 -1,
525 524 498 -1,
526 428 427 -1,
526 427 525 -1,
527 458 428 -1,
527 428 526 -1,
452 474 458 -1,
452 458 527 -1,
451 494 474 -1,
451 474 452 -1,
472 528 494 -1,
472 494 451 -1,
490 529 528 -1,
490 528 472 -1,
504 509 529 -1,
504 529 490 -1,
371 484 483 -1,
371 483 352 -1,
352 483 503 -1,
352 503 353 -1,
370 530 484 -1,
370 484 371 -1,
392 531 530 -1,
392 530 370 -1,
532 429 531 -1,
532 531 392 -1,
533 430 429 -1,
533 429 532 -1,
534 459 430 -1,
534 430 533 -1,
337 475 459 -1,
337 459 534 -1,
336 495 475 -1,
336 475 337 -1,
362 535 495 -1,
362 495 336 -1,
384 536 535 -1,
384 535 362 -1,
400 537 536 -1,
400 536 384 -1,
538 445 537 -1,
538 537 400 -1,
539 446 445 -1,
539 445 538 -1,
321 467 446 -1,
321 446 539 -1,
320 487 467 -1,
320 467 321 -1,
356 505 487 -1,
356 487 320 -1,
374 540 505 -1,
374 505 356 -1,
394 541 540 -1,
394 540 374 -1,
542 433 541 -1,
542 541 394 -1,
543 434 433 -1,
543 433 542 -1,
544 461 434 -1,
544 434 543 -1,
345 479 461 -1,
345 461 544 -1,
344 497 479 -1,
344 479 345 -1,
364 545 497 -1,
364 497 344 -1,
386 546 545 -1,
386 545 364 -1,
547 548 546 -1,
547 546 386 -1,
549 449 548 -1,
549 548 547 -1,
550 450 449 -1,
550 449 549 -1,
325 471 450 -1,
325 450 550 -1,
324 489 471 -1,
324 471 325 -1,
353 503 489 -1,
353 489 324 -1,
371 352 355 -1,
371 355 372 -1,
551 348 351 -1,
551 351 415 -1,
345 544 418 -1,
345 418 346 -1,
552 340 343 -1,
552 343 404 -1,
337 534 407 -1,
337 407 338 -1,
553 332 335 -1,
553 335 421 -1,
325 550 424 -1,
325 424 326 -1,
554 328 331 -1,
554 331 410 -1,
321 539 412 -1,
321 412 322 -1,
555 551 415 -1,
555 415 414 -1,
556 552 404 -1,
556 404 403 -1,
544 543 417 -1,
544 417 418 -1,
534 533 406 -1,
534 406 407 -1,
557 553 421 -1,
557 421 420 -1,
558 554 410 -1,
558 410 409 -1,
550 549 423 -1,
550 423 424 -1,
539 538 411 -1,
539 411 412 -1,
559 555 414 -1,
559 414 413 -1,
560 556 403 -1,
560 403 402 -1,
543 542 416 -1,
543 416 417 -1,
533 532 405 -1,
533 405 406 -1,
561 557 420 -1,
561 420 419 -1,
562 558 409 -1,
562 409 408 -1,
549 547 422 -1,
549 422 423 -1,
538 400 401 -1,
538 401 411 -1,
398 559 413 -1,
398 413 399 -1,
542 394 395 -1,
542 395 416 -1,
377 560 402 -1,
377 402 378 -1,
532 392 393 -1,
532 393 405 -1,
390 561 419 -1,
390 419 391 -1,
547 386 387 -1,
547 387 422 -1,
388 562 408 -1,
388 408 389 -1,
454 563 515 -1,
454 515 455 -1,
548 449 452 -1,
548 452 527 -1,
537 445 448 -1,
537 448 517 -1,
442 564 520 -1,
442 520 443 -1,
541 433 436 -1,
541 436 522 -1,
438 565 507 -1,
438 507 439 -1,
531 429 432 -1,
531 432 511 -1,
426 566 524 -1,
426 524 427 -1,
563 567 513 -1,
563 513 515 -1,
546 548 527 -1,
546 527 526 -1,
536 537 517 -1,
536 517 516 -1,
568 569 529 -1,
568 529 509 -1,
564 570 519 -1,
564 519 520 -1,
540 541 522 -1,
540 522 521 -1,
571 568 509 -1,
571 509 508 -1,
530 531 511 -1,
530 511 510 -1,
566 572 523 -1,
566 523 524 -1,
545 546 526 -1,
545 526 525 -1,
567 573 512 -1,
567 512 513 -1,
535 536 516 -1,
535 516 514 -1,
569 574 528 -1,
569 528 529 -1,
570 575 518 -1,
570 518 519 -1,
565 571 508 -1,
565 508 507 -1,
505 540 521 -1,
505 521 506 -1,
484 530 510 -1,
484 510 485 -1,
572 501 502 -1,
572 502 523 -1,
573 499 500 -1,
573 500 512 -1,
497 545 525 -1,
497 525 498 -1,
495 535 514 -1,
495 514 496 -1,
574 493 494 -1,
574 494 528 -1,
575 491 492 -1,
575 492 518 -1,
489 503 504 -1,
489 504 490 -1,
192 377 376 -1,
192 376 193 -1,
193 376 396 -1,
193 396 194 -1,
195 560 377 -1,
195 377 192 -1,
196 556 560 -1,
196 560 195 -1,
197 552 556 -1,
197 556 196 -1,
198 340 552 -1,
198 552 197 -1,
199 341 340 -1,
199 340 198 -1,
200 366 341 -1,
200 341 199 -1,
201 388 366 -1,
201 366 200 -1,
202 562 388 -1,
202 388 201 -1,
203 558 562 -1,
203 562 202 -1,
204 554 558 -1,
204 558 203 -1,
205 328 554 -1,
205 554 204 -1,
206 329 328 -1,
206 328 205 -1,
207 358 329 -1,
207 329 206 -1,
208 380 358 -1,
208 358 207 -1,
209 398 380 -1,
209 380 208 -1,
210 559 398 -1,
210 398 209 -1,
211 555 559 -1,
211 559 210 -1,
212 551 555 -1,
212 555 211 -1,
213 348 551 -1,
213 551 212 -1,
214 349 348 -1,
214 348 213 -1,
215 368 349 -1,
215 349 214 -1,
216 390 368 -1,
216 368 215 -1,
217 561 390 -1,
217 390 216 -1,
218 557 561 -1,
218 561 217 -1,
219 553 557 -1,
219 557 218 -1,
220 332 553 -1,
220 553 219 -1,
221 333 332 -1,
221 332 220 -1,
222 360 333 -1,
222 333 221 -1,
223 382 360 -1,
223 360 222 -1,
194 396 382 -1,
194 382 223 -1,
576 577 578 -1,
576 578 579 -1,
579 578 580 -1,
579 580 581 -1,
581 580 582 -1,
581 582 583 -1,
583 582 584 -1,
583 584 585 -1,
585 584 586 -1,
585 586 587 -1,
587 586 588 -1,
587 588 589 -1,
589 588 590 -1,
589 590 591 -1,
591 590 592 -1,
591 592 593 -1,
593 592 594 -1,
593 594 595 -1,
595 594 596 -1,
595 596 597 -1,
597 596 598 -1,
597 598 599 -1,
599 598 600 -1,
599 600 601 -1,
601 600 602 -1,
601 602 603 -1,
603 602 604 -1,
603 604 605 -1,
605 604 606 -1,
605 606 607 -1,
607 606 608 -1,
607 608 609 -1,
609 608 610 -1,
609 610 611 -1,
611 610 612 -1,
611 612 613 -1,
613 612 614 -1,
613 614 615 -1,
615 614 616 -1,
615 616 617 -1,
617 616 618 -1,
617 618 619 -1,
619 618 620 -1,
619 620 621 -1,
621 620 622 -1,
621 622 623 -1,
623 622 624 -1,
623 624 625 -1,
625 624 626 -1,
625 626 627 -1,
627 626 628 -1,
627 628 629 -1,
629 628 630 -1,
629 630 631 -1,
631 630 632 -1,
631 632 633 -1,
633 632 634 -1,
633 634 635 -1,
635 634 636 -1,
635 636 637 -1,
638 639 577 -1,
638 577 576 -1,
637 636 639 -1,
637 639 638 -1,
640 641 642 -1,
640 642 643 -1,
643 642 644 -1,
643 644 645 -1,
646 647 641 -1,
646 641 640 -1,
648 649 647 -1,
648 647 646 -1,
650 651 649 -1,
650 649 648 -1,
652 653 651 -1,
652 651 650 -1,
654 655 653 -1,
654 653 652 -1,
656 657 655 -1,
656 655 654 -1,
658 659 657 -1,
658 657 656 -1,
660 661 659 -1,
660 659 658 -1,
662 663 661 -1,
662 661 660 -1,
664 665 663 -1,
664 663 662 -1,
666 667 665 -1,
666 665 664 -1,
668 669 667 -1,
668 667 666 -1,
670 671 669 -1,
670 669 668 -1,
672 673 671 -1,
672 671 670 -1,
674 675 673 -1,
674 673 672 -1,
676 677 675 -1,
676 675 674 -1,
678 679 677 -1,
678 677 676 -1,
680 681 679 -1,
680 679 678 -1,
682 683 681 -1,
682 681 680 -1,
684 685 683 -1,
684 683 682 -1,
686 687 685 -1,
686 685 684 -1,
688 689 687 -1,
688 687 686 -1,
690 691 689 -1,
690 689 688 -1,
692 693 691 -1,
692 691 690 -1,
694 695 693 -1,
694 693 692 -1,
696 697 695 -1,
696 695 694 -1,
698 699 697 -1,
698 697 696 -1,
700 701 699 -1,
700 699 698 -1,
702 703 701 -1,
702 701 700 -1,
645 644 703 -1,
645 703 702 -1,
704 226 255 -1,
704 255 705 -1,
705 255 254 -1,
705 254 706 -1,
706 254 253 -1,
706 253 707 -1,
707 253 252 -1,
707 252 708 -1,
708 252 251 -1,
708 251 709 -1,
709 251 250 -1,
709 250 710 -1,
710 250 249 -1,
710 249 711 -1,
711 249 248 -1,
711 248 712 -1,
712 248 247 -1,
712 247 713 -1,
713 247 246 -1,
713 246 714 -1,
714 246 245 -1,
714 245 715 -1,
715 245 244 -1,
715 244 716 -1,
716 244 243 -1,
716 243 717 -1,
717 243 242 -1,
717 242 718 -1,
718 242 241 -1,
718 241 719 -1,
719 241 240 -1,
719 240 720 -1,
720 240 239 -1,
720 239 721 -1,
721 239 238 -1,
721 238 722 -1,
722 238 237 -1,
722 237 723 -1,
723 237 236 -1,
723 236 724 -1,
724 236 235 -1,
724 235 725 -1,
725 235 234 -1,
725 234 726 -1,
726 234 233 -1,
726 233 727 -1,
727 233 232 -1,
727 232 728 -1,
728 232 231 -1,
728 231 729 -1,
729 231 230 -1,
729 230 730 -1,
730 230 229 -1,
730 229 731 -1,
731 229 228 -1,
731 228 732 -1,
732 228 227 -1,
732 227 733 -1,
733 227 224 -1,
733 224 734 -1,
735 225 226 -1,
735 226 704 -1,
734 224 225 -1,
734 225 735 -1,
641 637 638 -1,
641 638 642 -1,
642 638 576 -1,
642 576 644 -1,
647 635 637 -1,
647 637 641 -1,
649 633 635 -1,
649 635 647 -1,
651 631 633 -1,
651 633 649 -1,
653 629 631 -1,
653 631 651 -1,
655 627 629 -1,
655 629 653 -1,
657 625 627 -1,
657 627 655 -1,
659 623 625 -1,
659 625 657 -1,
661 621 623 -1,
661 623 659 -1,
663 619 621 -1,
663 621 661 -1,
665 617 619 -1,
665 619 663 -1,
667 615 617 -1,
667 617 665 -1,
669 613 615 -1,
669 615 667 -1,
671 611 613 -1,
671 613 669 -1,
673 609 611 -1,
673 611 671 -1,
675 607 609 -1,
675 609 673 -1,
677 605 607 -1,
677 607 675 -1,
679 603 605 -1,
679 605 677 -1,
681 601 603 -1,
681 603 679 -1,
683 599 601 -1,
683 601 681 -1,
685 597 599 -1,
685 599 683 -1,
687 595 597 -1,
687 597 685 -1,
689 593 595 -1,
689 595 687 -1,
691 591 593 -1,
691 593 689 -1,
693 589 591 -1,
693 591 691 -1,
695 587 589 -1,
695 589 693 -1,
697 585 587 -1,
697 587 695 -1,
699 583 585 -1,
699 585 697 -1,
701 581 583 -1,
701 583 699 -1,
703 579 581 -1,
703 581 701 -1,
644 576 579 -1,
644 579 703 -1,
636 734 735 -1,
636 735 639 -1,
639 735 704 -1,
639 704 577 -1,
634 733 734 -1,
634 734 636 -1,
632 732 733 -1,
632 733 634 -1,
630 731 732 -1,
630 732 632 -1,
628 730 731 -1,
628 731 630 -1,
626 729 730 -1,
626 730 628 -1,
624 728 729 -1,
624 729 626 -1,
622 727 728 -1,
622 728 624 -1,
620 726 727 -1,
620 727 622 -1,
618 725 726 -1,
618 726 620 -1,
616 724 725 -1,
616 725 618 -1,
614 723 724 -1,
614 724 616 -1,
612 722 723 -1,
612 723 614 -1,
610 721 722 -1,
610 722 612 -1,
608 720 721 -1,
608 721 610 -1,
606 719 720 -1,
606 720 608 -1,
604 718 719 -1,
604 719 606 -1,
602 717 718 -1,
602 718 604 -1,
600 716 717 -1,
600 717 602 -1,
598 715 716 -1,
598 716 600 -1,
596 714 715 -1,
596 715 598 -1,
594 713 714 -1,
594 714 596 -1,
592 712 713 -1,
592 713 594 -1,
590 711 712 -1,
590 712 592 -1,
588 710 711 -1,
588 711 590 -1,
586 709 710 -1,
586 710 588 -1,
584 708 709 -1,
584 709 586 -1,
582 707 708 -1,
582 708 584 -1,
580 706 707 -1,
580 707 582 -1,
578 705 706 -1,
578 706 580 -1,
577 704 705 -1,
577 705 578 -1,
736 645 702 -1,
736 702 737 -1,
737 702 700 -1,
737 700 738 -1,
738 700 698 -1,
738 698 739 -1,
739 698 696 -1,
739 696 740 -1,
740 696 694 -1,
740 694 741 -1,
741 694 692 -1,
741 692 742 -1,
742 692 690 -1,
742 690 743 -1,
743 690 688 -1,
743 688 744 -1,
744 688 686 -1,
744 686 745 -1,
745 686 684 -1,
745 684 746 -1,
746 684 682 -1,
746 682 747 -1,
747 682 680 -1,
747 680 748 -1,
748 680 678 -1,
748 678 749 -1,
749 678 676 -1,
749 676 750 -1,
750 676 674 -1,
750 674 751 -1,
751 674 672 -1,
751 672 752 -1,
752 672 670 -1,
752 670 753 -1,
753 670 668 -1,
753 668 754 -1,
754 668 666 -1,
754 666 755 -1,
755 666 664 -1,
755 664 756 -1,
756 664 662 -1,
756 662 757 -1,
757 662 660 -1,
757 660 758 -1,
758 660 658 -1,
758 658 759 -1,
759 658 656 -1,
759 656 760 -1,
760 656 654 -1,
760 654 761 -1,
761 654 652 -1,
761 652 762 -1,
762 652 650 -1,
762 650 763 -1,
763 650 648 -1,
763 648 764 -1,
764 648 646 -1,
764 646 765 -1,
765 646 640 -1,
765 640 766 -1,
767 643 645 -1,
767 645 736 -1,
766 640 643 -1,
766 643 767 -1,
768 766 767 -1,
768 767 769 -1,
769 767 736 -1,
769 736 770 -1,
771 765 766 -1,
771 766 768 -1,
772 764 765 -1,
772 765 771 -1,
773 763 764 -1,
773 764 772 -1,
774 762 763 -1,
774 763 773 -1,
775 761 762 -1,
775 762 774 -1,
776 760 761 -1,
776 761 775 -1,
777 759 760 -1,
777 760 776 -1,
778 758 759 -1,
778 759 777 -1,
779 757 758 -1,
779 758 778 -1,
780 756 757 -1,
780 757 779 -1,
781 755 756 -1,
781 756 780 -1,
782 754 755 -1,
782 755 781 -1,
783 753 754 -1,
783 754 782 -1,
784 752 753 -1,
784 753 783 -1,
785 751 752 -1,
785 752 784 -1,
786 750 751 -1,
786 751 785 -1,
787 749 750 -1,
787 750 786 -1,
788 748 749 -1,
788 749 787 -1,
789 747 748 -1,
789 748 788 -1,
790 746 747 -1,
790 747 789 -1,
791 745 746 -1,
791 746 790 -1,
792 744 745 -1,
792 745 791 -1,
793 743 744 -1,
793 744 792 -1,
794 742 743 -1,
794 743 793 -1,
795 741 742 -1,
795 742 794 -1,
796 740 741 -1,
796 741 795 -1,
797 739 740 -1,
797 740 796 -1,
798 738 739 -1,
798 739 797 -1,
799 737 738 -1,
799 738 798 -1,
770 736 737 -1,
770 737 799 -1,
800 801 310 -1,
800 310 316 -1,
802 803 312 -1,
802 312 317 -1,
804 805 314 -1,
804 314 318 -1,
806 807 289 -1,
806 289 288 -1,
808 809 291 -1,
808 291 290 -1,
810 811 293 -1,
810 293 292 -1,
812 813 295 -1,
812 295 294 -1,
814 815 297 -1,
814 297 296 -1,
816 817 299 -1,
816 299 298 -1,
818 819 301 -1,
818 301 300 -1,
820 821 303 -1,
820 303 302 -1,
822 823 305 -1,
822 305 304 -1,
824 825 307 -1,
824 307 306 -1,
826 827 309 -1,
826 309 308 -1,
801 828 311 -1,
801 311 310 -1,
803 829 313 -1,
803 313 312 -1,
805 830 315 -1,
805 315 314 -1,
807 800 316 -1,
807 316 289 -1,
809 802 317 -1,
809 317 291 -1,
811 804 318 -1,
811 318 293 -1,
813 806 288 -1,
813 288 295 -1,
815 808 290 -1,
815 290 297 -1,
831 810 292 -1,
831 292 319 -1,
817 812 294 -1,
817 294 299 -1,
819 831 319 -1,
819 319 301 -1,
821 814 296 -1,
821 296 303 -1,
823 816 298 -1,
823 298 305 -1,
825 818 300 -1,
825 300 307 -1,
827 820 302 -1,
827 302 309 -1,
829 822 304 -1,
829 304 313 -1,
828 824 306 -1,
828 306 311 -1,
832 833 822 -1,
832 822 829 -1,
834 835 824 -1,
834 824 828 -1,
836 837 826 -1,
836 826 830 -1,
838 839 817 -1,
838 817 816 -1,
840 841 819 -1,
840 819 818 -1,
842 843 821 -1,
842 821 820 -1,
844 845 806 -1,
844 806 813 -1,
846 847 808 -1,
846 808 815 -1,
848 849 810 -1,
848 810 831 -1,
850 851 801 -1,
850 801 800 -1,
852 853 803 -1,
852 803 802 -1,
854 855 805 -1,
854 805 804 -1,
833 856 823 -1,
833 823 822 -1,
835 857 825 -1,
835 825 824 -1,
837 858 827 -1,
837 827 826 -1,
839 859 812 -1,
839 812 817 -1,
843 860 814 -1,
843 814 821 -1,
845 861 807 -1,
845 807 806 -1,
847 862 809 -1,
847 809 808 -1,
849 863 811 -1,
849 811 810 -1,
851 834 828 -1,
851 828 801 -1,
853 832 829 -1,
853 829 803 -1,
855 836 830 -1,
855 830 805 -1,
856 838 816 -1,
856 816 823 -1,
857 840 818 -1,
857 818 825 -1,
858 842 820 -1,
858 820 827 -1,
859 844 813 -1,
859 813 812 -1,
860 846 815 -1,
860 815 814 -1,
861 850 800 -1,
861 800 807 -1,
841 848 831 -1,
841 831 819 -1,
862 852 802 -1,
862 802 809 -1,
830 826 308 -1,
830 308 315 -1,
565 863 849 -1,
565 849 571 -1,
571 849 848 -1,
571 848 568 -1,
863 854 804 -1,
863 804 811 -1,
438 854 863 -1,
438 863 565 -1,
437 855 854 -1,
437 854 438 -1,
463 836 855 -1,
463 855 437 -1,
477 837 836 -1,
477 836 463 -1,
499 858 837 -1,
499 837 477 -1,
573 842 858 -1,
573 858 499 -1,
567 843 842 -1,
567 842 573 -1,
563 860 843 -1,
563 843 567 -1,
454 846 860 -1,
454 860 563 -1,
453 847 846 -1,
453 846 454 -1,
469 862 847 -1,
469 847 453 -1,
491 852 862 -1,
491 862 469 -1,
575 853 852 -1,
575 852 491 -1,
570 832 853 -1,
570 853 575 -1,
564 833 832 -1,
564 832 570 -1,
442 856 833 -1,
442 833 564 -1,
441 838 856 -1,
441 856 442 -1,
465 839 838 -1,
465 838 441 -1,
481 859 839 -1,
481 839 465 -1,
501 844 859 -1,
501 859 481 -1,
572 845 844 -1,
572 844 501 -1,
566 861 845 -1,
566 845 572 -1,
426 850 861 -1,
426 861 566 -1,
425 851 850 -1,
425 850 426 -1,
457 834 851 -1,
457 851 425 -1,
473 835 834 -1,
473 834 457 -1,
493 857 835 -1,
493 835 473 -1,
574 840 857 -1,
574 857 493 -1,
569 841 840 -1,
569 840 574 -1,
568 848 841 -1,
568 841 569 -1,
864 865 866 -1,
864 866 867 -1,
868 869 870 -1,
868 870 871 -1,
872 873 874 -1,
872 874 875 -1,
876 877 878 -1,
876 878 879 -1,
880 881 882 -1,
880 882 883 -1,
884 885 886 -1,
884 886 887 -1,
888 889 873 -1,
888 873 872 -1,
890 891 892 -1,
890 892 893 -1,
894 895 896 -1,
894 896 897 -1,
898 899 900 -1,
898 900 901 -1,
902 903 881 -1,
902 881 880 -1,
904 905 877 -1,
904 877 876 -1,
875 874 906 -1,
875 906 907 -1,
908 909 891 -1,
908 891 890 -1,
910 911 889 -1,
910 889 888 -1,
887 886 903 -1,
887 903 902 -1,
893 892 905 -1,
893 905 904 -1,
912 913 899 -1,
912 899 898 -1,
914 915 911 -1,
914 911 910 -1,
897 896 909 -1,
897 909 908 -1,
901 900 916 -1,
901 916 917 -1,
918 919 913 -1,
918 913 912 -1,
920 921 865 -1,
920 865 864 -1,
907 906 869 -1,
907 869 868 -1,
922 923 924 -1,
922 924 925 -1,
926 927 915 -1,
926 915 914 -1,
925 924 885 -1,
925 885 884 -1,
871 870 921 -1,
871 921 920 -1,
867 866 919 -1,
867 919 918 -1,
917 916 895 -1,
917 895 894 -1,
883 882 927 -1,
883 927 926 -1,
882 881 903 -1,
903 886 885 -1,
885 924 923 -1,
923 878 877 -1,
877 905 892 -1,
892 891 909 -1,
909 896 895 -1,
895 916 900 -1,
900 899 913 -1,
913 919 866 -1,
866 865 921 -1,
921 870 869 -1,
869 906 874 -1,
874 873 889 -1,
889 911 915 -1,
915 927 882 -1,
882 903 885 -1,
885 923 877 -1,
877 892 909 -1,
909 895 900 -1,
900 913 866 -1,
866 921 869 -1,
869 874 889 -1,
889 915 882 -1,
882 885 877 -1,
877 909 900 -1,
900 866 869 -1,
869 889 882 -1,
882 877 900 -1,
900 869 882 -1,
879 878 923 -1,
879 923 922 -1,
928 929 930 -1,
928 930 931 -1,
929 932 933 -1,
929 933 930 -1,
934 928 931 -1,
934 931 935 -1,
936 934 935 -1,
936 935 937 -1,
938 936 937 -1,
938 937 939 -1,
940 938 939 -1,
940 939 941 -1,
942 940 941 -1,
942 941 943 -1,
944 942 943 -1,
944 943 945 -1,
946 944 945 -1,
946 945 947 -1,
948 946 947 -1,
948 947 949 -1,
950 948 949 -1,
950 949 951 -1,
952 950 951 -1,
952 951 953 -1,
954 952 953 -1,
954 953 955 -1,
956 954 955 -1,
956 955 957 -1,
958 956 957 -1,
958 957 959 -1,
960 958 959 -1,
960 959 961 -1,
962 960 961 -1,
962 961 963 -1,
964 962 963 -1,
964 963 965 -1,
966 964 965 -1,
966 965 967 -1,
968 966 967 -1,
968 967 969 -1,
970 968 969 -1,
970 969 971 -1,
972 970 971 -1,
972 971 973 -1,
974 972 973 -1,
974 973 975 -1,
976 974 975 -1,
976 975 977 -1,
978 976 977 -1,
978 977 979 -1,
980 978 979 -1,
980 979 981 -1,
982 980 981 -1,
982 981 983 -1,
984 982 983 -1,
984 983 985 -1,
986 984 985 -1,
986 985 987 -1,
988 986 987 -1,
988 987 989 -1,
990 988 989 -1,
990 989 991 -1,
932 990 991 -1,
932 991 933 -1,
992 993 994 -1,
992 994 995 -1,
993 996 997 -1,
993 997 994 -1,
998 992 995 -1,
998 995 999 -1,
1000 998 999 -1,
1000 999 1001 -1,
1002 1000 1001 -1,
1002 1001 1003 -1,
1004 1002 1003 -1,
1004 1003 1005 -1,
1006 1004 1005 -1,
1006 1005 1007 -1,
1008 1006 1007 -1,
1008 1007 1009 -1,
1010 1008 1009 -1,
1010 1009 1011 -1,
1012 1010 1011 -1,
1012 1011 1013 -1,
1014 1012 1013 -1,
1014 1013 1015 -1,
1016 1014 1015 -1,
1016 1015 1017 -1,
1018 1016 1017 -1,
1018 1017 1019 -1,
1020 1018 1019 -1,
1020 1019 1021 -1,
1022 1020 1021 -1,
1022 1021 1023 -1,
1024 1022 1023 -1,
1024 1023 1025 -1,
1026 1024 1025 -1,
1026 1025 1027 -1,
1028 1026 1027 -1,
1028 1027 1029 -1,
1030 1028 1029 -1,
1030 1029 1031 -1,
1032 1030 1031 -1,
1032 1031 1033 -1,
1034 1032 1033 -1,
1034 1033 1035 -1,
1036 1034 1035 -1,
1036 1035 1037 -1,
1038 1036 1037 -1,
1038 1037 1039 -1,
1040 1038 1039 -1,
1040 1039 1041 -1,
1042 1040 1041 -1,
1042 1041 1043 -1,
1044 1042 1043 -1,
1044 1043 1045 -1,
1046 1044 1045 -1,
1046 1045 1047 -1,
1048 1046 1047 -1,
1048 1047 1049 -1,
1050 1048 1049 -1,
1050 1049 1051 -1,
1052 1050 1051 -1,
1052 1051 1053 -1,
1054 1052 1053 -1,
1054 1053 1055 -1,
996 1054 1055 -1,
996 1055 997 -1,
931 930 1056 -1,
931 1056 1057 -1,
930 933 1058 -1,
930 1058 1056 -1,
935 931 1057 -1,
935 1057 1059 -1,
937 935 1059 -1,
937 1059 1060 -1,
939 937 1060 -1,
939 1060 1061 -1,
941 939 1061 -1,
941 1061 1062 -1,
943 941 1062 -1,
943 1062 1063 -1,
945 943 1063 -1,
945 1063 1064 -1,
947 945 1064 -1,
947 1064 1065 -1,
949 947 1065 -1,
949 1065 1066 -1,
951 949 1066 -1,
951 1066 1067 -1,
953 951 1067 -1,
953 1067 1068 -1,
955 953 1068 -1,
955 1068 1069 -1,
957 955 1069 -1,
957 1069 1070 -1,
959 957 1070 -1,
959 1070 1071 -1,
961 959 1071 -1,
961 1071 1072 -1,
963 961 1072 -1,
963 1072 1073 -1,
965 963 1073 -1,
965 1073 1074 -1,
967 965 1074 -1,
967 1074 1075 -1,
969 967 1075 -1,
969 1075 1076 -1,
971 969 1076 -1,
971 1076 1077 -1,
973 971 1077 -1,
973 1077 1078 -1,
975 973 1078 -1,
975 1078 1079 -1,
977 975 1079 -1,
977 1079 1080 -1,
979 977 1080 -1,
979 1080 1081 -1,
981 979 1081 -1,
981 1081 1082 -1,
983 981 1082 -1,
983 1082 1083 -1,
985 983 1083 -1,
985 1083 1084 -1,
987 985 1084 -1,
987 1084 1085 -1,
989 987 1085 -1,
989 1085 1086 -1,
991 989 1086 -1,
991 1086 1087 -1,
933 991 1087 -1,
933 1087 1058 -1,
1088 1089 993 -1,
1088 993 992 -1,
1089 1090 996 -1,
1089 996 993 -1,
1091 1088 992 -1,
1091 992 998 -1,
1092 1091 998 -1,
1092 998 1000 -1,
1093 1092 1000 -1,
1093 1000 1002 -1,
1094 1093 1002 -1,
1094 1002 1004 -1,
1095 1094 1004 -1,
1095 1004 1006 -1,
1096 1095 1006 -1,
1096 1006 1008 -1,
1097 1096 1008 -1,
1097 1008 1010 -1,
1098 1097 1010 -1,
1098 1010 1012 -1,
1099 1098 1012 -1,
1099 1012 1014 -1,
1100 1099 1014 -1,
1100 1014 1016 -1,
1101 1100 1016 -1,
1101 1016 1018 -1,
1102 1101 1018 -1,
1102 1018 1020 -1,
1103 1102 1020 -1,
1103 1020 1022 -1,
1104 1103 1022 -1,
1104 1022 1024 -1,
1105 1104 1024 -1,
1105 1024 1026 -1,
1106 1105 1026 -1,
1106 1026 1028 -1,
1107 1106 1028 -1,
1107 1028 1030 -1,
1108 1107 1030 -1,
1108 1030 1032 -1,
1109 1108 1032 -1,
1109 1032 1034 -1,
1110 1109 1034 -1,
1110 1034 1036 -1,
1111 1110 1036 -1,
1111 1036 1038 -1,
1112 1111 1038 -1,
1112 1038 1040 -1,
1113 1112 1040 -1,
1113 1040 1042 -1,
1114 1113 1042 -1,
1114 1042 1044 -1,
1115 1114 1044 -1,
1115 1044 1046 -1,
1116 1115 1046 -1,
1116 1046 1048 -1,
1117 1116 1048 -1,
1117 1048 1050 -1,
1118 1117 1050 -1,
1118 1050 1052 -1,
1119 1118 1052 -1,
1119 1052 1054 -1,
1090 1119 1054 -1,
1090 1054 996 -1,
995 994 929 -1,
995 929 928 -1,
994 997 932 -1,
994 932 929 -1,
999 995 928 -1,
999 928 934 -1,
1001 999 934 -1,
1001 934 936 -1,
1003 1001 936 -1,
1003 936 938 -1,
1005 1003 938 -1,
1005 938 940 -1,
1007 1005 940 -1,
1007 940 942 -1,
1009 1007 942 -1,
1009 942 944 -1,
1011 1009 944 -1,
1011 944 946 -1,
1013 1011 946 -1,
1013 946 948 -1,
1015 1013 948 -1,
1015 948 950 -1,
1017 1015 950 -1,
1017 950 952 -1,
1019 1017 952 -1,
1019 952 954 -1,
1021 1019 954 -1,
1021 954 956 -1,
1023 1021 956 -1,
1023 956 958 -1,
1025 1023 958 -1,
1025 958 960 -1,
1027 1025 960 -1,
1027 960 962 -1,
1029 1027 962 -1,
1029 962 964 -1,
1031 1029 964 -1,
1031 964 966 -1,
1033 1031 966 -1,
1033 966 968 -1,
1035 1033 968 -1,
1035 968 970 -1,
1037 1035 970 -1,
1037 970 972 -1,
1039 1037 972 -1,
1039 972 974 -1,
1041 1039 974 -1,
1041 974 976 -1,
1043 1041 976 -1,
1043 976 978 -1,
1045 1043 978 -1,
1045 978 980 -1,
1047 1045 980 -1,
1047 980 982 -1,
1049 1047 982 -1,
1049 982 984 -1,
1051 1049 984 -1,
1051 984 986 -1,
1053 1051 986 -1,
1053 986 988 -1,
1055 1053 988 -1,
1055 988 990 -1,
997 1055 990 -1,
997 990 932 -1,
1120 918 912 -1,
1120 912 1121 -1,
1122 920 864 -1,
1122 864 1123 -1,
1124 907 868 -1,
1124 868 1125 -1,
1126 922 925 -1,
1126 925 1127 -1,
1128 926 914 -1,
1128 914 1129 -1,
1127 925 884 -1,
1127 884 1130 -1,
1131 871 920 -1,
1131 920 1122 -1,
1132 867 918 -1,
1132 918 1120 -1,
1133 917 894 -1,
1133 894 1134 -1,
1135 883 926 -1,
1135 926 1128 -1,
1136 879 922 -1,
1136 922 1126 -1,
1123 864 867 -1,
1123 867 1132 -1,
1125 868 871 -1,
1125 871 1131 -1,
1137 872 875 -1,
1137 875 1138 -1,
1139 876 879 -1,
1139 879 1136 -1,
1140 880 883 -1,
1140 883 1135 -1,
1130 884 887 -1,
1130 887 1141 -1,
1142 888 872 -1,
1142 872 1137 -1,
1143 890 893 -1,
1143 893 1144 -1,
1134 894 897 -1,
1134 897 1145 -1,
1146 898 901 -1,
1146 901 1147 -1,
1148 902 880 -1,
1148 880 1140 -1,
1149 904 876 -1,
1149 876 1139 -1,
1138 875 907 -1,
1138 907 1124 -1,
1150 908 890 -1,
1150 890 1143 -1,
1151 910 888 -1,
1151 888 1142 -1,
1141 887 902 -1,
1141 902 1148 -1,
1144 893 904 -1,
1144 904 1149 -1,
1121 912 898 -1,
1121 898 1146 -1,
1129 914 910 -1,
1129 910 1151 -1,
1145 897 908 -1,
1145 908 1150 -1,
1147 901 917 -1,
1147 917 1133 -1,
1152 1134 1145 -1,
1152 1145 1153 -1,
1154 1124 1125 -1,
1154 1125 1155 -1,
1156 1130 1141 -1,
1156 1141 1157 -1,
1158 1147 1133 -1,
1158 1133 1159 -1,
1160 1137 1138 -1,
1160 1138 1161 -1,
1162 1121 1146 -1,
1162 1146 1163 -1,
1164 1136 1126 -1,
1164 1126 1165 -1,
1166 1151 1142 -1,
1166 1142 1167 -1,
1168 1132 1120 -1,
1168 1120 1169 -1,
1170 1149 1139 -1,
1170 1139 1171 -1,
1172 1128 1129 -1,
1172 1129 1173 -1,
1174 1143 1144 -1,
1174 1144 1175 -1,
1176 1122 1123 -1,
1176 1123 1177 -1,
1178 1140 1135 -1,
1178 1135 1179 -1,
1153 1145 1150 -1,
1153 1150 1180 -1,
1155 1125 1131 -1,
1155 1131 1181 -1,
1157 1141 1148 -1,
1157 1148 1182 -1,
1159 1133 1134 -1,
1159 1134 1152 -1,
1161 1138 1124 -1,
1161 1124 1154 -1,
1183 1127 1130 -1,
1183 1130 1156 -1,
1163 1146 1147 -1,
1163 1147 1158 -1,
1165 1126 1127 -1,
1165 1127 1183 -1,
1167 1142 1137 -1,
1167 1137 1160 -1,
1169 1120 1121 -1,
1169 1121 1162 -1,
1171 1139 1136 -1,
1171 1136 1164 -1,
1173 1129 1151 -1,
1173 1151 1166 -1,
1177 1123 1132 -1,
1177 1132 1168 -1,
1175 1144 1149 -1,
1175 1149 1170 -1,
1179 1135 1128 -1,
1179 1128 1172 -1,
1180 1150 1143 -1,
1180 1143 1174 -1,
1181 1131 1122 -1,
1181 1122 1176 -1,
1182 1148 1140 -1,
1182 1140 1178 -1,
1184 1185 1186 -1,
1184 1186 1187 -1,
1188 1189 1190 -1,
1188 1190 1191 -1,
1192 1193 1194 -1,
1192 1194 1195 -1,
1196 1197 1198 -1,
1196 1198 1199 -1,
1200 1201 1202 -1,
1200 1202 1203 -1,
1204 1205 1206 -1,
1204 1206 1207 -1,
1208 1209 1210 -1,
1208 1210 1211 -1,
1212 1213 1214 -1,
1212 1214 1215 -1,
1216 1217 1218 -1,
1216 1218 1219 -1,
1220 1221 1185 -1,
1220 1185 1184 -1,
1219 1218 1189 -1,
1219 1189 1188 -1,
1195 1194 1222 -1,
1195 1222 1223 -1,
1199 1198 1224 -1,
1199 1224 1225 -1,
1226 1227 1201 -1,
1226 1201 1200 -1,
1228 1229 1209 -1,
1228 1209 1208 -1,
1207 1206 1230 -1,
1207 1230 1231 -1,
1215 1214 1232 -1,
1215 1232 1233 -1,
1234 1235 1236 -1,
1234 1236 1237 -1,
1238 1239 1221 -1,
1238 1221 1220 -1,
1240 1241 1242 -1,
1240 1242 1243 -1,
1223 1222 1244 -1,
1223 1244 1245 -1,
1225 1224 1246 -1,
1225 1246 1247 -1,
1248 1249 1227 -1,
1248 1227 1226 -1,
1250 1251 1229 -1,
1250 1229 1228 -1,
1231 1230 1252 -1,
1231 1252 1253 -1,
1233 1232 1254 -1,
1233 1254 1255 -1,
1256 1257 1235 -1,
1256 1235 1234 -1,
1258 1259 1239 -1,
1258 1239 1238 -1,
1260 1261 1241 -1,
1260 1241 1240 -1,
1245 1244 1262 -1,
1245 1262 1263 -1,
1247 1246 1261 -1,
1247 1261 1260 -1,
1264 1265 1249 -1,
1264 1249 1248 -1,
1242 1241 1217 -1,
1242 1217 1236 -1,
1241 1261 1218 -1,
1241 1218 1217 -1,
1266 1242 1236 -1,
1266 1236 1235 -1,
1267 1266 1235 -1,
1267 1235 1257 -1,
1268 1267 1257 -1,
1268 1257 1269 -1,
1205 1268 1269 -1,
1205 1269 1270 -1,
1206 1205 1270 -1,
1206 1270 1271 -1,
1230 1206 1271 -1,
1230 1271 1202 -1,
1252 1230 1202 -1,
1252 1202 1201 -1,
1272 1252 1201 -1,
1272 1201 1227 -1,
1273 1272 1227 -1,
1273 1227 1249 -1,
1274 1273 1249 -1,
1274 1249 1265 -1,
1193 1274 1265 -1,
1193 1265 1275 -1,
1194 1193 1275 -1,
1194 1275 1276 -1,
1222 1194 1276 -1,
1222 1276 1186 -1,
1244 1222 1186 -1,
1244 1186 1185 -1,
1262 1244 1185 -1,
1262 1185 1221 -1,
1277 1262 1221 -1,
1277 1221 1239 -1,
1278 1277 1239 -1,
1278 1239 1259 -1,
1279 1278 1259 -1,
1279 1259 1280 -1,
1213 1279 1280 -1,
1213 1280 1281 -1,
1214 1213 1281 -1,
1214 1281 1282 -1,
1232 1214 1282 -1,
1232 1282 1210 -1,
1254 1232 1210 -1,
1254 1210 1209 -1,
1283 1254 1209 -1,
1283 1209 1229 -1,
1284 1283 1229 -1,
1284 1229 1251 -1,
1285 1284 1251 -1,
1285 1251 1286 -1,
1197 1285 1286 -1,
1197 1286 1287 -1,
1198 1197 1287 -1,
1198 1287 1288 -1,
1224 1198 1288 -1,
1224 1288 1190 -1,
1246 1224 1190 -1,
1246 1190 1189 -1,
1261 1246 1189 -1,
1261 1189 1218 -1,
1289 1290 1291 -1,
1289 1291 1292 -1,
1293 1294 1295 -1,
1293 1295 1296 -1,
1297 1298 1299 -1,
1297 1299 1300 -1,
1301 1302 1303 -1,
1301 1303 1304 -1,
1305 1306 1307 -1,
1305 1307 1308 -1,
1309 1310 1311 -1,
1309 1311 1312 -1,
1313 1314 1315 -1,
1313 1315 1316 -1,
1317 1318 1319 -1,
1317 1319 1320 -1,
1321 1322 1290 -1,
1321 1290 1289 -1,
1296 1295 1323 -1,
1296 1323 1324 -1,
1300 1299 1325 -1,
1300 1325 1326 -1,
1327 1328 1302 -1,
1327 1302 1301 -1,
1329 1330 1306 -1,
1329 1306 1305 -1,
1312 1311 1331 -1,
1312 1331 1332 -1,
1333 1334 1318 -1,
1333 1318 1317 -1,
1316 1315 1335 -1,
1316 1335 1336 -1,
1337 1338 1322 -1,
1337 1322 1321 -1,
1324 1323 1339 -1,
1324 1339 1340 -1,
1341 1342 1328 -1,
1341 1328 1327 -1,
1326 1325 1343 -1,
1326 1343 1344 -1,
1345 1346 1330 -1,
1345 1330 1329 -1,
1347 1348 1349 -1,
1347 1349 1350 -1,
1332 1331 1351 -1,
1332 1351 1352 -1,
1336 1335 1353 -1,
1336 1353 1354 -1,
1355 1356 1334 -1,
1355 1334 1333 -1,
1357 1358 1338 -1,
1357 1338 1337 -1,
1340 1339 1359 -1,
1340 1359 1360 -1,
1344 1343 1361 -1,
1344 1361 1362 -1,
1363 1364 1342 -1,
1363 1342 1341 -1,
1365 1366 1346 -1,
1365 1346 1345 -1,
1367 1368 1348 -1,
1367 1348 1347 -1,
1352 1351 1369 -1,
1352 1369 1370 -1,
1349 1348 1371 -1,
1349 1371 1372 -1,
1348 1368 1373 -1,
1348 1373 1371 -1,
1374 1349 1372 -1,
1374 1372 1303 -1,
1375 1374 1303 -1,
1375 1303 1302 -1,
1294 1375 1302 -1,
1294 1302 1328 -1,
1295 1294 1328 -1,
1295 1328 1342 -1,
1323 1295 1342 -1,
1323 1342 1364 -1,
1339 1323 1364 -1,
1339 1364 1376 -1,
1359 1339 1376 -1,
1359 1376 1377 -1,
1378 1359 1377 -1,
1378 1377 1379 -1,
1380 1378 1379 -1,
1380 1379 1319 -1,
1381 1380 1319 -1,
1381 1319 1318 -1,
1310 1381 1318 -1,
1310 1318 1334 -1,
1311 1310 1334 -1,
1311 1334 1356 -1,
1331 1311 1356 -1,
1331 1356 1382 -1,
1351 1331 1382 -1,
1351 1382 1383 -1,
1369 1351 1383 -1,
1369 1383 1384 -1,
1385 1369 1384 -1,
1385 1384 1307 -1,
1386 1385 1307 -1,
1386 1307 1306 -1,
1298 1386 1306 -1,
1298 1306 1330 -1,
1299 1298 1330 -1,
1299 1330 1346 -1,
1325 1299 1346 -1,
1325 1346 1366 -1,
1343 1325 1366 -1,
1343 1366 1387 -1,
1361 1343 1387 -1,
1361 1387 1388 -1,
1389 1361 1388 -1,
1389 1388 1291 -1,
1390 1389 1291 -1,
1390 1291 1290 -1,
1391 1390 1290 -1,
1391 1290 1322 -1,
1314 1391 1322 -1,
1314 1322 1338 -1,
1315 1314 1338 -1,
1315 1338 1358 -1,
1335 1315 1358 -1,
1335 1358 1392 -1,
1353 1335 1392 -1,
1353 1392 1393 -1,
1368 1353 1393 -1,
1368 1393 1373 -1,
1237 1216 1347 -1,
1237 1347 1350 -1,
1216 1219 1367 -1,
1216 1367 1347 -1,
1234 1237 1350 -1,
1234 1350 1394 -1,
1256 1234 1394 -1,
1256 1394 1395 -1,
1396 1256 1395 -1,
1396 1395 1293 -1,
1397 1396 1293 -1,
1397 1293 1296 -1,
1398 1397 1296 -1,
1398 1296 1324 -1,
1203 1398 1324 -1,
1203 1324 1340 -1,
1200 1203 1340 -1,
1200 1340 1360 -1,
1226 1200 1360 -1,
1226 1360 1399 -1,
1248 1226 1399 -1,
1248 1399 1400 -1,
1264 1248 1400 -1,
1264 1400 1401 -1,
1402 1264 1401 -1,
1402 1401 1309 -1,
1403 1402 1309 -1,
1403 1309 1312 -1,
1187 1403 1312 -1,
1187 1312 1332 -1,
1184 1187 1332 -1,
1184 1332 1352 -1,
1220 1184 1352 -1,
1220 1352 1370 -1,
1238 1220 1370 -1,
1238 1370 1404 -1,
1258 1238 1404 -1,
1258 1404 1405 -1,
1406 1258 1405 -1,
1406 1405 1297 -1,
1407 1406 1297 -1,
1407 1297 1300 -1,
1408 1407 1300 -1,
1408 1300 1326 -1,
1211 1408 1326 -1,
1211 1326 1344 -1,
1208 1211 1344 -1,
1208 1344 1362 -1,
1228 1208 1362 -1,
1228 1362 1409 -1,
1250 1228 1409 -1,
1250 1409 1410 -1,
1411 1250 1410 -1,
1411 1410 1412 -1,
1413 1411 1412 -1,
1413 1412 1313 -1,
1414 1413 1313 -1,
1414 1313 1316 -1,
1191 1414 1316 -1,
1191 1316 1336 -1,
1188 1191 1336 -1,
1188 1336 1354 -1,
1219 1188 1354 -1,
1219 1354 1367 -1,
1237 1236 1217 -1,
1237 1217 1216 -1,
1415 1279 1213 -1,
1415 1213 1212 -1,
1211 1210 1282 -1,
1211 1282 1408 -1,
1416 1268 1205 -1,
1416 1205 1204 -1,
1203 1202 1271 -1,
1203 1271 1398 -1,
1417 1285 1197 -1,
1417 1197 1196 -1,
1191 1190 1288 -1,
1191 1288 1414 -1,
1418 1274 1193 -1,
1418 1193 1192 -1,
1187 1186 1276 -1,
1187 1276 1403 -1,
1419 1278 1279 -1,
1419 1279 1415 -1,
1420 1267 1268 -1,
1420 1268 1416 -1,
1408 1282 1281 -1,
1408 1281 1407 -1,
1398 1271 1270 -1,
1398 1270 1397 -1,
1421 1284 1285 -1,
1421 1285 1417 -1,
1422 1273 1274 -1,
1422 1274 1418 -1,
1414 1288 1287 -1,
1414 1287 1413 -1,
1403 1276 1275 -1,
1403 1275 1402 -1,
1423 1277 1278 -1,
1423 1278 1419 -1,
1424 1266 1267 -1,
1424 1267 1420 -1,
1407 1281 1280 -1,
1407 1280 1406 -1,
1397 1270 1269 -1,
1397 1269 1396 -1,
1425 1283 1284 -1,
1425 1284 1421 -1,
1426 1272 1273 -1,
1426 1273 1422 -1,
1413 1287 1286 -1,
1413 1286 1411 -1,
1402 1275 1265 -1,
1402 1265 1264 -1,
1263 1262 1277 -1,
1263 1277 1423 -1,
1406 1280 1259 -1,
1406 1259 1258 -1,
1243 1242 1266 -1,
1243 1266 1424 -1,
1396 1269 1257 -1,
1396 1257 1256 -1,
1255 1254 1283 -1,
1255 1283 1425 -1,
1411 1286 1251 -1,
1411 1251 1250 -1,
1253 1252 1272 -1,
1253 1272 1426 -1,
1320 1319 1379 -1,
1320 1379 1427 -1,
1412 1391 1314 -1,
1412 1314 1313 -1,
1401 1381 1310 -1,
1401 1310 1309 -1,
1308 1307 1384 -1,
1308 1384 1428 -1,
1405 1386 1298 -1,
1405 1298 1297 -1,
1304 1303 1372 -1,
1304 1372 1429 -1,
1395 1375 1294 -1,
1395 1294 1293 -1,
1292 1291 1388 -1,
1292 1388 1430 -1,
1427 1379 1377 -1,
1427 1377 1431 -1,
1410 1390 1391 -1,
1410 1391 1412 -1,
1400 1380 1381 -1,
1400 1381 1401 -1,
1432 1373 1393 -1,
1432 1393 1433 -1,
1428 1384 1383 -1,
1428 1383 1434 -1,
1404 1385 1386 -1,
1404 1386 1405 -1,
1435 1371 1373 -1,
1435 1373 1432 -1,
1394 1374 1375 -1,
1394 1375 1395 -1,
1430 1388 1387 -1,
1430 1387 1436 -1,
1409 1389 1390 -1,
1409 1390 1410 -1,
1431 1377 1376 -1,
1431 1376 1437 -1,
1399 1378 1380 -1,
1399 1380 1400 -1,
1433 1393 1392 -1,
1433 1392 1438 -1,
1434 1383 1382 -1,
1434 1382 1439 -1,
1429 1372 1371 -1,
1429 1371 1435 -1,
1370 1369 1385 -1,
1370 1385 1404 -1,
1350 1349 1374 -1,
1350 1374 1394 -1,
1436 1387 1366 -1,
1436 1366 1365 -1,
1437 1376 1364 -1,
1437 1364 1363 -1,
1362 1361 1389 -1,
1362 1389 1409 -1,
1360 1359 1378 -1,
1360 1378 1399 -1,
1438 1392 1358 -1,
1438 1358 1357 -1,
1439 1382 1356 -1,
1439 1356 1355 -1,
1354 1353 1368 -1,
1354 1368 1367 -1,
1057 1056 1240 -1,
1057 1240 1243 -1,
1056 1058 1260 -1,
1056 1260 1240 -1,
1059 1057 1243 -1,
1059 1243 1424 -1,
1060 1059 1424 -1,
1060 1424 1420 -1,
1061 1060 1420 -1,
1061 1420 1416 -1,
1062 1061 1416 -1,
1062 1416 1204 -1,
1063 1062 1204 -1,
1063 1204 1207 -1,
1064 1063 1207 -1,
1064 1207 1231 -1,
1065 1064 1231 -1,
1065 1231 1253 -1,
1066 1065 1253 -1,
1066 1253 1426 -1,
1067 1066 1426 -1,
1067 1426 1422 -1,
1068 1067 1422 -1,
1068 1422 1418 -1,
1069 1068 1418 -1,
1069 1418 1192 -1,
1070 1069 1192 -1,
1070 1192 1195 -1,
1071 1070 1195 -1,
1071 1195 1223 -1,
1072 1071 1223 -1,
1072 1223 1245 -1,
1073 1072 1245 -1,
1073 1245 1263 -1,
1074 1073 1263 -1,
1074 1263 1423 -1,
1075 1074 1423 -1,
1075 1423 1419 -1,
1076 1075 1419 -1,
1076 1419 1415 -1,
1077 1076 1415 -1,
1077 1415 1212 -1,
1078 1077 1212 -1,
1078 1212 1215 -1,
1079 1078 1215 -1,
1079 1215 1233 -1,
1080 1079 1233 -1,
1080 1233 1255 -1,
1081 1080 1255 -1,
1081 1255 1425 -1,
1082 1081 1425 -1,
1082 1425 1421 -1,
1083 1082 1421 -1,
1083 1421 1417 -1,
1084 1083 1417 -1,
1084 1417 1196 -1,
1085 1084 1196 -1,
1085 1196 1199 -1,
1086 1085 1199 -1,
1086 1199 1225 -1,
1087 1086 1225 -1,
1087 1225 1247 -1,
1058 1087 1247 -1,
1058 1247 1260 -1,
1440 1441 1442 -1,
1440 1442 1443 -1,
1441 1444 1445 -1,
1441 1445 1442 -1,
1444 1446 1447 -1,
1444 1447 1445 -1,
1446 1448 1449 -1,
1446 1449 1447 -1,
1448 1450 1451 -1,
1448 1451 1449 -1,
1450 1452 1453 -1,
1450 1453 1451 -1,
1452 1454 1455 -1,
1452 1455 1453 -1,
1454 1456 1457 -1,
1454 1457 1455 -1,
1456 1458 1459 -1,
1456 1459 1457 -1,
1458 1460 1461 -1,
1458 1461 1459 -1,
1460 1462 1463 -1,
1460 1463 1461 -1,
1462 1464 1465 -1,
1462 1465 1463 -1,
1464 1466 1467 -1,
1464 1467 1465 -1,
1466 1468 1469 -1,
1466 1469 1467 -1,
1468 1470 1471 -1,
1468 1471 1469 -1,
1470 1472 1473 -1,
1470 1473 1471 -1,
1472 1474 1475 -1,
1472 1475 1473 -1,
1474 1476 1477 -1,
1474 1477 1475 -1,
1476 1478 1479 -1,
1476 1479 1477 -1,
1478 1480 1481 -1,
1478 1481 1479 -1,
1480 1482 1483 -1,
1480 1483 1481 -1,
1482 1484 1485 -1,
1482 1485 1483 -1,
1484 1486 1487 -1,
1484 1487 1485 -1,
1486 1488 1489 -1,
1486 1489 1487 -1,
1488 1490 1491 -1,
1488 1491 1489 -1,
1490 1492 1493 -1,
1490 1493 1491 -1,
1492 1494 1495 -1,
1492 1495 1493 -1,
1494 1496 1497 -1,
1494 1497 1495 -1,
1496 1498 1499 -1,
1496 1499 1497 -1,
1498 1500 1501 -1,
1498 1501 1499 -1,
1502 1440 1443 -1,
1502 1443 1503 -1,
1500 1502 1503 -1,
1500 1503 1501 -1,
1504 1505 1506 -1,
1504 1506 1507 -1,
1505 1508 1509 -1,
1505 1509 1506 -1,
1510 1504 1507 -1,
1510 1507 1511 -1,
1512 1510 1511 -1,
1512 1511 1513 -1,
1514 1512 1513 -1,
1514 1513 1515 -1,
1516 1514 1515 -1,
1516 1515 1517 -1,
1518 1516 1517 -1,
1518 1517 1519 -1,
1520 1518 1519 -1,
1520 1519 1521 -1,
1522 1520 1521 -1,
1522 1521 1523 -1,
1524 1522 1523 -1,
1524 1523 1525 -1,
1526 1524 1525 -1,
1526 1525 1527 -1,
1528 1526 1527 -1,
1528 1527 1529 -1,
1530 1528 1529 -1,
1530 1529 1531 -1,
1532 1530 1531 -1,
1532 1531 1533 -1,
1534 1532 1533 -1,
1534 1533 1535 -1,
1536 1534 1535 -1,
1536 1535 1537 -1,
1538 1536 1537 -1,
1538 1537 1539 -1,
1540 1538 1539 -1,
1540 1539 1541 -1,
1542 1540 1541 -1,
1542 1541 1543 -1,
1544 1542 1543 -1,
1544 1543 1545 -1,
1546 1544 1545 -1,
1546 1545 1547 -1,
1548 1546 1547 -1,
1548 1547 1549 -1,
1550 1548 1549 -1,
1550 1549 1551 -1,
1552 1550 1551 -1,
1552 1551 1553 -1,
1554 1552 1553 -1,
1554 1553 1555 -1,
1556 1554 1555 -1,
1556 1555 1557 -1,
1558 1556 1557 -1,
1558 1557 1559 -1,
1560 1558 1559 -1,
1560 1559 1561 -1,
1562 1560 1561 -1,
1562 1561 1563 -1,
1564 1562 1563 -1,
1564 1563 1565 -1,
1566 1564 1565 -1,
1566 1565 1567 -1,
1508 1566 1567 -1,
1508 1567 1509 -1,
1568 1569 1119 -1,
1568 1119 1090 -1,
1569 1570 1118 -1,
1569 1118 1119 -1,
1570 1571 1117 -1,
1570 1117 1118 -1,
1571 1572 1116 -1,
1571 1116 1117 -1,
1572 1573 1115 -1,
1572 1115 1116 -1,
1573 1574 1114 -1,
1573 1114 1115 -1,
1574 1575 1113 -1,
1574 1113 1114 -1,
1575 1576 1112 -1,
1575 1112 1113 -1,
1576 1577 1111 -1,
1576 1111 1112 -1,
1577 1578 1110 -1,
1577 1110 1111 -1,
1578 1579 1109 -1,
1578 1109 1110 -1,
1579 1580 1108 -1,
1579 1108 1109 -1,
1580 1581 1107 -1,
1580 1107 1108 -1,
1581 1582 1106 -1,
1581 1106 1107 -1,
1582 1583 1105 -1,
1582 1105 1106 -1,
1583 1584 1104 -1,
1583 1104 1105 -1,
1584 1585 1103 -1,
1584 1103 1104 -1,
1585 1586 1102 -1,
1585 1102 1103 -1,
1586 1587 1101 -1,
1586 1101 1102 -1,
1587 1588 1100 -1,
1587 1100 1101 -1,
1588 1589 1099 -1,
1588 1099 1100 -1,
1589 1590 1098 -1,
1589 1098 1099 -1,
1590 1591 1097 -1,
1590 1097 1098 -1,
1591 1592 1096 -1,
1591 1096 1097 -1,
1592 1593 1095 -1,
1592 1095 1096 -1,
1593 1594 1094 -1,
1593 1094 1095 -1,
1594 1595 1093 -1,
1594 1093 1094 -1,
1595 1596 1092 -1,
1595 1092 1093 -1,
1596 1597 1091 -1,
1596 1091 1092 -1,
1597 1598 1088 -1,
1597 1088 1091 -1,
1599 1568 1090 -1,
1599 1090 1089 -1,
1598 1599 1089 -1,
1598 1089 1088 -1,
1507 1506 1502 -1,
1507 1502 1500 -1,
1506 1509 1440 -1,
1506 1440 1502 -1,
1511 1507 1500 -1,
1511 1500 1498 -1,
1513 1511 1498 -1,
1513 1498 1496 -1,
1515 1513 1496 -1,
1515 1496 1494 -1,
1517 1515 1494 -1,
1517 1494 1492 -1,
1519 1517 1492 -1,
1519 1492 1490 -1,
1521 1519 1490 -1,
1521 1490 1488 -1,
1523 1521 1488 -1,
1523 1488 1486 -1,
1525 1523 1486 -1,
1525 1486 1484 -1,
1527 1525 1484 -1,
1527 1484 1482 -1,
1529 1527 1482 -1,
1529 1482 1480 -1,
1531 1529 1480 -1,
1531 1480 1478 -1,
1533 1531 1478 -1,
1533 1478 1476 -1,
1535 1533 1476 -1,
1535 1476 1474 -1,
1537 1535 1474 -1,
1537 1474 1472 -1,
1539 1537 1472 -1,
1539 1472 1470 -1,
1541 1539 1470 -1,
1541 1470 1468 -1,
1543 1541 1468 -1,
1543 1468 1466 -1,
1545 1543 1466 -1,
1545 1466 1464 -1,
1547 1545 1464 -1,
1547 1464 1462 -1,
1549 1547 1462 -1,
1549 1462 1460 -1,
1551 1549 1460 -1,
1551 1460 1458 -1,
1553 1551 1458 -1,
1553 1458 1456 -1,
1555 1553 1456 -1,
1555 1456 1454 -1,
1557 1555 1454 -1,
1557 1454 1452 -1,
1559 1557 1452 -1,
1559 1452 1450 -1,
1561 1559 1450 -1,
1561 1450 1448 -1,
1563 1561 1448 -1,
1563 1448 1446 -1,
1565 1563 1446 -1,
1565 1446 1444 -1,
1567 1565 1444 -1,
1567 1444 1441 -1,
1509 1567 1441 -1,
1509 1441 1440 -1,
1501 1503 1599 -1,
1501 1599 1598 -1,
1503 1443 1568 -1,
1503 1568 1599 -1,
1499 1501 1598 -1,
1499 1598 1597 -1,
1497 1499 1597 -1,
1497 1597 1596 -1,
1495 1497 1596 -1,
1495 1596 1595 -1,
1493 1495 1595 -1,
1493 1595 1594 -1,
1491 1493 1594 -1,
1491 1594 1593 -1,
1489 1491 1593 -1,
1489 1593 1592 -1,
1487 1489 1592 -1,
1487 1592 1591 -1,
1485 1487 1591 -1,
1485 1591 1590 -1,
1483 1485 1590 -1,
1483 1590 1589 -1,
1481 1483 1589 -1,
1481 1589 1588 -1,
1479 1481 1588 -1,
1479 1588 1587 -1,
1477 1479 1587 -1,
1477 1587 1586 -1,
1475 1477 1586 -1,
1475 1586 1585 -1,
1473 1475 1585 -1,
1473 1585 1584 -1,
1471 1473 1584 -1,
1471 1584 1583 -1,
1469 1471 1583 -1,
1469 1583 1582 -1,
1467 1469 1582 -1,
1467 1582 1581 -1,
1465 1467 1581 -1,
1465 1581 1580 -1,
1463 1465 1580 -1,
1463 1580 1579 -1,
1461 1463 1579 -1,
1461 1579 1578 -1,
1459 1461 1578 -1,
1459 1578 1577 -1,
1457 1459 1577 -1,
1457 1577 1576 -1,
1455 1457 1576 -1,
1455 1576 1575 -1,
1453 1455 1575 -1,
1453 1575 1574 -1,
1451 1453 1574 -1,
1451 1574 1573 -1,
1449 1451 1573 -1,
1449 1573 1572 -1,
1447 1449 1572 -1,
1447 1572 1571 -1,
1445 1447 1571 -1,
1445 1571 1570 -1,
1442 1445 1570 -1,
1442 1570 1569 -1,
1443 1442 1569 -1,
1443 1569 1568 -1,
1600 1601 1566 -1,
1600 1566 1508 -1,
1601 1602 1564 -1,
1601 1564 1566 -1,
1602 1603 1562 -1,
1602 1562 1564 -1,
1603 1604 1560 -1,
1603 1560 1562 -1,
1604 1605 1558 -1,
1604 1558 1560 -1,
1605 1606 1556 -1,
1605 1556 1558 -1,
1606 1607 1554 -1,
1606 1554 1556 -1,
1607 1608 1552 -1,
1607 1552 1554 -1,
1608 1609 1550 -1,
1608 1550 1552 -1,
1609 1610 1548 -1,
1609 1548 1550 -1,
1610 1611 1546 -1,
1610 1546 1548 -1,
1611 1612 1544 -1,
1611 1544 1546 -1,
1612 1613 1542 -1,
1612 1542 1544 -1,
1613 1614 1540 -1,
1613 1540 1542 -1,
1614 1615 1538 -1,
1614 1538 1540 -1,
1615 1616 1536 -1,
1615 1536 1538 -1,
1616 1617 1534 -1,
1616 1534 1536 -1,
1617 1618 1532 -1,
1617 1532 1534 -1,
1618 1619 1530 -1,
1618 1530 1532 -1,
1619 1620 1528 -1,
1619 1528 1530 -1,
1620 1621 1526 -1,
1620 1526 1528 -1,
1621 1622 1524 -1,
1621 1524 1526 -1,
1622 1623 1522 -1,
1622 1522 1524 -1,
1623 1624 1520 -1,
1623 1520 1522 -1,
1624 1625 1518 -1,
1624 1518 1520 -1,
1625 1626 1516 -1,
1625 1516 1518 -1,
1626 1627 1514 -1,
1626 1514 1516 -1,
1627 1628 1512 -1,
1627 1512 1514 -1,
1628 1629 1510 -1,
1628 1510 1512 -1,
1629 1630 1504 -1,
1629 1504 1510 -1,
1631 1600 1508 -1,
1631 1508 1505 -1,
1630 1631 1505 -1,
1630 1505 1504 -1,
768 769 1631 -1,
768 1631 1630 -1,
769 770 1600 -1,
769 1600 1631 -1,
771 768 1630 -1,
771 1630 1629 -1,
772 771 1629 -1,
772 1629 1628 -1,
773 772 1628 -1,
773 1628 1627 -1,
774 773 1627 -1,
774 1627 1626 -1,
775 774 1626 -1,
775 1626 1625 -1,
776 775 1625 -1,
776 1625 1624 -1,
777 776 1624 -1,
777 1624 1623 -1,
778 777 1623 -1,
778 1623 1622 -1,
779 778 1622 -1,
779 1622 1621 -1,
780 779 1621 -1,
780 1621 1620 -1,
781 780 1620 -1,
781 1620 1619 -1,
782 781 1619 -1,
782 1619 1618 -1,
783 782 1618 -1,
783 1618 1617 -1,
784 783 1617 -1,
784 1617 1616 -1,
785 784 1616 -1,
785 1616 1615 -1,
786 785 1615 -1,
786 1615 1614 -1,
787 786 1614 -1,
787 1614 1613 -1,
788 787 1613 -1,
788 1613 1612 -1,
789 788 1612 -1,
789 1612 1611 -1,
790 789 1611 -1,
790 1611 1610 -1,
791 790 1610 -1,
791 1610 1609 -1,
792 791 1609 -1,
792 1609 1608 -1,
793 792 1608 -1,
793 1608 1607 -1,
794 793 1607 -1,
794 1607 1606 -1,
795 794 1606 -1,
795 1606 1605 -1,
796 795 1605 -1,
796 1605 1604 -1,
797 796 1604 -1,
797 1604 1603 -1,
798 797 1603 -1,
798 1603 1602 -1,
799 798 1602 -1,
799 1602 1601 -1,
770 799 1601 -1,
770 1601 1600 -1,
1632 1180 1174 -1,
1632 1174 1633 -1,
1634 1181 1176 -1,
1634 1176 1635 -1,
1636 1182 1178 -1,
1636 1178 1637 -1,
1638 1152 1153 -1,
1638 1153 1639 -1,
1640 1154 1155 -1,
1640 1155 1641 -1,
1642 1156 1157 -1,
1642 1157 1643 -1,
1644 1158 1159 -1,
1644 1159 1645 -1,
1646 1160 1161 -1,
1646 1161 1647 -1,
1648 1162 1163 -1,
1648 1163 1649 -1,
1650 1164 1165 -1,
1650 1165 1651 -1,
1652 1166 1167 -1,
1652 1167 1653 -1,
1654 1168 1169 -1,
1654 1169 1655 -1,
1656 1170 1171 -1,
1656 1171 1657 -1,
1658 1172 1173 -1,
1658 1173 1659 -1,
1633 1174 1175 -1,
1633 1175 1660 -1,
1635 1176 1177 -1,
1635 1177 1661 -1,
1637 1178 1179 -1,
1637 1179 1662 -1,
1639 1153 1180 -1,
1639 1180 1632 -1,
1641 1155 1181 -1,
1641 1181 1634 -1,
1643 1157 1182 -1,
1643 1182 1636 -1,
1645 1159 1152 -1,
1645 1152 1638 -1,
1647 1161 1154 -1,
1647 1154 1640 -1,
1663 1183 1156 -1,
1663 1156 1642 -1,
1649 1163 1158 -1,
1649 1158 1644 -1,
1651 1165 1183 -1,
1651 1183 1663 -1,
1653 1167 1160 -1,
1653 1160 1646 -1,
1655 1169 1162 -1,
1655 1162 1648 -1,
1657 1171 1164 -1,
1657 1164 1650 -1,
1659 1173 1166 -1,
1659 1166 1652 -1,
1661 1177 1168 -1,
1661 1168 1654 -1,
1660 1175 1170 -1,
1660 1170 1656 -1,
1664 1661 1654 -1,
1664 1654 1665 -1,
1666 1660 1656 -1,
1666 1656 1667 -1,
1668 1662 1658 -1,
1668 1658 1669 -1,
1670 1648 1649 -1,
1670 1649 1671 -1,
1672 1650 1651 -1,
1672 1651 1673 -1,
1674 1652 1653 -1,
1674 1653 1675 -1,
1676 1645 1638 -1,
1676 1638 1677 -1,
1678 1647 1640 -1,
1678 1640 1679 -1,
1680 1663 1642 -1,
1680 1642 1681 -1,
1682 1632 1633 -1,
1682 1633 1683 -1,
1684 1634 1635 -1,
1684 1635 1685 -1,
1686 1636 1637 -1,
1686 1637 1687 -1,
1665 1654 1655 -1,
1665 1655 1688 -1,
1667 1656 1657 -1,
1667 1657 1689 -1,
1669 1658 1659 -1,
1669 1659 1690 -1,
1671 1649 1644 -1,
1671 1644 1691 -1,
1675 1653 1646 -1,
1675 1646 1692 -1,
1677 1638 1639 -1,
1677 1639 1693 -1,
1679 1640 1641 -1,
1679 1641 1694 -1,
1681 1642 1643 -1,
1681 1643 1695 -1,
1683 1633 1660 -1,
1683 1660 1666 -1,
1685 1635 1661 -1,
1685 1661 1664 -1,
1687 1637 1662 -1,
1687 1662 1668 -1,
1688 1655 1648 -1,
1688 1648 1670 -1,
1689 1657 1650 -1,
1689 1650 1672 -1,
1690 1659 1652 -1,
1690 1652 1674 -1,
1691 1644 1645 -1,
1691 1645 1676 -1,
1692 1646 1647 -1,
1692 1647 1678 -1,
1693 1639 1632 -1,
1693 1632 1682 -1,
1673 1651 1663 -1,
1673 1663 1680 -1,
1694 1641 1634 -1,
1694 1634 1684 -1,
1662 1179 1172 -1,
1662 1172 1658 -1,
799 770 769 -1,
769 768 771 -1,
771 772 773 -1,
773 774 775 -1,
775 776 777 -1,
777 778 779 -1,
779 780 781 -1,
781 782 783 -1,
783 784 785 -1,
785 786 787 -1,
787 788 789 -1,
789 790 791 -1,
791 792 793 -1,
793 794 795 -1,
795 796 797 -1,
797 798 799 -1,
799 769 771 -1,
771 773 775 -1,
775 777 779 -1,
779 781 783 -1,
783 785 787 -1,
787 789 791 -1,
791 793 795 -1,
795 797 799 -1,
799 771 775 -1,
775 779 783 -1,
783 787 791 -1,
791 795 799 -1,
799 775 783 -1,
783 791 799 -1,
1429 1435 1681 -1,
1429 1681 1695 -1,
1435 1432 1680 -1,
1435 1680 1681 -1,
1695 1643 1636 -1,
1695 1636 1686 -1,
1304 1429 1695 -1,
1304 1695 1686 -1,
1301 1304 1686 -1,
1301 1686 1687 -1,
1327 1301 1687 -1,
1327 1687 1668 -1,
1341 1327 1668 -1,
1341 1668 1669 -1,
1363 1341 1669 -1,
1363 1669 1690 -1,
1437 1363 1690 -1,
1437 1690 1674 -1,
1431 1437 1674 -1,
1431 1674 1675 -1,
1427 1431 1675 -1,
1427 1675 1692 -1,
1320 1427 1692 -1,
1320 1692 1678 -1,
1317 1320 1678 -1,
1317 1678 1679 -1,
1333 1317 1679 -1,
1333 1679 1694 -1,
1355 1333 1694 -1,
1355 1694 1684 -1,
1439 1355 1684 -1,
1439 1684 1685 -1,
1434 1439 1685 -1,
1434 1685 1664 -1,
1428 1434 1664 -1,
1428 1664 1665 -1,
1308 1428 1665 -1,
1308 1665 1688 -1,
1305 1308 1688 -1,
1305 1688 1670 -1,
1329 1305 1670 -1,
1329 1670 1671 -1,
1345 1329 1671 -1,
1345 1671 1691 -1,
1365 1345 1691 -1,
1365 1691 1676 -1,
1436 1365 1676 -1,
1436 1676 1677 -1,
1430 1436 1677 -1,
1430 1677 1693 -1,
1292 1430 1693 -1,
1292 1693 1682 -1,
1289 1292 1682 -1,
1289 1682 1683 -1,
1321 1289 1683 -1,
1321 1683 1666 -1,
1337 1321 1666 -1,
1337 1666 1667 -1,
1357 1337 1667 -1,
1357 1667 1689 -1,
1438 1357 1689 -1,
1438 1689 1672 -1,
1433 1438 1672 -1,
1433 1672 1673 -1,
1432 1433 1673 -1,
1432 1673 1680 -1
] } }
