#VRML V2.0 utf8
# Derived from recovered tube.stl; KiCad uses 2.54 mm per VRML unit.
Shape { appearance Appearance { material Material { diffuseColor 0.65 0.49 0.23 transparency 0.0 specularColor 0.7 0.7 0.7 shininess 0.65 } } geometry IndexedFaceSet { solid TRUE ccw TRUE coord Coordinate { point [
-21.2578511 -1.7e-06 -0.5466107,
-21.2578511 0.1066368 -0.5361078,
-21.2578451 0.0421617 -0.211969,
-21.2578451 -1.5e-06 -0.2161217,
-21.2578511 -0.3036822 -0.45449,
-21.2578511 -0.2091805 -0.5050024,
-21.2578451 -0.0827077 -0.1996704,
-21.2578451 -0.1200722 -0.1796986,
-21.2578511 -0.5050038 -0.2091786,
-21.2578511 -0.4544916 -0.3036804,
-21.2578451 -0.1797 -0.1200707,
-21.2578451 -0.1996718 -0.0827061,
-21.2578511 0.3036791 0.4544897,
-21.2578511 0.2091773 0.5050019,
-21.2578451 0.0827047 0.1996701,
-21.2578451 0.1200693 0.1796984,
-21.2578511 -0.3865129 0.3865122,
-21.2578511 -0.454491 0.3036808,
-21.2578451 -0.1796998 0.1200708,
-21.2578451 -0.1528223 0.1528211,
-21.2578511 -0.1066391 0.5361073,
-21.2578511 -0.2091795 0.5050022,
-21.2578451 -0.0827073 0.1996702,
-21.2578451 -0.0421643 0.2119687,
-21.2578511 -0.536109 -0.1066382,
-21.2578451 -0.2119703 -0.0421632,
-21.2578511 0.5050007 0.2091785,
-21.2578511 0.4544885 0.3036802,
-21.2578451 0.1796971 0.1200705,
-21.2578451 0.1996688 0.082706,
-21.2578511 0.536106 -0.1066386,
-21.2578511 0.5466089 -2e-07,
-21.2578451 0.2161202 -1e-07,
-21.2578451 0.2119674 -0.0421634,
-21.2578511 0.3865105 -0.3865122,
-21.2578511 0.4544885 -0.3036807,
-21.2578451 0.1796971 -0.1200708,
-21.2578451 0.1528196 -0.1528212,
-21.2578511 -0.3036813 0.4544901,
-21.2578451 -0.1200719 0.1796985,
-21.2578511 0.3865105 0.3865117,
-21.2578451 0.1528196 0.1528209,
-21.2578511 -0.3865136 -0.386512,
-21.2578451 -0.1528225 -0.1528211,
-21.2578511 0.536106 0.1066382,
-21.2578451 0.2119674 0.0421631,
-21.2578511 -0.5466119 3e-07,
-21.2578451 -0.216123 1e-07,
-21.2578511 0.303679 -0.4544902,
-21.2578451 0.1200693 -0.1796987,
-21.2578511 -0.5361088 0.1066387,
-21.2578451 -0.2119702 0.0421633,
-21.2578511 0.5050008 -0.2091789,
-21.2578451 0.1996689 -0.0827063,
-21.2578511 0.2091772 -0.5050025,
-21.2578451 0.0827047 -0.1996705,
-21.2578511 -0.1066401 -0.5361077,
-21.2578451 -0.0421647 -0.211969,
-21.2578511 0.1066369 0.5361071,
-21.2578511 -1.5e-06 0.5466102,
-21.2578451 -1.4e-06 0.2161214,
-21.2578451 0.0421618 0.2119686,
-21.2578511 -0.5050034 0.2091791,
-21.2578451 -0.1996716 0.0827062,
-7.8743041 -0.8286403 2.000523,
-8.0654572 -0.8176993 1.9741094,
-8.0654572 -0.4168577 2.0957023,
-7.8743041 -0.4224354 2.1237433,
-8.0654572 1e-07 2.1367587,
-7.8743041 1e-07 2.1653491,
-7.8743041 -1.2030011 1.8004237,
-8.0654572 -1.1871172 1.7766519,
-7.8743041 -1.5311311 1.531135,
-8.0654572 -1.5109149 1.5109188,
-7.8743041 -1.8004205 1.2030058,
-8.0654572 -1.7766489 1.187122,
-7.8743041 -2.0005209 0.8286455,
-8.0654572 -1.9741071 0.8177044,
-7.8743041 -2.1237422 0.4224408,
-8.0654572 -2.0957014 0.4168632,
-7.8743041 -2.1653493 2e-06,
-8.0654572 -2.1367591 1.9e-06,
-7.8743041 -2.1237432 -0.4224369,
-8.0654572 -2.0957023 -0.4168594,
-7.8743041 -2.0005226 -0.8286418,
-8.0654572 -1.974109 -0.8177008,
-7.8743041 -1.800423 -1.2030024,
-8.0654572 -1.7766511 -1.1871186,
-7.8743041 -1.5311341 -1.5311322,
-8.0654572 -1.5109178 -1.510916,
-7.8743041 -1.2030047 -1.8004215,
-8.0654572 -1.1871207 -1.7766498,
-7.8743041 -0.8286442 -2.0005217,
-8.0654572 -0.8177033 -1.9741081,
-7.8743041 -0.4224395 -2.1237428,
-8.0654572 -0.4168618 -2.0957019,
-7.8743041 -6e-07 -2.1653494,
-8.0654572 -6e-07 -2.1367591,
-7.8743041 0.4224383 -2.123743,
-8.0654572 0.4168606 -2.0957021,
-7.8743041 0.8286431 -2.0005222,
-8.0654572 0.8177021 -1.9741087,
-7.8743041 1.2030036 -1.8004224,
-8.0654572 1.1871198 -1.7766506,
-7.8743041 1.5311331 -1.5311331,
-8.0654572 1.5109169 -1.5109169,
-7.8743041 1.8004224 -1.2030036,
-8.0654572 1.7766506 -1.1871198,
-7.8743041 2.0005221 -0.8286431,
-8.0654572 1.9741083 -0.8177021,
-7.8743041 2.123743 -0.4224386,
-8.0654572 2.0957019 -0.4168609,
-7.8743041 2.1653496 0.0,
-8.0654572 2.1367593 0.0,
-7.8743041 2.123743 0.4224387,
-8.0654572 2.0957019 0.416861,
-7.8743041 2.0005219 0.8286432,
-8.0654572 1.9741083 0.8177021,
-7.8743041 1.8004224 1.2030035,
-8.0654572 1.7766506 1.1871197,
-7.8743041 1.5311331 1.531133,
-8.0654572 1.5109169 1.5109168,
-7.8743041 1.2030037 1.8004222,
-8.0654572 1.1871199 1.7766504,
-7.8743041 0.8286435 2.0005217,
-8.0654572 0.8177024 1.9741079,
-7.8743041 0.4224388 2.1237426,
-8.0654572 0.4168612 2.0957019,
-7.4444673 -0.7507212 1.812409,
-7.6593857 -0.8154265 1.9686222,
-7.6593857 -0.4156991 2.0898776,
-7.4444673 -0.3827126 1.9240424,
-7.6593857 1e-07 2.1308199,
-7.4444673 1e-07 1.9617359,
-7.4444673 -1.0898798 1.6311255,
-7.6593857 -1.1838177 1.7717136,
-7.4444673 -1.387155 1.3871586,
-7.6593857 -1.5067153 1.5067192,
-7.4444673 -1.6311225 1.0898842,
-7.6593857 -1.7717106 1.1838224,
-7.4444673 -1.812407 0.7507259,
-7.6593857 -1.96862 0.8154317,
-7.4444673 -1.9240413 0.3827177,
-7.6593857 -2.0898765 0.4157044,
-7.4444673 -1.961736 1.8e-06,
-7.6593857 -2.1308202 1.9e-06,
-7.4444673 -1.9240421 -0.3827141,
-7.6593857 -2.0898774 -0.4157006,
-7.4444673 -1.8124085 -0.7507225,
-7.6593857 -1.9686216 -0.8154281,
-7.4444673 -1.6311246 -1.089881,
-7.6593857 -1.7717129 -1.1838191,
-7.4444673 -1.3871577 -1.387156,
-7.6593857 -1.5067181 -1.5067163,
-7.4444673 -1.089883 -1.6311232,
-7.6593857 -1.1838213 -1.7717114,
-7.4444673 -0.7507247 -1.8124075,
-7.6593857 -0.8154304 -1.9686207,
-7.4444673 -0.3827164 -1.9240417,
-7.6593857 -0.4157032 -2.089877,
-7.4444673 -5e-07 -1.961736,
-7.6593857 -6e-07 -2.1308202,
-7.4444673 0.3827154 -1.9240419,
-7.6593857 0.4157019 -2.0898774,
-7.4444673 0.7507237 -1.8124081,
-7.6593857 0.8154293 -1.9686213,
-7.4444673 1.0898822 -1.631124,
-7.6593857 1.1838203 -1.7717123,
-7.4444673 1.3871569 -1.3871568,
-7.6593857 1.5067174 -1.5067173,
-7.4444673 1.6311242 -1.0898821,
-7.6593857 1.7717121 -1.1838203,
-7.4444673 1.8124081 -0.7507237,
-7.6593857 1.9686211 -0.8154293,
-7.4444673 1.9240421 -0.3827155,
-7.6593857 2.0898772 -0.4157022,
-7.4444673 1.9617362 1e-07,
-7.6593857 2.1308204 1e-07,
-7.4444673 1.9240419 0.3827158,
-7.6593857 2.0898772 0.4157023,
-7.4444673 1.8124079 0.7507238,
-7.6593857 1.9686211 0.8154294,
-7.4444673 1.6311242 1.0898821,
-7.6593857 1.7717121 1.1838201,
-7.4444673 1.3871569 1.3871568,
-7.6593857 1.5067174 1.5067173,
-7.4444673 1.0898823 1.631124,
-7.6593857 1.1838204 1.7717121,
-7.4444673 0.7507241 1.8124077,
-7.6593857 0.8154296 1.9686211,
-7.4444673 0.3827158 1.9240419,
-7.6593857 0.4157025 2.089877,
-8.2566104 -0.7507212 1.812409,
-8.2566104 -0.3827126 1.9240424,
-8.2566104 1e-07 1.9617359,
-8.2566104 -1.0898798 1.6311255,
-8.2566104 -1.387155 1.3871586,
-8.2566104 -1.6311225 1.0898842,
-8.2566104 -1.812407 0.7507259,
-8.2566104 -1.9240413 0.3827177,
-8.2566104 -1.961736 1.8e-06,
-8.2566104 -1.9240421 -0.3827141,
-8.2566104 -1.8124085 -0.7507225,
-8.2566104 -1.6311246 -1.089881,
-8.2566104 -1.3871577 -1.387156,
-8.2566104 -1.089883 -1.6311232,
-8.2566104 -0.7507247 -1.8124075,
-8.2566104 -0.3827164 -1.9240417,
-8.2566104 -5e-07 -1.961736,
-8.2566104 0.3827154 -1.9240419,
-8.2566104 0.7507237 -1.8124081,
-8.2566104 1.0898822 -1.631124,
-8.2566104 1.3871569 -1.3871568,
-8.2566104 1.6311242 -1.0898821,
-8.2566104 1.8124081 -0.7507237,
-8.2566104 1.9240421 -0.3827156,
-8.2566104 1.9617362 1e-07,
-8.2566104 1.9240419 0.3827157,
-8.2566104 1.8124079 0.7507238,
-8.2566104 1.6311242 1.0898821,
-8.2566104 1.3871569 1.3871568,
-8.2566104 1.0898823 1.631124,
-8.2566104 0.7507241 1.8124077,
-8.2566104 0.3827158 1.9240419,
-4.3307244 -0.7507212 1.812409,
-4.3307244 -0.3827126 1.9240424,
-4.3307244 1e-07 1.961736,
-4.3307244 -1.0898798 1.6311255,
-4.3307244 -1.387155 1.3871587,
-4.3307244 -1.6311225 1.0898844,
-4.3307244 -1.812407 0.7507261,
-4.3307244 -1.9240413 0.3827179,
-4.3307244 -1.961736 2e-06,
-4.3307244 -1.9240421 -0.3827139,
-4.3307244 -1.8124085 -0.7507223,
-4.3307244 -1.6311246 -1.0898809,
-4.3307244 -1.3871577 -1.3871559,
-4.3307244 -1.089883 -1.6311232,
-4.3307244 -0.7507247 -1.8124074,
-4.3307244 -0.3827164 -1.9240415,
-4.3307244 -5e-07 -1.961736,
-4.3307244 0.3827154 -1.9240419,
-4.3307244 0.7507237 -1.8124079,
-4.3307244 1.0898822 -1.631124,
-4.3307244 1.3871569 -1.3871567,
-4.3307244 1.6311242 -1.0898819,
-4.3307244 1.8124081 -0.7507235,
-4.3307244 1.9240421 -0.3827154,
-4.3307244 1.9617362 2e-07,
-4.3307244 1.9240419 0.3827159,
-4.3307244 1.8124079 0.750724,
-4.3307244 1.6311242 1.0898822,
-4.3307244 1.3871569 1.3871569,
-4.3307244 1.0898823 1.631124,
-4.3307244 0.7507241 1.8124079,
-4.3307244 0.3827158 1.9240419,
-20.8546075 0.4493021 -1.0847159,
-20.8546075 0.6522865 -0.9762186,
-20.8546075 -0.2290551 -1.1515281,
-20.8546075 -1.9e-06 -1.1740878,
-20.8546075 -0.8302073 -0.8302052,
-20.8546075 -0.6522901 -0.9762181,
-20.8546075 0.2290515 1.1515271,
-20.8546075 -1.5e-06 1.174087,
-20.8546075 -1.0847163 0.4493046,
-20.8546075 -1.151529 0.2290538,
-20.8546075 -0.2290529 1.1515275,
-20.8546075 -0.4493059 -1.0847156,
-20.8546075 0.2290513 -1.1515283,
-20.8546075 1.084714 -0.4493041,
-20.8546075 1.1515263 -0.2290534,
-20.8546075 -0.9762188 0.6522887,
-20.8546075 0.4493023 1.0847148,
-20.8546075 -1.0847171 -0.4493035,
-20.8546075 -0.97622 -0.6522878,
-20.8546075 0.6522866 0.9762175,
-20.8546075 -0.8302058 0.8302058,
-20.8546075 -0.4493038 1.0847156,
-20.8546075 -1.1515294 -0.2290525,
-20.8546075 1.0847139 0.4493033,
-20.8546075 0.9762165 0.6522875,
-20.8546075 1.1740859 -4e-07,
-20.8546075 0.8302037 -0.8302057,
-20.8546075 0.9762165 -0.6522885,
-20.8546075 -0.6522883 0.9762184,
-20.8546075 0.8302037 0.8302047,
-20.8546075 1.1515262 0.2290527,
-20.8546075 -1.1740889 7e-07,
-20.4572768 1.2491101 -0.2484642,
-20.4572768 1.2735817 -4e-07,
-20.4572768 -0.9005616 -0.9005594,
-20.4572768 -0.7075673 -1.058946,
-20.4572768 -0.2484636 1.2491115,
-20.4572768 -0.4873792 1.1766378,
-20.4572768 1.0589442 -0.7075654,
-20.4572768 1.176636 -0.4873796,
-20.4572768 -1.1766396 -0.4873788,
-20.4572768 -1.0589481 -0.7075648,
-20.4572768 0.7075634 -1.0589464,
-20.4572768 0.9005578 -0.9005599,
-20.4572768 0.4873776 1.176637,
-20.4572768 0.2484621 1.2491112,
-20.4572768 -1.273585 7e-07,
-20.4572768 -1.2491136 -0.2484632,
-20.4572768 0.2484618 -1.2491124,
-20.4572768 0.4873774 -1.1766381,
-20.4572768 0.9005578 0.900559,
-20.4572768 0.7075634 1.0589454,
-20.4572768 -1.1766387 0.48738,
-20.4572768 -1.2491132 0.2484646,
-20.4572768 1.1766359 0.4873787,
-20.4572768 1.0589442 0.7075644,
-20.4572768 -0.248466 -1.2491123,
-20.4572768 -2.1e-06 -1.2735838,
-20.4572768 -0.90056 0.9005601,
-20.4572768 -1.0589466 0.7075658,
-20.4572768 1.24911 0.2484633,
-20.4572768 -0.4873815 -1.1766378,
-20.4572768 -0.7075653 1.0589464,
-20.4572768 -1.7e-06 1.2735829,
-14.1748864 -5e-07 -1.9617366,
-14.1748864 -0.3827164 -1.9240421,
-14.1648811 -0.3441001 -1.7299051,
-14.1648811 -4e-07 -1.7637961,
-14.1748864 0.3827158 1.9240413,
-14.1748864 0.7507241 1.8124074,
-14.1648811 0.6749756 1.6295343,
-14.1648811 0.3440996 1.7299044,
-13.9765942 -1.089883 -1.6311238,
-13.9765942 -0.7507247 -1.8124079,
-13.986598 -0.674976 -1.6295349,
-13.986598 -0.9799131 -1.4665423,
-13.9765942 1.3871569 1.3871564,
-13.9765942 1.0898823 1.6311234,
-13.986598 0.9799125 1.466542,
-13.986598 1.247192 1.2471914,
-14.1748864 -1.9240421 -0.3827146,
-14.1748864 -1.961736 1.4e-06,
-14.1648811 -1.7637955 1.3e-06,
-14.1648811 -1.7299049 -0.3440984,
-13.9765942 -1.812407 0.7507255,
-13.9765942 -1.9240413 0.3827172,
-13.986598 -1.7299044 0.3441008,
-13.986598 -1.6295339 0.6749768,
-14.1748864 1.9617362 -4e-07,
-14.1748864 1.9240421 -0.382716,
-14.1648811 1.7299049 -0.3440997,
-14.1648811 1.7637959 -3e-07,
-13.9765942 1.6311242 -1.0898826,
-13.9765942 1.8124081 -0.7507241,
-13.986598 1.6295349 -0.6749755,
-13.986598 1.4665427 -0.9799127,
-14.1748864 -0.3827126 1.9240419,
-14.1748864 1e-07 1.9617357,
-14.1648811 1e-07 1.7637951,
-14.1648811 -0.3440967 1.7299049,
-14.1748864 0.3827154 -1.9240424,
-14.1648811 0.3440992 -1.7299053,
-13.9765942 -0.3827164 -1.9240421,
-13.986598 -0.3441001 -1.7299051,
-13.9765942 0.7507241 1.8124074,
-13.986598 0.6749756 1.6295343,
-14.1748864 -1.8124085 -0.7507229,
-14.1648811 -1.629535 -0.6749744,
-14.1748864 1.9240419 0.3827153,
-14.1648811 1.7299049 0.344099,
-13.9765942 -1.961736 1.4e-06,
-13.986598 -1.7637955 1.3e-06,
-13.9765942 1.9240421 -0.382716,
-13.986598 1.7299049 -0.3440997,
-14.1748864 -1.0898798 1.6311249,
-14.1748864 -0.7507212 1.8124085,
-14.1648811 -0.6749729 1.6295354,
-14.1648811 -0.9799102 1.4665435,
-14.1748864 0.7507237 -1.8124085,
-14.1648811 0.6749752 -1.6295354,
-13.9765942 -0.3827126 1.9240419,
-13.9765942 -0.7507212 1.8124085,
-13.986598 -0.6749729 1.6295354,
-13.986598 -0.3440967 1.7299049,
-13.9765942 -5e-07 -1.9617366,
-13.986598 -4e-07 -1.7637961,
-13.9765942 0.3827158 1.9240413,
-13.986598 0.3440996 1.7299044,
-14.1748864 -1.6311246 -1.0898815,
-14.1648811 -1.4665431 -0.9799117,
-14.1748864 1.8124079 0.7507234,
-14.1648811 1.6295349 0.6749749,
-13.9765942 -1.9240421 -0.3827145,
-13.986598 -1.7299049 -0.3440984,
-13.9765942 1.9617362 -3e-07,
-13.986598 1.7637959 -3e-07,
-14.1748864 -1.387155 1.3871582,
-14.1648811 -1.2471901 1.247193,
-14.1748864 1.0898822 -1.6311246,
-14.1648811 0.9799124 -1.4665429,
-13.9765942 1e-07 1.9617357,
-13.986598 1e-07 1.7637951,
-13.9765942 0.3827154 -1.9240424,
-13.986598 0.3440992 -1.7299053,
-14.1748864 -1.3871577 -1.3871565,
-14.1648811 -1.2471926 -1.2471915,
-13.986598 -0.9799102 1.4665435,
-13.986598 -1.2471901 1.247193,
-13.986598 -1.4665412 0.9799138,
-14.1648811 -1.4665412 0.9799138,
-14.1648811 -1.6295339 0.6749768,
-14.1648811 -1.7299044 0.3441008,
-13.986598 -1.629535 -0.6749744,
-13.986598 -1.4665431 -0.9799117,
-13.986598 -1.2471926 -1.2471915,
-14.1648811 -0.9799131 -1.4665423,
-14.1648811 -0.674976 -1.6295349,
-13.986598 0.6749752 -1.6295354,
-13.986598 0.9799124 -1.4665429,
-13.986598 1.247192 -1.2471924,
-14.1648811 1.247192 -1.2471924,
-14.1648811 1.4665427 -0.9799127,
-14.1648811 1.6295349 -0.6749755,
-13.986598 1.7299049 0.3440991,
-13.986598 1.6295349 0.6749749,
-13.986598 1.4665427 0.9799119,
-14.1648811 1.4665427 0.9799119,
-14.1648811 1.247192 1.2471914,
-14.1648811 0.9799125 1.466542,
-14.7619848 1.8124079 0.7507234,
-14.7619848 1.9240419 0.3827153,
-14.7522709 1.7368007 0.3454707,
-14.7522709 1.6360305 0.6776655,
-14.5623695 -1.6311225 1.0898837,
-14.5623695 -1.812407 0.7507255,
-14.5720835 -1.6360296 0.6776674,
-14.5720835 -1.4723872 0.9838199,
-14.5623695 1.3871569 -1.3871573,
-14.5623695 1.6311242 -1.0898826,
-14.5720835 1.4723887 -0.9838189,
-14.5720835 1.2521637 -1.252164,
-14.7619848 -1.387155 1.3871582,
-14.7619848 -1.0898798 1.6311249,
-14.7522709 -0.9838164 1.4723894,
-14.7522709 -1.2521618 1.2521646,
-14.7619848 1.0898822 -1.6311246,
-14.7619848 0.7507237 -1.8124085,
-14.7522709 0.6776659 -1.6360311,
-14.7522709 0.9838186 -1.4723889,
-14.5623695 -1.089883 -1.6311238,
-14.5623695 -0.7507247 -1.8124079,
-14.5720835 -0.6776666 -1.6360305,
-14.5720835 -0.9838192 -1.4723883,
-14.5623695 1.3871569 1.3871564,
-14.5623695 1.0898823 1.6311234,
-14.5720835 0.9838187 1.4723879,
-14.5720835 1.2521637 1.2521631,
-14.7619848 -1.3871577 -1.3871565,
-14.7619848 -1.6311246 -1.0898815,
-14.7522709 -1.472389 -0.9838179,
-14.7522709 -1.2521641 -1.2521632,
-14.7619848 1.6311242 1.0898816,
-14.7522709 1.4723887 0.983818,
-14.5623695 -1.9240413 0.3827172,
-14.5720835 -1.7368001 0.3454725,
-14.5623695 1.8124081 -0.7507241,
-14.5720835 1.6360305 -0.6776661,
-14.7619848 -1.6311225 1.0898837,
-14.7522709 -1.4723872 0.9838199,
-14.7619848 1.3871569 -1.3871573,
-14.7522709 1.2521637 -1.252164,
-14.5623695 -0.3827164 -1.9240421,
-14.5720835 -0.3454717 -1.7368009,
-14.7619848 -1.089883 -1.6311238,
-14.7522709 -0.9838192 -1.4723883,
-14.5623695 0.7507241 1.8124074,
-14.5720835 0.6776661 1.63603,
-14.7619848 1.3871569 1.3871564,
-14.7522709 1.2521637 1.2521631,
-14.5623695 -1.961736 1.4e-06,
-14.5720835 -1.7708264 1.2e-06,
-14.7619848 -1.812407 0.7507254,
-14.7522709 -1.6360296 0.6776674,
-14.5623695 1.9240421 -0.382716,
-14.5720835 1.7368009 -0.3454714,
-14.7619848 1.6311242 -1.0898826,
-14.7522709 1.4723887 -0.9838189,
-14.5623695 -0.3827126 1.9240419,
-14.5623695 -0.7507212 1.8124085,
-14.5720835 -0.6776635 1.6360311,
-14.5720835 -0.3454683 1.7368007,
-14.5623695 -5e-07 -1.9617366,
-14.5720835 -4e-07 -1.770827,
-14.5623695 0.3827158 1.9240413,
-14.5720835 0.3454712 1.7368001,
-14.7619848 -0.7507247 -1.8124079,
-14.7522709 -0.6776666 -1.6360305,
-14.7619848 1.0898823 1.6311234,
-14.7522709 0.9838187 1.4723879,
-14.5623695 -1.9240421 -0.3827146,
-14.5720835 -1.7368007 -0.3454701,
-14.5623695 1.9617362 -4e-07,
-14.5720835 1.7708266 -3e-07,
-14.7619848 -1.9240413 0.3827172,
-14.7522709 -1.7368001 0.3454725,
-14.7619848 1.8124081 -0.7507242,
-14.7522709 1.6360305 -0.6776662,
-14.5623695 1e-07 1.9617357,
-14.5720835 1e-07 1.770826,
-14.5623695 0.3827154 -1.9240424,
-14.5720835 0.3454708 -1.7368011,
-14.7522709 -0.6776635 1.6360311,
-14.7522709 -0.3454683 1.7368007,
-14.7522709 1e-07 1.770826,
-14.5720835 -0.9838164 1.4723894,
-14.5720835 -1.2521618 1.2521646,
-14.7522709 -1.7708264 1.2e-06,
-14.7522709 -1.7368007 -0.3454701,
-14.5720835 -1.6360309 -0.6776651,
-14.7522709 -1.6360309 -0.6776651,
-14.5720835 -1.472389 -0.9838179,
-14.5720835 -1.2521641 -1.2521632,
-14.7522709 -0.3454717 -1.7368009,
-14.7522709 -4e-07 -1.770827,
-14.7522709 0.3454708 -1.7368011,
-14.5720835 0.6776659 -1.6360311,
-14.5720835 0.9838186 -1.4723889,
-14.7522709 1.7368009 -0.3454714,
-14.7522709 1.7708266 -3e-07,
-14.5720835 1.7368007 0.3454707,
-14.5720835 1.6360305 0.6776655,
-14.5720835 1.4723887 0.983818,
-14.7522709 0.6776661 1.63603,
-14.7522709 0.3454712 1.7368001,
-14.5623695 -1.0898798 1.6311249,
-14.5623695 -1.387155 1.3871582,
-14.1748864 -1.6311225 1.0898837,
-14.1748864 -1.812407 0.7507255,
-14.1748864 -1.9240413 0.3827172,
-14.5623695 -1.8124085 -0.7507229,
-14.5623695 -1.6311246 -1.0898815,
-14.5623695 -1.3871577 -1.3871565,
-14.1748864 -1.089883 -1.6311238,
-14.1748864 -0.7507247 -1.8124079,
-14.5623695 0.7507237 -1.8124085,
-14.5623695 1.0898822 -1.6311246,
-14.1748864 1.3871569 -1.3871573,
-14.1748864 1.6311242 -1.0898826,
-14.1748864 1.8124081 -0.7507241,
-14.5623695 1.9240419 0.3827153,
-14.5623695 1.8124079 0.7507234,
-14.1748864 1.6311242 1.0898816,
-14.5623695 1.6311242 1.0898816,
-14.1748864 1.3871569 1.3871564,
-14.1748864 1.0898823 1.6311234,
-13.9765942 1.3871569 -1.3871573,
-13.9765942 -1.6311225 1.0898837,
-13.9765942 1.6311242 1.0898816,
-13.9765942 -1.3871577 -1.3871565,
-13.9765942 1.0898822 -1.6311246,
-13.9765942 -1.387155 1.3871582,
-13.9765942 1.8124079 0.7507234,
-13.9765942 -1.6311246 -1.0898815,
-13.9765942 0.7507237 -1.8124085,
-13.9765942 -1.0898798 1.6311249,
-13.9765942 1.9240419 0.3827153,
-13.9765942 -1.8124085 -0.7507229,
-14.7619848 -1.8124085 -0.7507229,
-14.7619848 0.3827154 -1.9240424,
-14.7619848 -0.7507212 1.8124085,
-14.7619848 1.9617362 -4e-07,
-14.7619848 -1.9240421 -0.3827146,
-14.7619848 1e-07 1.9617357,
-14.7619848 0.3827158 1.9240413,
-14.7619848 -5e-07 -1.9617366,
-14.7619848 -0.3827126 1.9240419,
-14.7619848 1.9240421 -0.382716,
-14.7619848 -1.961736 1.4e-06,
-14.7619848 0.7507241 1.8124074,
-14.7619848 -0.3827164 -1.9240421,
-3.7401473 1e-07 2.1344429,
-3.9370034 1e-07 2.1653586,
-3.9370034 0.4224406 2.123752,
-3.7401473 0.4164093 2.0934304,
-3.9370034 0.8286471 2.0005305,
-3.7401473 0.816816 1.971968,
-3.9370034 1.2030089 1.8004299,
-3.7401473 1.1858332 1.7747246,
-3.9370034 1.5311399 1.5311399,
-3.7401473 1.5092792 1.5092792,
-3.9370034 1.8004301 1.2030087,
-3.7401473 1.7747248 1.1858331,
-3.9370034 2.0005303 0.8286469,
-3.7401473 1.971968 0.816816,
-3.9370034 2.1237522 0.4224407,
-3.7401473 2.0934302 0.4164094,
-3.9370034 2.1653585 2e-07,
-3.7401473 2.1344427 2e-07,
-3.9370034 2.1237522 -0.4224402,
-3.7401473 2.0934304 -0.4164089,
-3.9370034 2.0005305 -0.8286465,
-3.7401473 1.9719681 -0.8168156,
-3.9370034 1.8004301 -1.2030086,
-3.7401473 1.7747248 -1.1858329,
-3.9370034 1.5311399 -1.5311397,
-3.7401473 1.5092792 -1.5092792,
-3.9370034 1.2030087 -1.8004299,
-3.7401473 1.1858331 -1.7747244,
-3.9370034 0.8286467 -2.0005305,
-3.7401473 0.8168157 -1.971968,
-3.9370034 0.4224401 -2.1237522,
-3.7401473 0.4164087 -2.0934304,
-3.9370034 -6e-07 -2.1653586,
-3.7401473 -6e-07 -2.1344429,
-3.9370034 -0.4224413 -2.1237518,
-3.7401473 -0.4164099 -2.0934298,
-3.9370034 -0.8286477 -2.0005299,
-3.7401473 -0.8168168 -1.9719676,
-3.9370034 -1.2030098 -1.8004292,
-3.7401473 -1.185834 -1.7747237,
-3.9370034 -1.5311408 -1.5311389,
-3.7401473 -1.5092801 -1.5092782,
-3.9370034 -1.8004307 -1.2030075,
-3.7401473 -1.7747254 -1.1858319,
-3.9370034 -2.0005312 -0.8286452,
-3.7401473 -1.9719689 -0.8168144,
-3.9370034 -2.1237525 -0.4224386,
-3.7401473 -2.0934308 -0.4164073,
-3.9370034 -2.1653585 2.1e-06,
-3.7401473 -2.1344427 2.1e-06,
-3.9370034 -2.1237516 0.4224428,
-3.7401473 -2.0934298 0.4164115,
-3.9370034 -2.0005294 0.8286492,
-3.7401473 -1.971967 0.8168182,
-3.9370034 -1.8004284 1.2030112,
-3.7401473 -1.7747231 1.1858353,
-3.9370034 -1.5311378 1.5311419,
-3.7401473 -1.5092773 1.5092811,
-3.9370034 -1.2030063 1.8004316,
-3.7401473 -1.1858306 1.7747261,
-3.9370034 -0.8286439 2.0005316,
-3.7401473 -0.816813 1.9719693,
-3.7401473 -0.4164059 2.0934308,
-3.9370034 -0.4224372 2.1237527,
-0.3937042 -0.7507212 1.8124092,
-3.5432913 -0.7507212 1.812409,
-3.5432913 -0.3827126 1.9240424,
-0.3937042 -0.3827126 1.9240426,
-3.5432913 1e-07 1.961736,
-0.3937042 1e-07 1.9617364,
-0.3937042 -1.0898798 1.6311257,
-3.5432913 -1.0898798 1.6311255,
-0.3937042 -1.387155 1.3871588,
-3.5432913 -1.387155 1.3871587,
-0.3937042 -1.6311225 1.0898844,
-3.5432913 -1.6311225 1.0898844,
-0.3937042 -1.812407 0.7507262,
-3.5432913 -1.812407 0.7507261,
-0.3937042 -1.9240413 0.382718,
-3.5432913 -1.9240413 0.3827179,
-0.3937042 -1.961736 2.1e-06,
-3.5432913 -1.961736 2e-06,
-0.3937042 -1.9240421 -0.3827138,
-3.5432913 -1.9240421 -0.3827139,
-0.3937042 -1.8124085 -0.7507222,
-3.5432913 -1.8124085 -0.7507223,
-0.3937042 -1.6311246 -1.0898808,
-3.5432913 -1.6311246 -1.0898809,
-0.3937042 -1.3871577 -1.3871558,
-3.5432913 -1.3871577 -1.3871559,
-0.3937042 -1.089883 -1.6311231,
-3.5432913 -1.089883 -1.6311232,
-0.3937042 -0.7507247 -1.8124072,
-3.5432913 -0.7507247 -1.8124074,
-0.3937042 -0.3827164 -1.9240415,
-3.5432913 -0.3827164 -1.9240415,
-0.3937042 -5e-07 -1.9617359,
-3.5432913 -5e-07 -1.961736,
-0.3937042 0.3827154 -1.9240417,
-3.5432913 0.3827154 -1.9240419,
-0.3937042 0.7507237 -1.8124077,
-3.5432913 0.7507237 -1.8124079,
-0.3937042 1.0898822 -1.6311238,
-3.5432913 1.0898822 -1.631124,
-0.3937042 1.3871569 -1.3871567,
-3.5432913 1.3871569 -1.3871567,
-0.3937042 1.6311242 -1.0898818,
-3.5432913 1.6311242 -1.0898819,
-0.3937042 1.8124081 -0.7507234,
-3.5432913 1.8124081 -0.7507235,
-0.3937042 1.9240421 -0.3827153,
-3.5432913 1.9240421 -0.3827154,
-0.3937042 1.9617362 4e-07,
-3.5432913 1.9617362 2e-07,
-0.3937042 1.9240419 0.382716,
-3.5432913 1.9240419 0.3827159,
-0.3937042 1.8124079 0.7507242,
-3.5432913 1.8124079 0.750724,
-0.3937042 1.6311242 1.0898823,
-3.5432913 1.6311242 1.0898822,
-0.3937042 1.3871569 1.387157,
-3.5432913 1.3871569 1.3871569,
-0.3937042 1.0898823 1.6311242,
-3.5432913 1.0898823 1.631124,
-0.3937042 0.7507241 1.8124081,
-3.5432913 0.7507241 1.8124079,
-0.3937042 0.3827158 1.9240421,
-3.5432913 0.3827158 1.9240419,
-4.1338635 1e-07 2.1344679,
-4.1338635 0.4164141 2.0934548,
-4.1338635 0.8168256 1.971991,
-4.1338635 1.185847 1.7747453,
-4.1338635 1.5092967 1.5092967,
-4.1338635 1.7747455 1.1858467,
-4.1338635 1.9719912 0.8168254,
-4.1338635 2.0934546 0.4164142,
-4.1338635 2.1344679 2e-07,
-4.1338635 2.0934548 -0.4164137,
-4.1338635 1.9719914 -0.8168251,
-4.1338635 1.7747455 -1.1858467,
-4.1338635 1.5092967 -1.5092967,
-4.1338635 1.1858469 -1.7747453,
-4.1338635 0.8168252 -1.9719912,
-4.1338635 0.4164136 -2.0934548,
-4.1338635 -6e-07 -2.1344677,
-4.1338635 -0.4164149 -2.0934542,
-4.1338635 -0.8168264 -1.9719909,
-4.1338635 -1.1858478 -1.7747445,
-4.1338635 -1.5092976 -1.5092957,
-4.1338635 -1.774746 -1.1858456,
-4.1338635 -1.9719918 -0.8168238,
-4.1338635 -2.0934552 -0.4164121,
-4.1338635 -2.1344675 2.1e-06,
-4.1338635 -2.0934542 0.4164163,
-4.1338635 -1.9719903 0.8168278,
-4.1338635 -1.7747438 1.1858491,
-4.1338635 -1.5092947 1.5092987,
-4.1338635 -1.1858443 1.774747,
-4.1338635 -0.8168226 1.9719922,
-4.1338635 -0.4164107 2.0934552,
-0.1968521 1e-07 2.1344707,
-0.1968521 0.4164147 2.0934576,
-0.1968521 0.8168267 1.9719939,
-0.1968521 1.1858485 1.7747477,
-0.1968521 1.5092987 1.5092989,
-0.1968521 1.7747477 1.1858485,
-0.1968521 1.9719937 0.8168268,
-0.1968521 2.0934574 0.4164148,
-0.1968521 2.1344707 3e-07,
-0.1968521 2.0934576 -0.4164142,
-0.1968521 1.971994 -0.8168261,
-0.1968521 1.7747477 -1.1858481,
-0.1968521 1.5092987 -1.5092985,
-0.1968521 1.1858484 -1.7747475,
-0.1968521 0.8168264 -1.971994,
-0.1968521 0.4164141 -2.0934576,
-0.1968521 -6e-07 -2.1344705,
-0.1968521 -0.4164153 -2.0934574,
-0.1968521 -0.8168275 -1.9719935,
-0.1968521 -1.1858494 -1.7747468,
-0.1968521 -1.5092996 -1.5092976,
-0.1968521 -1.7747483 -1.1858471,
-0.1968521 -1.9719946 -0.8168249,
-0.1968521 -2.093458 -0.4164126,
-0.1968521 -2.1344707 2.2e-06,
-0.1968521 -2.0934572 0.416417,
-0.1968521 -1.9719931 0.816829,
-0.1968521 -1.774746 1.1858508,
-0.1968521 -1.5092966 1.5093007,
-0.1968521 -1.185846 1.7747494,
-0.1968521 -0.8168236 1.9719954,
-0.1968521 -0.4164113 2.0934582,
0.0 -0.8286422 2.0005279,
0.0 -0.4224363 2.1237484,
0.0 1e-07 2.1653543,
0.0 -1.2030039 1.8004282,
0.0 -1.5311345 1.5311387,
0.0 -1.8004247 1.2030087,
0.0 -2.0005254 0.8286476,
0.0 -2.1237471 0.4224421,
0.0 -2.1653543 2.3e-06,
0.0 -2.123748 -0.4224376,
0.0 -2.0005269 -0.8286434,
0.0 -1.8004271 -1.203005,
0.0 -1.5311374 -1.5311356,
0.0 -1.2030074 -1.8004254,
0.0 -0.8286461 -2.000526,
0.0 -0.4224405 -2.1237475,
0.0 -6e-07 -2.1653541,
0.0 0.4224392 -2.1237478,
0.0 0.828645 -2.0005267,
0.0 1.2030065 -1.8004262,
0.0 1.5311367 -1.5311365,
0.0 1.8004265 -1.2030062,
0.0 2.0005266 -0.8286447,
0.0 2.1237478 -0.4224392,
0.0 2.1653545 3e-07,
0.0 2.1237478 0.4224399,
0.0 2.0005266 0.8286453,
0.0 1.8004265 1.2030065,
0.0 1.5311367 1.5311368,
0.0 1.2030066 1.8004265,
0.0 0.8286454 2.0005264,
0.0 0.4224398 2.1237478,
-17.9047292 1.2491119 0.2484633,
-17.9047292 1.1766377 0.4873787,
-17.9047292 -0.4873796 -1.1766378,
-17.9047292 -0.2484641 -1.2491123,
-17.9047292 -0.7075634 1.0589464,
-17.9047292 -0.9005581 0.9005601,
-17.9047292 1.249112 -0.2484642,
-17.9047292 1.2735836 -4e-07,
-17.9047292 -0.9005598 -0.9005594,
-17.9047292 -0.7075654 -1.058946,
-17.9047292 -0.2484617 1.2491115,
-17.9047292 -0.4873773 1.1766378,
-17.9047292 1.0589461 -0.7075654,
-17.9047292 1.1766378 -0.4873796,
-17.9047292 -1.1766377 -0.4873788,
-17.9047292 -1.0589463 -0.7075648,
-17.9047292 0.7075652 -1.0589464,
-17.9047292 0.9005596 -0.9005599,
-17.9047292 0.4873795 1.176637,
-17.9047292 0.248464 1.2491112,
-17.9047292 -1.2735831 7e-07,
-17.9047292 -1.2491117 -0.2484632,
-17.9047292 0.2484637 -1.2491124,
-17.9047292 0.4873792 -1.1766381,
-17.9047292 0.9005596 0.900559,
-17.9047292 0.7075653 1.0589454,
-17.9047292 -1.1766368 0.48738,
-17.9047292 -1.2491114 0.2484646,
-17.9047292 1.0589461 0.7075644,
-17.9047292 -2e-07 -1.2735838,
-17.9047292 -1.0589448 0.7075658,
-17.9047292 2e-07 1.2735829,
-17.9047292 -5e-07 -1.9617368,
-17.9047292 0.3827154 -1.9240426,
-17.9047292 1.6311242 1.0898813,
-17.9047292 1.3871569 1.3871561,
-17.9047292 -1.6311225 1.0898835,
-17.9047292 -1.812407 0.7507252,
-17.9047292 1.0898822 -1.6311248,
-17.9047292 1.3871569 -1.3871576,
-17.9047292 0.7507241 1.8124072,
-17.9047292 0.3827158 1.9240411,
-17.9047292 -1.961736 1.2e-06,
-17.9047292 -1.9240421 -0.3827147,
-17.9047292 1.8124081 -0.7507243,
-17.9047292 1.9240421 -0.3827162,
-17.9047292 -1.6311246 -1.0898817,
-17.9047292 -1.3871577 -1.3871567,
-17.9047292 1e-07 1.9617355,
-17.9047292 -0.3827126 1.9240417,
-17.9047292 1.9240419 0.3827151,
-17.9047292 1.8124079 0.7507232,
-17.9047292 -0.7507247 -1.8124081,
-17.9047292 -0.3827164 -1.9240424,
-17.9047292 -1.0898798 1.6311248,
-17.9047292 -1.387155 1.3871579,
-17.9047292 0.7507237 -1.8124089,
-17.9047292 1.0898823 1.6311232,
-17.9047292 -1.9240413 0.3827171,
-17.9047292 1.6311242 -1.0898828,
-17.9047292 -1.8124085 -0.7507231,
-17.9047292 1.9617362 -6e-07,
-17.9047292 -1.089883 -1.631124,
-17.9047292 -0.7507212 1.8124083,
21.2578511 -1.7e-06 -0.5466107,
21.2578451 -1.5e-06 -0.2161217,
21.2578451 0.0421617 -0.211969,
21.2578511 0.1066368 -0.5361078,
21.2578511 -0.3036822 -0.45449,
21.2578451 -0.1200722 -0.1796986,
21.2578451 -0.0827077 -0.1996704,
21.2578511 -0.2091805 -0.5050024,
21.2578511 -0.5050038 -0.2091786,
21.2578451 -0.1996718 -0.0827061,
21.2578451 -0.1797 -0.1200707,
21.2578511 -0.4544916 -0.3036804,
21.2578511 0.3036791 0.4544897,
21.2578451 0.1200693 0.1796984,
21.2578451 0.0827047 0.1996701,
21.2578511 0.2091773 0.5050019,
21.2578511 -0.3865129 0.3865122,
21.2578451 -0.1528223 0.1528211,
21.2578451 -0.1796998 0.1200708,
21.2578511 -0.454491 0.3036808,
21.2578511 -0.1066391 0.5361073,
21.2578451 -0.0421643 0.2119687,
21.2578451 -0.0827073 0.1996702,
21.2578511 -0.2091795 0.5050022,
21.2578511 -0.536109 -0.1066382,
21.2578451 -0.2119703 -0.0421632,
21.2578511 0.5050007 0.2091785,
21.2578451 0.1996688 0.082706,
21.2578451 0.1796971 0.1200705,
21.2578511 0.4544885 0.3036802,
21.2578511 0.536106 -0.1066386,
21.2578451 0.2119674 -0.0421634,
21.2578451 0.2161202 -1e-07,
21.2578511 0.5466089 -2e-07,
21.2578511 0.3865105 -0.3865122,
21.2578451 0.1528196 -0.1528212,
21.2578451 0.1796971 -0.1200708,
21.2578511 0.4544885 -0.3036807,
21.2578511 -0.3036813 0.4544901,
21.2578451 -0.1200719 0.1796985,
21.2578511 0.3865105 0.3865117,
21.2578451 0.1528196 0.1528209,
21.2578451 -0.1528225 -0.1528211,
21.2578511 -0.3865136 -0.386512,
21.2578511 0.536106 0.1066382,
21.2578451 0.2119674 0.0421631,
21.2578511 -0.5466119 3e-07,
21.2578451 -0.216123 1e-07,
21.2578511 0.303679 -0.4544902,
21.2578451 0.1200693 -0.1796987,
21.2578511 -0.5361088 0.1066387,
21.2578451 -0.2119702 0.0421633,
21.2578451 0.1996689 -0.0827063,
21.2578511 0.5050008 -0.2091789,
21.2578511 0.2091772 -0.5050025,
21.2578451 0.0827047 -0.1996705,
21.2578511 -0.1066401 -0.5361077,
21.2578451 -0.0421647 -0.211969,
21.2578511 0.1066369 0.5361071,
21.2578451 0.0421618 0.2119686,
21.2578451 -1.4e-06 0.2161214,
21.2578511 -1.5e-06 0.5466102,
21.2578511 -0.5050034 0.2091791,
21.2578451 -0.1996716 0.0827062,
7.8743041 -0.8286403 2.000523,
7.8743041 -0.4224354 2.1237433,
8.0654572 -0.4168577 2.0957023,
8.0654572 -0.8176993 1.9741094,
7.8743041 1e-07 2.1653491,
8.0654572 1e-07 2.1367587,
7.8743041 -1.2030011 1.8004237,
8.0654572 -1.1871172 1.7766519,
7.8743041 -1.5311311 1.531135,
8.0654572 -1.5109149 1.5109188,
7.8743041 -1.8004205 1.2030058,
8.0654572 -1.7766489 1.187122,
7.8743041 -2.0005209 0.8286455,
8.0654572 -1.9741071 0.8177044,
7.8743041 -2.1237422 0.4224408,
8.0654572 -2.0957014 0.4168632,
7.8743041 -2.1653493 2e-06,
8.0654572 -2.1367591 1.9e-06,
7.8743041 -2.1237432 -0.4224369,
8.0654572 -2.0957023 -0.4168594,
7.8743041 -2.0005226 -0.8286418,
8.0654572 -1.974109 -0.8177008,
7.8743041 -1.800423 -1.2030024,
8.0654572 -1.7766511 -1.1871186,
7.8743041 -1.5311341 -1.5311322,
8.0654572 -1.5109178 -1.510916,
7.8743041 -1.2030047 -1.8004215,
8.0654572 -1.1871207 -1.7766498,
7.8743041 -0.8286442 -2.0005217,
8.0654572 -0.8177033 -1.9741081,
7.8743041 -0.4224395 -2.1237428,
8.0654572 -0.4168618 -2.0957019,
7.8743041 -6e-07 -2.1653494,
8.0654572 -6e-07 -2.1367591,
7.8743041 0.4224383 -2.123743,
8.0654572 0.4168606 -2.0957021,
7.8743041 0.8286431 -2.0005222,
8.0654572 0.8177021 -1.9741087,
7.8743041 1.2030036 -1.8004224,
8.0654572 1.1871198 -1.7766506,
7.8743041 1.5311331 -1.5311331,
8.0654572 1.5109169 -1.5109169,
7.8743041 1.8004224 -1.2030036,
8.0654572 1.7766506 -1.1871198,
7.8743041 2.0005221 -0.8286431,
8.0654572 1.9741083 -0.8177021,
7.8743041 2.123743 -0.4224386,
8.0654572 2.0957019 -0.4168609,
7.8743041 2.1653496 0.0,
8.0654572 2.1367593 0.0,
7.8743041 2.123743 0.4224387,
8.0654572 2.0957019 0.416861,
7.8743041 2.0005219 0.8286432,
8.0654572 1.9741083 0.8177021,
7.8743041 1.8004224 1.2030035,
8.0654572 1.7766506 1.1871197,
7.8743041 1.5311331 1.531133,
8.0654572 1.5109169 1.5109168,
7.8743041 1.2030037 1.8004222,
8.0654572 1.1871199 1.7766504,
7.8743041 0.8286435 2.0005217,
8.0654572 0.8177024 1.9741079,
7.8743041 0.4224388 2.1237426,
8.0654572 0.4168612 2.0957019,
7.4444673 -0.7507212 1.812409,
7.4444673 -0.3827126 1.9240424,
7.6593857 -0.4156991 2.0898776,
7.6593857 -0.8154265 1.9686222,
7.4444673 1e-07 1.9617359,
7.6593857 1e-07 2.1308199,
7.4444673 -1.0898798 1.6311255,
7.6593857 -1.1838177 1.7717136,
7.4444673 -1.387155 1.3871586,
7.6593857 -1.5067153 1.5067192,
7.4444673 -1.6311225 1.0898842,
7.6593857 -1.7717106 1.1838224,
7.4444673 -1.812407 0.7507259,
7.6593857 -1.96862 0.8154317,
7.4444673 -1.9240413 0.3827177,
7.6593857 -2.0898765 0.4157044,
7.4444673 -1.961736 1.8e-06,
7.6593857 -2.1308202 1.9e-06,
7.4444673 -1.9240421 -0.3827141,
7.6593857 -2.0898774 -0.4157006,
7.4444673 -1.8124085 -0.7507225,
7.6593857 -1.9686216 -0.8154281,
7.4444673 -1.6311246 -1.089881,
7.6593857 -1.7717129 -1.1838191,
7.4444673 -1.3871577 -1.387156,
7.6593857 -1.5067181 -1.5067163,
7.4444673 -1.089883 -1.6311232,
7.6593857 -1.1838213 -1.7717114,
7.4444673 -0.7507247 -1.8124075,
7.6593857 -0.8154304 -1.9686207,
7.4444673 -0.3827164 -1.9240417,
7.6593857 -0.4157032 -2.089877,
7.4444673 -5e-07 -1.961736,
7.6593857 -6e-07 -2.1308202,
7.4444673 0.3827154 -1.9240419,
7.6593857 0.4157019 -2.0898774,
7.4444673 0.7507237 -1.8124081,
7.6593857 0.8154293 -1.9686213,
7.4444673 1.0898822 -1.631124,
7.6593857 1.1838203 -1.7717123,
7.4444673 1.3871569 -1.3871568,
7.6593857 1.5067174 -1.5067173,
7.4444673 1.6311242 -1.0898821,
7.6593857 1.7717121 -1.1838203,
7.4444673 1.8124081 -0.7507237,
7.6593857 1.9686211 -0.8154293,
7.4444673 1.9240421 -0.3827155,
7.6593857 2.0898772 -0.4157022,
7.4444673 1.9617362 1e-07,
7.6593857 2.1308204 1e-07,
7.4444673 1.9240419 0.3827158,
7.6593857 2.0898772 0.4157023,
7.4444673 1.8124079 0.7507238,
7.6593857 1.9686211 0.8154294,
7.4444673 1.6311242 1.0898821,
7.6593857 1.7717121 1.1838201,
7.4444673 1.3871569 1.3871568,
7.6593857 1.5067174 1.5067173,
7.4444673 1.0898823 1.631124,
7.6593857 1.1838204 1.7717121,
7.4444673 0.7507241 1.8124077,
7.6593857 0.8154296 1.9686211,
7.4444673 0.3827158 1.9240419,
7.6593857 0.4157025 2.089877,
8.2566104 -0.3827126 1.9240424,
8.2566104 -0.7507212 1.812409,
8.2566104 1e-07 1.9617359,
8.2566104 -1.0898798 1.6311255,
8.2566104 -1.387155 1.3871586,
8.2566104 -1.6311225 1.0898842,
8.2566104 -1.812407 0.7507259,
8.2566104 -1.9240413 0.3827177,
8.2566104 -1.961736 1.8e-06,
8.2566104 -1.9240421 -0.3827141,
8.2566104 -1.8124085 -0.7507225,
8.2566104 -1.6311246 -1.089881,
8.2566104 -1.3871577 -1.387156,
8.2566104 -1.089883 -1.6311232,
8.2566104 -0.7507247 -1.8124075,
8.2566104 -0.3827164 -1.9240417,
8.2566104 -5e-07 -1.961736,
8.2566104 0.3827154 -1.9240419,
8.2566104 0.7507237 -1.8124081,
8.2566104 1.0898822 -1.631124,
8.2566104 1.3871569 -1.3871568,
8.2566104 1.6311242 -1.0898821,
8.2566104 1.8124081 -0.7507237,
8.2566104 1.9240421 -0.3827156,
8.2566104 1.9617362 1e-07,
8.2566104 1.9240419 0.3827157,
8.2566104 1.8124079 0.7507238,
8.2566104 1.6311242 1.0898821,
8.2566104 1.3871569 1.3871568,
8.2566104 1.0898823 1.631124,
8.2566104 0.7507241 1.8124077,
8.2566104 0.3827158 1.9240419,
4.3307244 -0.7507212 1.812409,
4.3307244 -0.3827126 1.9240424,
4.3307244 1e-07 1.961736,
4.3307244 -1.0898798 1.6311255,
4.3307244 -1.387155 1.3871587,
4.3307244 -1.6311225 1.0898844,
4.3307244 -1.812407 0.7507261,
4.3307244 -1.9240413 0.3827179,
4.3307244 -1.961736 2e-06,
4.3307244 -1.9240421 -0.3827139,
4.3307244 -1.8124085 -0.7507223,
4.3307244 -1.6311246 -1.0898809,
4.3307244 -1.3871577 -1.3871559,
4.3307244 -1.089883 -1.6311232,
4.3307244 -0.7507247 -1.8124074,
4.3307244 -0.3827164 -1.9240415,
4.3307244 -5e-07 -1.961736,
4.3307244 0.3827154 -1.9240419,
4.3307244 0.7507237 -1.8124079,
4.3307244 1.0898822 -1.631124,
4.3307244 1.3871569 -1.3871567,
4.3307244 1.6311242 -1.0898819,
4.3307244 1.8124081 -0.7507235,
4.3307244 1.9240421 -0.3827154,
4.3307244 1.9617362 2e-07,
4.3307244 1.9240419 0.3827159,
4.3307244 1.8124079 0.750724,
4.3307244 1.6311242 1.0898822,
4.3307244 1.3871569 1.3871569,
4.3307244 1.0898823 1.631124,
4.3307244 0.7507241 1.8124079,
4.3307244 0.3827158 1.9240419,
20.8546075 0.4493021 -1.0847159,
20.8546075 0.6522865 -0.9762186,
20.8546075 -0.2290551 -1.1515281,
20.8546075 -1.9e-06 -1.1740878,
20.8546075 -0.8302073 -0.8302052,
20.8546075 -0.6522901 -0.9762181,
20.8546075 0.2290515 1.1515271,
20.8546075 -1.5e-06 1.174087,
20.8546075 -1.0847163 0.4493046,
20.8546075 -1.151529 0.2290538,
20.8546075 -0.2290529 1.1515275,
20.8546075 -0.4493059 -1.0847156,
20.8546075 0.2290513 -1.1515283,
20.8546075 1.084714 -0.4493041,
20.8546075 1.1515263 -0.2290534,
20.8546075 -0.9762188 0.6522887,
20.8546075 0.4493023 1.0847148,
20.8546075 -1.0847171 -0.4493035,
20.8546075 -0.97622 -0.6522878,
20.8546075 0.6522866 0.9762175,
20.8546075 -0.8302058 0.8302058,
20.8546075 -0.4493038 1.0847156,
20.8546075 -1.1515294 -0.2290525,
20.8546075 1.0847139 0.4493033,
20.8546075 0.9762165 0.6522875,
20.8546075 1.1740859 -4e-07,
20.8546075 0.8302037 -0.8302057,
20.8546075 0.9762165 -0.6522885,
20.8546075 -0.6522883 0.9762184,
20.8546075 0.8302037 0.8302047,
20.8546075 1.1515262 0.2290527,
20.8546075 -1.1740889 7e-07,
20.4572768 1.2491101 -0.2484642,
20.4572768 1.2735817 -4e-07,
20.4572768 -0.9005616 -0.9005594,
20.4572768 -0.7075673 -1.058946,
20.4572768 -0.2484636 1.2491115,
20.4572768 -0.4873792 1.1766378,
20.4572768 1.0589442 -0.7075654,
20.4572768 1.176636 -0.4873796,
20.4572768 -1.1766396 -0.4873788,
20.4572768 -1.0589481 -0.7075648,
20.4572768 0.7075634 -1.0589464,
20.4572768 0.9005578 -0.9005599,
20.4572768 0.4873776 1.176637,
20.4572768 0.2484621 1.2491112,
20.4572768 -1.273585 7e-07,
20.4572768 -1.2491136 -0.2484632,
20.4572768 0.2484618 -1.2491124,
20.4572768 0.4873774 -1.1766381,
20.4572768 0.9005578 0.900559,
20.4572768 0.7075634 1.0589454,
20.4572768 -1.1766387 0.48738,
20.4572768 -1.2491132 0.2484646,
20.4572768 1.1766359 0.4873787,
20.4572768 1.0589442 0.7075644,
20.4572768 -0.248466 -1.2491123,
20.4572768 -2.1e-06 -1.2735838,
20.4572768 -0.90056 0.9005601,
20.4572768 -1.0589466 0.7075658,
20.4572768 1.24911 0.2484633,
20.4572768 -0.4873815 -1.1766378,
20.4572768 -0.7075653 1.0589464,
20.4572768 -1.7e-06 1.2735829,
14.1748864 -5e-07 -1.9617366,
14.1648811 -4e-07 -1.7637961,
14.1648811 -0.3441001 -1.7299051,
14.1748864 -0.3827164 -1.9240421,
14.1748864 0.3827158 1.9240413,
14.1648811 0.3440996 1.7299044,
14.1648811 0.6749756 1.6295343,
14.1748864 0.7507241 1.8124074,
13.9765942 -1.089883 -1.6311238,
13.986598 -0.9799131 -1.4665423,
13.986598 -0.674976 -1.6295349,
13.9765942 -0.7507247 -1.8124079,
13.9765942 1.3871569 1.3871564,
13.986598 1.247192 1.2471914,
13.986598 0.9799125 1.466542,
13.9765942 1.0898823 1.6311234,
14.1748864 -1.9240421 -0.3827146,
14.1648811 -1.7299049 -0.3440984,
14.1648811 -1.7637955 1.3e-06,
14.1748864 -1.961736 1.4e-06,
13.9765942 -1.812407 0.7507255,
13.986598 -1.6295339 0.6749768,
13.986598 -1.7299044 0.3441008,
13.9765942 -1.9240413 0.3827172,
14.1748864 1.9617362 -4e-07,
14.1648811 1.7637959 -3e-07,
14.1648811 1.7299049 -0.3440997,
14.1748864 1.9240421 -0.382716,
13.9765942 1.6311242 -1.0898826,
13.986598 1.4665427 -0.9799127,
13.986598 1.6295349 -0.6749755,
13.9765942 1.8124081 -0.7507241,
14.1748864 -0.3827126 1.9240419,
14.1648811 -0.3440967 1.7299049,
14.1648811 1e-07 1.7637951,
14.1748864 1e-07 1.9617357,
14.1748864 0.3827154 -1.9240424,
14.1648811 0.3440992 -1.7299053,
13.986598 -0.3441001 -1.7299051,
13.9765942 -0.3827164 -1.9240421,
13.986598 0.6749756 1.6295343,
13.9765942 0.7507241 1.8124074,
14.1748864 -1.8124085 -0.7507229,
14.1648811 -1.629535 -0.6749744,
14.1748864 1.9240419 0.3827153,
14.1648811 1.7299049 0.344099,
13.986598 -1.7637955 1.3e-06,
13.9765942 -1.961736 1.4e-06,
13.986598 1.7299049 -0.3440997,
13.9765942 1.9240421 -0.382716,
14.1748864 -1.0898798 1.6311249,
14.1648811 -0.9799102 1.4665435,
14.1648811 -0.6749729 1.6295354,
14.1748864 -0.7507212 1.8124085,
14.1748864 0.7507237 -1.8124085,
14.1648811 0.6749752 -1.6295354,
13.9765942 -0.3827126 1.9240419,
13.986598 -0.3440967 1.7299049,
13.986598 -0.6749729 1.6295354,
13.9765942 -0.7507212 1.8124085,
13.986598 -4e-07 -1.7637961,
13.9765942 -5e-07 -1.9617366,
13.986598 0.3440996 1.7299044,
13.9765942 0.3827158 1.9240413,
14.1748864 -1.6311246 -1.0898815,
14.1648811 -1.4665431 -0.9799117,
14.1748864 1.8124079 0.7507234,
14.1648811 1.6295349 0.6749749,
13.986598 -1.7299049 -0.3440984,
13.9765942 -1.9240421 -0.3827145,
13.986598 1.7637959 -3e-07,
13.9765942 1.9617362 -3e-07,
14.1748864 -1.387155 1.3871582,
14.1648811 -1.2471901 1.247193,
14.1748864 1.0898822 -1.6311246,
14.1648811 0.9799124 -1.4665429,
13.9765942 1e-07 1.9617357,
13.986598 1e-07 1.7637951,
13.986598 0.3440992 -1.7299053,
13.9765942 0.3827154 -1.9240424,
14.1748864 -1.3871577 -1.3871565,
14.1648811 -1.2471926 -1.2471915,
13.986598 -0.9799102 1.4665435,
13.986598 -1.2471901 1.247193,
13.986598 -1.4665412 0.9799138,
14.1648811 -1.4665412 0.9799138,
14.1648811 -1.6295339 0.6749768,
14.1648811 -1.7299044 0.3441008,
13.986598 -1.629535 -0.6749744,
13.986598 -1.4665431 -0.9799117,
13.986598 -1.2471926 -1.2471915,
14.1648811 -0.9799131 -1.4665423,
14.1648811 -0.674976 -1.6295349,
13.986598 0.6749752 -1.6295354,
13.986598 0.9799124 -1.4665429,
13.986598 1.247192 -1.2471924,
14.1648811 1.247192 -1.2471924,
14.1648811 1.4665427 -0.9799127,
14.1648811 1.6295349 -0.6749755,
13.986598 1.7299049 0.3440991,
13.986598 1.6295349 0.6749749,
13.986598 1.4665427 0.9799119,
14.1648811 1.4665427 0.9799119,
14.1648811 1.247192 1.2471914,
14.1648811 0.9799125 1.466542,
14.7619848 1.8124079 0.7507234,
14.7522709 1.6360305 0.6776655,
14.7522709 1.7368007 0.3454707,
14.7619848 1.9240419 0.3827153,
14.5623695 -1.6311225 1.0898837,
14.5720835 -1.4723872 0.9838199,
14.5720835 -1.6360296 0.6776674,
14.5623695 -1.812407 0.7507255,
14.5623695 1.3871569 -1.3871573,
14.5720835 1.2521637 -1.252164,
14.5720835 1.4723887 -0.9838189,
14.5623695 1.6311242 -1.0898826,
14.7619848 -1.387155 1.3871582,
14.7522709 -1.2521618 1.2521646,
14.7522709 -0.9838164 1.4723894,
14.7619848 -1.0898798 1.6311249,
14.7619848 1.0898822 -1.6311246,
14.7522709 0.9838186 -1.4723889,
14.7522709 0.6776659 -1.6360311,
14.7619848 0.7507237 -1.8124085,
14.5623695 -1.089883 -1.6311238,
14.5720835 -0.9838192 -1.4723883,
14.5720835 -0.6776666 -1.6360305,
14.5623695 -0.7507247 -1.8124079,
14.5623695 1.3871569 1.3871564,
14.5720835 1.2521637 1.2521631,
14.5720835 0.9838187 1.4723879,
14.5623695 1.0898823 1.6311234,
14.7619848 -1.3871577 -1.3871565,
14.7522709 -1.2521641 -1.2521632,
14.7522709 -1.472389 -0.9838179,
14.7619848 -1.6311246 -1.0898815,
14.7619848 1.6311242 1.0898816,
14.7522709 1.4723887 0.983818,
14.5720835 -1.7368001 0.3454725,
14.5623695 -1.9240413 0.3827172,
14.5720835 1.6360305 -0.6776661,
14.5623695 1.8124081 -0.7507241,
14.7619848 -1.6311225 1.0898837,
14.7522709 -1.4723872 0.9838199,
14.7619848 1.3871569 -1.3871573,
14.7522709 1.2521637 -1.252164,
14.5720835 -0.3454717 -1.7368009,
14.5623695 -0.3827164 -1.9240421,
14.7619848 -1.089883 -1.6311238,
14.7522709 -0.9838192 -1.4723883,
14.5720835 0.6776661 1.63603,
14.5623695 0.7507241 1.8124074,
14.7619848 1.3871569 1.3871564,
14.7522709 1.2521637 1.2521631,
14.5720835 -1.7708264 1.2e-06,
14.5623695 -1.961736 1.4e-06,
14.7619848 -1.812407 0.7507254,
14.7522709 -1.6360296 0.6776674,
14.5720835 1.7368009 -0.3454714,
14.5623695 1.9240421 -0.382716,
14.7619848 1.6311242 -1.0898826,
14.7522709 1.4723887 -0.9838189,
14.5623695 -0.3827126 1.9240419,
14.5720835 -0.3454683 1.7368007,
14.5720835 -0.6776635 1.6360311,
14.5623695 -0.7507212 1.8124085,
14.5720835 -4e-07 -1.770827,
14.5623695 -5e-07 -1.9617366,
14.5720835 0.3454712 1.7368001,
14.5623695 0.3827158 1.9240413,
14.7619848 -0.7507247 -1.8124079,
14.7522709 -0.6776666 -1.6360305,
14.7619848 1.0898823 1.6311234,
14.7522709 0.9838187 1.4723879,
14.5720835 -1.7368007 -0.3454701,
14.5623695 -1.9240421 -0.3827146,
14.5720835 1.7708266 -3e-07,
14.5623695 1.9617362 -4e-07,
14.7619848 -1.9240413 0.3827172,
14.7522709 -1.7368001 0.3454725,
14.7619848 1.8124081 -0.7507242,
14.7522709 1.6360305 -0.6776662,
14.5623695 1e-07 1.9617357,
14.5720835 1e-07 1.770826,
14.5720835 0.3454708 -1.7368011,
14.5623695 0.3827154 -1.9240424,
14.7522709 -0.3454683 1.7368007,
14.7522709 -0.6776635 1.6360311,
14.7522709 1e-07 1.770826,
14.5720835 -0.9838164 1.4723894,
14.5720835 -1.2521618 1.2521646,
14.7522709 -1.7708264 1.2e-06,
14.7522709 -1.7368007 -0.3454701,
14.5720835 -1.6360309 -0.6776651,
14.7522709 -1.6360309 -0.6776651,
14.5720835 -1.472389 -0.9838179,
14.5720835 -1.2521641 -1.2521632,
14.7522709 -0.3454717 -1.7368009,
14.7522709 -4e-07 -1.770827,
14.7522709 0.3454708 -1.7368011,
14.5720835 0.6776659 -1.6360311,
14.5720835 0.9838186 -1.4723889,
14.7522709 1.7368009 -0.3454714,
14.7522709 1.7708266 -3e-07,
14.5720835 1.7368007 0.3454707,
14.5720835 1.6360305 0.6776655,
14.5720835 1.4723887 0.983818,
14.7522709 0.6776661 1.63603,
14.7522709 0.3454712 1.7368001,
14.5623695 -1.0898798 1.6311249,
14.5623695 -1.387155 1.3871582,
14.1748864 -1.6311225 1.0898837,
14.1748864 -1.812407 0.7507255,
14.1748864 -1.9240413 0.3827172,
14.5623695 -1.8124085 -0.7507229,
14.5623695 -1.6311246 -1.0898815,
14.5623695 -1.3871577 -1.3871565,
14.1748864 -1.089883 -1.6311238,
14.1748864 -0.7507247 -1.8124079,
14.5623695 0.7507237 -1.8124085,
14.5623695 1.0898822 -1.6311246,
14.1748864 1.3871569 -1.3871573,
14.1748864 1.6311242 -1.0898826,
14.1748864 1.8124081 -0.7507241,
14.5623695 1.9240419 0.3827153,
14.5623695 1.8124079 0.7507234,
14.1748864 1.6311242 1.0898816,
14.5623695 1.6311242 1.0898816,
14.1748864 1.3871569 1.3871564,
14.1748864 1.0898823 1.6311234,
13.9765942 1.3871569 -1.3871573,
13.9765942 -1.6311225 1.0898837,
13.9765942 1.6311242 1.0898816,
13.9765942 -1.3871577 -1.3871565,
13.9765942 1.0898822 -1.6311246,
13.9765942 -1.387155 1.3871582,
13.9765942 1.8124079 0.7507234,
13.9765942 -1.6311246 -1.0898815,
13.9765942 0.7507237 -1.8124085,
13.9765942 -1.0898798 1.6311249,
13.9765942 1.9240419 0.3827153,
13.9765942 -1.8124085 -0.7507229,
14.7619848 -1.8124085 -0.7507229,
14.7619848 0.3827154 -1.9240424,
14.7619848 -0.7507212 1.8124085,
14.7619848 1.9617362 -4e-07,
14.7619848 -1.9240421 -0.3827146,
14.7619848 1e-07 1.9617357,
14.7619848 0.3827158 1.9240413,
14.7619848 -5e-07 -1.9617366,
14.7619848 -0.3827126 1.9240419,
14.7619848 1.9240421 -0.382716,
14.7619848 -1.961736 1.4e-06,
14.7619848 0.7507241 1.8124074,
14.7619848 -0.3827164 -1.9240421,
3.7401473 1e-07 2.1344429,
3.7401473 0.4164093 2.0934304,
3.9370034 0.4224406 2.123752,
3.9370034 1e-07 2.1653586,
3.7401473 0.816816 1.971968,
3.9370034 0.8286471 2.0005305,
3.7401473 1.1858332 1.7747246,
3.9370034 1.2030089 1.8004299,
3.7401473 1.5092792 1.5092792,
3.9370034 1.5311399 1.5311399,
3.7401473 1.7747248 1.1858331,
3.9370034 1.8004301 1.2030087,
3.7401473 1.971968 0.816816,
3.9370034 2.0005303 0.8286469,
3.7401473 2.0934302 0.4164094,
3.9370034 2.1237522 0.4224407,
3.7401473 2.1344427 2e-07,
3.9370034 2.1653585 2e-07,
3.7401473 2.0934304 -0.4164089,
3.9370034 2.1237522 -0.4224402,
3.7401473 1.9719681 -0.8168156,
3.9370034 2.0005305 -0.8286465,
3.7401473 1.7747248 -1.1858329,
3.9370034 1.8004301 -1.2030086,
3.7401473 1.5092792 -1.5092792,
3.9370034 1.5311399 -1.5311397,
3.7401473 1.1858331 -1.7747244,
3.9370034 1.2030087 -1.8004299,
3.7401473 0.8168157 -1.971968,
3.9370034 0.8286467 -2.0005305,
3.7401473 0.4164087 -2.0934304,
3.9370034 0.4224401 -2.1237522,
3.7401473 -6e-07 -2.1344429,
3.9370034 -6e-07 -2.1653586,
3.7401473 -0.4164099 -2.0934298,
3.9370034 -0.4224413 -2.1237518,
3.7401473 -0.8168168 -1.9719676,
3.9370034 -0.8286477 -2.0005299,
3.7401473 -1.185834 -1.7747237,
3.9370034 -1.2030098 -1.8004292,
3.7401473 -1.5092801 -1.5092782,
3.9370034 -1.5311408 -1.5311389,
3.7401473 -1.7747254 -1.1858319,
3.9370034 -1.8004307 -1.2030075,
3.7401473 -1.9719689 -0.8168144,
3.9370034 -2.0005312 -0.8286452,
3.7401473 -2.0934308 -0.4164073,
3.9370034 -2.1237525 -0.4224386,
3.7401473 -2.1344427 2.1e-06,
3.9370034 -2.1653585 2.1e-06,
3.7401473 -2.0934298 0.4164115,
3.9370034 -2.1237516 0.4224428,
3.7401473 -1.971967 0.8168182,
3.9370034 -2.0005294 0.8286492,
3.7401473 -1.7747231 1.1858353,
3.9370034 -1.8004284 1.2030112,
3.7401473 -1.5092773 1.5092811,
3.9370034 -1.5311378 1.5311419,
3.7401473 -1.1858306 1.7747261,
3.9370034 -1.2030063 1.8004316,
3.7401473 -0.816813 1.9719693,
3.9370034 -0.8286439 2.0005316,
3.7401473 -0.4164059 2.0934308,
3.9370034 -0.4224372 2.1237527,
0.3937042 -0.7507212 1.8124092,
0.3937042 -0.3827126 1.9240426,
3.5432913 -0.3827126 1.9240424,
3.5432913 -0.7507212 1.812409,
0.3937042 1e-07 1.9617364,
3.5432913 1e-07 1.961736,
0.3937042 -1.0898798 1.6311257,
3.5432913 -1.0898798 1.6311255,
0.3937042 -1.387155 1.3871588,
3.5432913 -1.387155 1.3871587,
0.3937042 -1.6311225 1.0898844,
3.5432913 -1.6311225 1.0898844,
0.3937042 -1.812407 0.7507262,
3.5432913 -1.812407 0.7507261,
0.3937042 -1.9240413 0.382718,
3.5432913 -1.9240413 0.3827179,
0.3937042 -1.961736 2.1e-06,
3.5432913 -1.961736 2e-06,
0.3937042 -1.9240421 -0.3827138,
3.5432913 -1.9240421 -0.3827139,
0.3937042 -1.8124085 -0.7507222,
3.5432913 -1.8124085 -0.7507223,
0.3937042 -1.6311246 -1.0898808,
3.5432913 -1.6311246 -1.0898809,
0.3937042 -1.3871577 -1.3871558,
3.5432913 -1.3871577 -1.3871559,
0.3937042 -1.089883 -1.6311231,
3.5432913 -1.089883 -1.6311232,
0.3937042 -0.7507247 -1.8124072,
3.5432913 -0.7507247 -1.8124074,
0.3937042 -0.3827164 -1.9240415,
3.5432913 -0.3827164 -1.9240415,
0.3937042 -5e-07 -1.9617359,
3.5432913 -5e-07 -1.961736,
0.3937042 0.3827154 -1.9240417,
3.5432913 0.3827154 -1.9240419,
0.3937042 0.7507237 -1.8124077,
3.5432913 0.7507237 -1.8124079,
0.3937042 1.0898822 -1.6311238,
3.5432913 1.0898822 -1.631124,
0.3937042 1.3871569 -1.3871567,
3.5432913 1.3871569 -1.3871567,
0.3937042 1.6311242 -1.0898818,
3.5432913 1.6311242 -1.0898819,
0.3937042 1.8124081 -0.7507234,
3.5432913 1.8124081 -0.7507235,
0.3937042 1.9240421 -0.3827153,
3.5432913 1.9240421 -0.3827154,
0.3937042 1.9617362 4e-07,
3.5432913 1.9617362 2e-07,
0.3937042 1.9240419 0.382716,
3.5432913 1.9240419 0.3827159,
0.3937042 1.8124079 0.7507242,
3.5432913 1.8124079 0.750724,
0.3937042 1.6311242 1.0898823,
3.5432913 1.6311242 1.0898822,
0.3937042 1.3871569 1.387157,
3.5432913 1.3871569 1.3871569,
0.3937042 1.0898823 1.6311242,
3.5432913 1.0898823 1.631124,
0.3937042 0.7507241 1.8124081,
3.5432913 0.7507241 1.8124079,
0.3937042 0.3827158 1.9240421,
3.5432913 0.3827158 1.9240419,
4.1338635 1e-07 2.1344679,
4.1338635 0.4164141 2.0934548,
4.1338635 0.8168256 1.971991,
4.1338635 1.185847 1.7747453,
4.1338635 1.5092967 1.5092967,
4.1338635 1.7747455 1.1858467,
4.1338635 1.9719912 0.8168254,
4.1338635 2.0934546 0.4164142,
4.1338635 2.1344679 2e-07,
4.1338635 2.0934548 -0.4164137,
4.1338635 1.9719914 -0.8168251,
4.1338635 1.7747455 -1.1858467,
4.1338635 1.5092967 -1.5092967,
4.1338635 1.1858469 -1.7747453,
4.1338635 0.8168252 -1.9719912,
4.1338635 0.4164136 -2.0934548,
4.1338635 -6e-07 -2.1344677,
4.1338635 -0.4164149 -2.0934542,
4.1338635 -0.8168264 -1.9719909,
4.1338635 -1.1858478 -1.7747445,
4.1338635 -1.5092976 -1.5092957,
4.1338635 -1.774746 -1.1858456,
4.1338635 -1.9719918 -0.8168238,
4.1338635 -2.0934552 -0.4164121,
4.1338635 -2.1344675 2.1e-06,
4.1338635 -2.0934542 0.4164163,
4.1338635 -1.9719903 0.8168278,
4.1338635 -1.7747438 1.1858491,
4.1338635 -1.5092947 1.5092987,
4.1338635 -1.1858443 1.774747,
4.1338635 -0.8168226 1.9719922,
4.1338635 -0.4164107 2.0934552,
0.1968521 1e-07 2.1344707,
0.1968521 0.4164147 2.0934576,
0.1968521 0.8168267 1.9719939,
0.1968521 1.1858485 1.7747477,
0.1968521 1.5092987 1.5092989,
0.1968521 1.7747477 1.1858485,
0.1968521 1.9719937 0.8168268,
0.1968521 2.0934574 0.4164148,
0.1968521 2.1344707 3e-07,
0.1968521 2.0934576 -0.4164142,
0.1968521 1.971994 -0.8168261,
0.1968521 1.7747477 -1.1858481,
0.1968521 1.5092987 -1.5092985,
0.1968521 1.1858484 -1.7747475,
0.1968521 0.8168264 -1.971994,
0.1968521 0.4164141 -2.0934576,
0.1968521 -6e-07 -2.1344705,
0.1968521 -0.4164153 -2.0934574,
0.1968521 -0.8168275 -1.9719935,
0.1968521 -1.1858494 -1.7747468,
0.1968521 -1.5092996 -1.5092976,
0.1968521 -1.7747483 -1.1858471,
0.1968521 -1.9719946 -0.8168249,
0.1968521 -2.093458 -0.4164126,
0.1968521 -2.1344707 2.2e-06,
0.1968521 -2.0934572 0.416417,
0.1968521 -1.9719931 0.816829,
0.1968521 -1.774746 1.1858508,
0.1968521 -1.5092966 1.5093007,
0.1968521 -1.185846 1.7747494,
0.1968521 -0.8168236 1.9719954,
0.1968521 -0.4164113 2.0934582,
17.9047292 1.2491119 0.2484633,
17.9047292 1.1766377 0.4873787,
17.9047292 -0.4873796 -1.1766378,
17.9047292 -0.2484641 -1.2491123,
17.9047292 -0.7075634 1.0589464,
17.9047292 -0.9005581 0.9005601,
17.9047292 1.249112 -0.2484642,
17.9047292 1.2735836 -4e-07,
17.9047292 -0.9005598 -0.9005594,
17.9047292 -0.7075654 -1.058946,
17.9047292 -0.2484617 1.2491115,
17.9047292 -0.4873773 1.1766378,
17.9047292 1.0589461 -0.7075654,
17.9047292 1.1766378 -0.4873796,
17.9047292 -1.1766377 -0.4873788,
17.9047292 -1.0589463 -0.7075648,
17.9047292 0.7075652 -1.0589464,
17.9047292 0.9005596 -0.9005599,
17.9047292 0.4873795 1.176637,
17.9047292 0.248464 1.2491112,
17.9047292 -1.2735831 7e-07,
17.9047292 -1.2491117 -0.2484632,
17.9047292 0.2484637 -1.2491124,
17.9047292 0.4873792 -1.1766381,
17.9047292 0.9005596 0.900559,
17.9047292 0.7075653 1.0589454,
17.9047292 -1.1766368 0.48738,
17.9047292 -1.2491114 0.2484646,
17.9047292 1.0589461 0.7075644,
17.9047292 -2e-07 -1.2735838,
17.9047292 -1.0589448 0.7075658,
17.9047292 2e-07 1.2735829,
17.9047292 -5e-07 -1.9617368,
17.9047292 0.3827154 -1.9240426,
17.9047292 1.6311242 1.0898813,
17.9047292 1.3871569 1.3871561,
17.9047292 -1.6311225 1.0898835,
17.9047292 -1.812407 0.7507252,
17.9047292 1.0898822 -1.6311248,
17.9047292 1.3871569 -1.3871576,
17.9047292 0.7507241 1.8124072,
17.9047292 0.3827158 1.9240411,
17.9047292 -1.961736 1.2e-06,
17.9047292 -1.9240421 -0.3827147,
17.9047292 1.8124081 -0.7507243,
17.9047292 1.9240421 -0.3827162,
17.9047292 -1.6311246 -1.0898817,
17.9047292 -1.3871577 -1.3871567,
17.9047292 1e-07 1.9617355,
17.9047292 -0.3827126 1.9240417,
17.9047292 1.9240419 0.3827151,
17.9047292 1.8124079 0.7507232,
17.9047292 -0.7507247 -1.8124081,
17.9047292 -0.3827164 -1.9240424,
17.9047292 -1.0898798 1.6311248,
17.9047292 -1.387155 1.3871579,
17.9047292 0.7507237 -1.8124089,
17.9047292 1.0898823 1.6311232,
17.9047292 -1.9240413 0.3827171,
17.9047292 1.6311242 -1.0898828,
17.9047292 -1.8124085 -0.7507231,
17.9047292 1.9617362 -6e-07,
17.9047292 -1.089883 -1.631124,
17.9047292 -0.7507212 1.8124083
] } coordIndex [
0 1 2 -1,
3 2 0 -1,
4 5 6 -1,
4 6 7 -1,
8 9 10 -1,
8 10 11 -1,
12 13 14 -1,
12 14 15 -1,
16 17 18 -1,
16 18 19 -1,
20 21 22 -1,
20 22 23 -1,
24 8 11 -1,
24 11 25 -1,
26 27 28 -1,
26 28 29 -1,
30 31 32 -1,
30 32 33 -1,
34 35 36 -1,
34 36 37 -1,
38 16 19 -1,
38 19 39 -1,
40 12 15 -1,
40 15 41 -1,
9 42 43 -1,
9 43 10 -1,
44 26 29 -1,
44 29 45 -1,
46 24 25 -1,
46 25 47 -1,
21 38 39 -1,
21 39 22 -1,
27 40 41 -1,
27 41 28 -1,
48 34 37 -1,
48 37 49 -1,
50 46 47 -1,
50 47 51 -1,
31 44 45 -1,
31 45 32 -1,
35 52 53 -1,
35 53 36 -1,
54 48 49 -1,
54 49 55 -1,
56 0 3 -1,
56 3 57 -1,
42 4 7 -1,
42 7 43 -1,
58 59 60 -1,
58 60 61 -1,
62 50 51 -1,
62 51 63 -1,
59 20 23 -1,
59 23 60 -1,
5 56 57 -1,
5 57 6 -1,
1 54 55 -1,
1 55 2 -1,
52 30 33 -1,
52 33 53 -1,
17 62 63 -1,
17 63 18 -1,
39 19 18 -1,
18 63 51 -1,
51 47 25 -1,
25 11 10 -1,
10 43 7 -1,
7 6 57 -1,
57 3 2 -1,
2 55 49 -1,
49 37 36 -1,
36 53 33 -1,
33 32 45 -1,
45 29 28 -1,
28 41 15 -1,
15 14 61 -1,
61 60 23 -1,
23 22 39 -1,
39 18 51 -1,
51 25 10 -1,
10 7 57 -1,
57 2 49 -1,
49 36 33 -1,
33 45 28 -1,
28 15 61 -1,
61 23 39 -1,
39 51 10 -1,
10 57 49 -1,
49 33 28 -1,
28 61 39 -1,
39 10 49 -1,
49 28 39 -1,
13 58 61 -1,
13 61 14 -1,
66 65 64 -1,
67 66 64 -1,
68 66 67 -1,
69 68 67 -1,
65 71 70 -1,
64 65 70 -1,
71 73 72 -1,
70 71 72 -1,
73 75 74 -1,
72 73 74 -1,
75 77 76 -1,
74 75 76 -1,
77 79 78 -1,
76 77 78 -1,
79 81 80 -1,
78 79 80 -1,
81 83 82 -1,
80 81 82 -1,
83 85 84 -1,
82 83 84 -1,
85 87 86 -1,
84 85 86 -1,
87 89 88 -1,
86 87 88 -1,
89 91 90 -1,
88 89 90 -1,
91 93 92 -1,
90 91 92 -1,
93 95 94 -1,
92 93 94 -1,
95 97 96 -1,
94 95 96 -1,
97 99 98 -1,
96 97 98 -1,
99 101 100 -1,
98 99 100 -1,
101 103 102 -1,
100 101 102 -1,
103 105 104 -1,
102 103 104 -1,
105 107 106 -1,
104 105 106 -1,
107 109 108 -1,
106 107 108 -1,
109 111 110 -1,
108 109 110 -1,
111 113 112 -1,
110 111 112 -1,
113 115 114 -1,
112 113 114 -1,
115 117 116 -1,
114 115 116 -1,
117 119 118 -1,
116 117 118 -1,
119 121 120 -1,
118 119 120 -1,
121 123 122 -1,
120 121 122 -1,
123 125 124 -1,
122 123 124 -1,
125 127 126 -1,
124 125 126 -1,
127 68 69 -1,
126 127 69 -1,
130 129 128 -1,
131 130 128 -1,
132 130 131 -1,
133 132 131 -1,
129 135 134 -1,
128 129 134 -1,
135 137 136 -1,
134 135 136 -1,
137 139 138 -1,
136 137 138 -1,
139 141 140 -1,
138 139 140 -1,
141 143 142 -1,
140 141 142 -1,
143 145 144 -1,
142 143 144 -1,
145 147 146 -1,
144 145 146 -1,
147 149 148 -1,
146 147 148 -1,
149 151 150 -1,
148 149 150 -1,
151 153 152 -1,
150 151 152 -1,
153 155 154 -1,
152 153 154 -1,
155 157 156 -1,
154 155 156 -1,
157 159 158 -1,
156 157 158 -1,
159 161 160 -1,
158 159 160 -1,
161 163 162 -1,
160 161 162 -1,
163 165 164 -1,
162 163 164 -1,
165 167 166 -1,
164 165 166 -1,
167 169 168 -1,
166 167 168 -1,
169 171 170 -1,
168 169 170 -1,
171 173 172 -1,
170 171 172 -1,
173 175 174 -1,
172 173 174 -1,
175 177 176 -1,
174 175 176 -1,
177 179 178 -1,
176 177 178 -1,
179 181 180 -1,
178 179 180 -1,
181 183 182 -1,
180 181 182 -1,
183 185 184 -1,
182 183 184 -1,
185 187 186 -1,
184 185 186 -1,
187 189 188 -1,
186 187 188 -1,
189 191 190 -1,
188 189 190 -1,
191 132 133 -1,
190 191 133 -1,
65 192 193 -1,
65 193 66 -1,
66 193 194 -1,
66 194 68 -1,
71 195 192 -1,
71 192 65 -1,
73 196 195 -1,
73 195 71 -1,
75 197 196 -1,
75 196 73 -1,
77 198 197 -1,
77 197 75 -1,
79 199 198 -1,
79 198 77 -1,
81 200 199 -1,
81 199 79 -1,
83 201 200 -1,
83 200 81 -1,
85 202 201 -1,
85 201 83 -1,
87 203 202 -1,
87 202 85 -1,
89 204 203 -1,
89 203 87 -1,
91 205 204 -1,
91 204 89 -1,
93 206 205 -1,
93 205 91 -1,
95 207 206 -1,
95 206 93 -1,
97 208 207 -1,
97 207 95 -1,
99 209 208 -1,
99 208 97 -1,
101 210 209 -1,
101 209 99 -1,
103 211 210 -1,
103 210 101 -1,
105 212 211 -1,
105 211 103 -1,
107 213 212 -1,
107 212 105 -1,
109 214 213 -1,
109 213 107 -1,
111 215 214 -1,
111 214 109 -1,
113 216 215 -1,
113 215 111 -1,
115 217 216 -1,
115 216 113 -1,
117 218 217 -1,
117 217 115 -1,
119 219 218 -1,
119 218 117 -1,
121 220 219 -1,
121 219 119 -1,
123 221 220 -1,
123 220 121 -1,
125 222 221 -1,
125 221 123 -1,
127 223 222 -1,
127 222 125 -1,
68 194 223 -1,
68 223 127 -1,
131 128 224 -1,
225 131 224 -1,
133 131 225 -1,
226 133 225 -1,
128 134 227 -1,
224 128 227 -1,
134 136 228 -1,
227 134 228 -1,
136 138 229 -1,
228 136 229 -1,
138 140 230 -1,
229 138 230 -1,
140 142 231 -1,
230 140 231 -1,
142 144 232 -1,
231 142 232 -1,
144 146 233 -1,
232 144 233 -1,
146 148 234 -1,
233 146 234 -1,
148 150 235 -1,
234 148 235 -1,
150 152 236 -1,
235 150 236 -1,
152 154 237 -1,
236 152 237 -1,
154 156 238 -1,
237 154 238 -1,
156 158 239 -1,
238 156 239 -1,
158 160 240 -1,
239 158 240 -1,
160 162 241 -1,
240 160 241 -1,
162 164 242 -1,
241 162 242 -1,
164 166 243 -1,
242 164 243 -1,
166 168 244 -1,
243 166 244 -1,
168 170 245 -1,
244 168 245 -1,
170 172 246 -1,
245 170 246 -1,
172 174 247 -1,
246 172 247 -1,
174 176 248 -1,
247 174 248 -1,
176 178 249 -1,
248 176 249 -1,
178 180 250 -1,
249 178 250 -1,
180 182 251 -1,
250 180 251 -1,
182 184 252 -1,
251 182 252 -1,
184 186 253 -1,
252 184 253 -1,
186 188 254 -1,
253 186 254 -1,
188 190 255 -1,
254 188 255 -1,
190 133 226 -1,
255 190 226 -1,
67 64 129 -1,
130 67 129 -1,
69 67 130 -1,
132 69 130 -1,
64 70 135 -1,
129 64 135 -1,
70 72 137 -1,
135 70 137 -1,
72 74 139 -1,
137 72 139 -1,
74 76 141 -1,
139 74 141 -1,
76 78 143 -1,
141 76 143 -1,
78 80 145 -1,
143 78 145 -1,
80 82 147 -1,
145 80 147 -1,
82 84 149 -1,
147 82 149 -1,
84 86 151 -1,
149 84 151 -1,
86 88 153 -1,
151 86 153 -1,
88 90 155 -1,
153 88 155 -1,
90 92 157 -1,
155 90 157 -1,
92 94 159 -1,
157 92 159 -1,
94 96 161 -1,
159 94 161 -1,
96 98 163 -1,
161 96 163 -1,
98 100 165 -1,
163 98 165 -1,
100 102 167 -1,
165 100 167 -1,
102 104 169 -1,
167 102 169 -1,
104 106 171 -1,
169 104 171 -1,
106 108 173 -1,
171 106 173 -1,
108 110 175 -1,
173 108 175 -1,
110 112 177 -1,
175 110 177 -1,
112 114 179 -1,
177 112 179 -1,
114 116 181 -1,
179 114 181 -1,
116 118 183 -1,
181 116 183 -1,
118 120 185 -1,
183 118 185 -1,
120 122 187 -1,
185 120 187 -1,
122 124 189 -1,
187 122 189 -1,
124 126 191 -1,
189 124 191 -1,
126 69 132 -1,
191 126 132 -1,
48 257 256 -1,
54 48 256 -1,
0 259 258 -1,
56 0 258 -1,
4 261 260 -1,
42 4 260 -1,
59 263 262 -1,
58 59 262 -1,
50 265 264 -1,
62 50 264 -1,
20 266 263 -1,
59 20 263 -1,
56 258 267 -1,
5 56 267 -1,
54 256 268 -1,
1 54 268 -1,
30 270 269 -1,
52 30 269 -1,
62 264 271 -1,
17 62 271 -1,
58 262 272 -1,
13 58 272 -1,
1 268 259 -1,
0 1 259 -1,
5 267 261 -1,
4 5 261 -1,
9 274 273 -1,
8 9 273 -1,
13 272 275 -1,
12 13 275 -1,
17 271 276 -1,
16 17 276 -1,
21 277 266 -1,
20 21 266 -1,
8 273 278 -1,
24 8 278 -1,
27 280 279 -1,
26 27 279 -1,
31 281 270 -1,
30 31 270 -1,
35 283 282 -1,
34 35 282 -1,
16 276 284 -1,
38 16 284 -1,
12 275 285 -1,
40 12 285 -1,
42 260 274 -1,
9 42 274 -1,
26 279 286 -1,
44 26 286 -1,
24 278 287 -1,
46 24 287 -1,
38 284 277 -1,
21 38 277 -1,
40 285 280 -1,
27 40 280 -1,
34 282 257 -1,
48 34 257 -1,
46 287 265 -1,
50 46 265 -1,
44 286 281 -1,
31 44 281 -1,
52 269 283 -1,
35 52 283 -1,
281 289 288 -1,
270 281 288 -1,
261 291 290 -1,
260 261 290 -1,
277 293 292 -1,
266 277 292 -1,
269 295 294 -1,
283 269 294 -1,
274 297 296 -1,
273 274 296 -1,
282 299 298 -1,
257 282 298 -1,
262 301 300 -1,
272 262 300 -1,
278 303 302 -1,
287 278 302 -1,
256 305 304 -1,
268 256 304 -1,
275 307 306 -1,
285 275 306 -1,
265 309 308 -1,
264 265 308 -1,
280 311 310 -1,
279 280 310 -1,
259 313 312 -1,
258 259 312 -1,
271 315 314 -1,
276 271 314 -1,
286 316 289 -1,
281 286 289 -1,
267 317 291 -1,
261 267 291 -1,
284 318 293 -1,
277 284 293 -1,
270 288 295 -1,
269 270 295 -1,
260 290 297 -1,
274 260 297 -1,
266 292 319 -1,
263 266 319 -1,
283 294 299 -1,
282 283 299 -1,
263 319 301 -1,
262 263 301 -1,
273 296 303 -1,
278 273 303 -1,
257 298 305 -1,
256 257 305 -1,
272 300 307 -1,
275 272 307 -1,
287 302 309 -1,
265 287 309 -1,
268 304 313 -1,
259 268 313 -1,
285 306 311 -1,
280 285 311 -1,
264 308 315 -1,
271 264 315 -1,
279 310 316 -1,
286 279 316 -1,
258 312 317 -1,
267 258 317 -1,
276 314 318 -1,
284 276 318 -1,
320 321 322 -1,
320 322 323 -1,
324 325 326 -1,
324 326 327 -1,
330 329 328 -1,
331 330 328 -1,
334 333 332 -1,
335 334 332 -1,
336 337 338 -1,
336 338 339 -1,
342 341 340 -1,
343 342 340 -1,
344 345 346 -1,
344 346 347 -1,
350 349 348 -1,
351 350 348 -1,
352 353 354 -1,
352 354 355 -1,
356 320 323 -1,
356 323 357 -1,
353 324 327 -1,
353 327 354 -1,
359 358 329 -1,
330 359 329 -1,
361 360 333 -1,
334 361 333 -1,
362 336 339 -1,
362 339 363 -1,
364 344 347 -1,
364 347 365 -1,
367 366 341 -1,
342 367 341 -1,
369 368 349 -1,
350 369 349 -1,
370 371 372 -1,
370 372 373 -1,
374 356 357 -1,
374 357 375 -1,
378 377 376 -1,
379 378 376 -1,
381 380 358 -1,
359 381 358 -1,
383 382 360 -1,
361 383 360 -1,
384 362 363 -1,
384 363 385 -1,
386 364 365 -1,
386 365 387 -1,
389 388 366 -1,
367 389 366 -1,
391 390 368 -1,
369 391 368 -1,
392 370 373 -1,
392 373 393 -1,
394 374 375 -1,
394 375 395 -1,
379 376 396 -1,
397 379 396 -1,
399 398 380 -1,
381 399 380 -1,
397 396 382 -1,
383 397 382 -1,
400 384 385 -1,
400 385 401 -1,
355 372 378 -1,
379 355 378 -1,
354 355 379 -1,
397 354 379 -1,
372 373 402 -1,
378 372 402 -1,
373 393 403 -1,
402 373 403 -1,
393 405 404 -1,
403 393 404 -1,
405 406 343 -1,
404 405 343 -1,
406 407 342 -1,
343 406 342 -1,
407 338 367 -1,
342 407 367 -1,
338 339 389 -1,
367 338 389 -1,
339 363 408 -1,
389 339 408 -1,
363 385 409 -1,
408 363 409 -1,
385 401 410 -1,
409 385 410 -1,
401 411 331 -1,
410 401 331 -1,
411 412 330 -1,
331 411 330 -1,
412 322 359 -1,
330 412 359 -1,
322 323 381 -1,
359 322 381 -1,
323 357 399 -1,
381 323 399 -1,
357 375 413 -1,
399 357 413 -1,
375 395 414 -1,
413 375 414 -1,
395 416 415 -1,
414 395 415 -1,
416 417 351 -1,
415 416 351 -1,
417 418 350 -1,
351 417 350 -1,
418 346 369 -1,
350 418 369 -1,
346 347 391 -1,
369 346 391 -1,
347 365 419 -1,
391 347 419 -1,
365 387 420 -1,
419 365 420 -1,
387 422 421 -1,
420 387 421 -1,
422 423 335 -1,
421 422 335 -1,
423 424 334 -1,
335 423 334 -1,
424 326 361 -1,
334 424 361 -1,
326 327 383 -1,
361 326 383 -1,
327 354 397 -1,
383 327 397 -1,
425 426 427 -1,
425 427 428 -1,
431 430 429 -1,
432 431 429 -1,
435 434 433 -1,
436 435 433 -1,
437 438 439 -1,
437 439 440 -1,
441 442 443 -1,
441 443 444 -1,
447 446 445 -1,
448 447 445 -1,
451 450 449 -1,
452 451 449 -1,
453 454 455 -1,
453 455 456 -1,
457 425 428 -1,
457 428 458 -1,
460 459 430 -1,
431 460 430 -1,
462 461 434 -1,
435 462 434 -1,
463 437 440 -1,
463 440 464 -1,
465 441 444 -1,
465 444 466 -1,
468 467 446 -1,
447 468 446 -1,
469 453 456 -1,
469 456 470 -1,
472 471 450 -1,
451 472 450 -1,
473 457 458 -1,
473 458 474 -1,
476 475 459 -1,
460 476 459 -1,
477 463 464 -1,
477 464 478 -1,
480 479 461 -1,
462 480 461 -1,
481 465 466 -1,
481 466 482 -1,
485 484 483 -1,
486 485 483 -1,
488 487 467 -1,
468 488 467 -1,
490 489 471 -1,
472 490 471 -1,
491 469 470 -1,
491 470 492 -1,
493 473 474 -1,
493 474 494 -1,
496 495 475 -1,
476 496 475 -1,
498 497 479 -1,
480 498 479 -1,
499 477 478 -1,
499 478 500 -1,
501 481 482 -1,
501 482 502 -1,
486 483 503 -1,
504 486 503 -1,
506 505 487 -1,
488 506 487 -1,
508 507 485 -1,
486 508 485 -1,
509 508 486 -1,
504 509 486 -1,
507 439 510 -1,
485 507 510 -1,
439 440 511 -1,
510 439 511 -1,
440 464 432 -1,
511 440 432 -1,
464 478 431 -1,
432 464 431 -1,
478 500 460 -1,
431 478 460 -1,
500 512 476 -1,
460 500 476 -1,
512 513 496 -1,
476 512 496 -1,
513 515 514 -1,
496 513 514 -1,
515 455 516 -1,
514 515 516 -1,
455 456 517 -1,
516 455 517 -1,
456 470 448 -1,
517 456 448 -1,
470 492 447 -1,
448 470 447 -1,
492 518 468 -1,
447 492 468 -1,
518 519 488 -1,
468 518 488 -1,
519 520 506 -1,
488 519 506 -1,
520 443 521 -1,
506 520 521 -1,
443 444 522 -1,
521 443 522 -1,
444 466 436 -1,
522 444 436 -1,
466 482 435 -1,
436 466 435 -1,
482 502 462 -1,
435 482 462 -1,
502 523 480 -1,
462 502 480 -1,
523 524 498 -1,
480 523 498 -1,
524 427 525 -1,
498 524 525 -1,
427 428 526 -1,
525 427 526 -1,
428 458 527 -1,
526 428 527 -1,
458 474 452 -1,
527 458 452 -1,
474 494 451 -1,
452 474 451 -1,
494 528 472 -1,
451 494 472 -1,
528 529 490 -1,
472 528 490 -1,
529 509 504 -1,
490 529 504 -1,
483 484 371 -1,
352 483 371 -1,
503 483 352 -1,
353 503 352 -1,
484 530 370 -1,
371 484 370 -1,
530 531 392 -1,
370 530 392 -1,
531 429 532 -1,
392 531 532 -1,
429 430 533 -1,
532 429 533 -1,
430 459 534 -1,
533 430 534 -1,
459 475 337 -1,
534 459 337 -1,
475 495 336 -1,
337 475 336 -1,
495 535 362 -1,
336 495 362 -1,
535 536 384 -1,
362 535 384 -1,
536 537 400 -1,
384 536 400 -1,
537 445 538 -1,
400 537 538 -1,
445 446 539 -1,
538 445 539 -1,
446 467 321 -1,
539 446 321 -1,
467 487 320 -1,
321 467 320 -1,
487 505 356 -1,
320 487 356 -1,
505 540 374 -1,
356 505 374 -1,
540 541 394 -1,
374 540 394 -1,
541 433 542 -1,
394 541 542 -1,
433 434 543 -1,
542 433 543 -1,
434 461 544 -1,
543 434 544 -1,
461 479 345 -1,
544 461 345 -1,
479 497 344 -1,
345 479 344 -1,
497 545 364 -1,
344 497 364 -1,
545 546 386 -1,
364 545 386 -1,
546 548 547 -1,
386 546 547 -1,
548 449 549 -1,
547 548 549 -1,
449 450 550 -1,
549 449 550 -1,
450 471 325 -1,
550 450 325 -1,
471 489 324 -1,
325 471 324 -1,
489 503 353 -1,
324 489 353 -1,
371 352 355 -1,
371 355 372 -1,
351 348 551 -1,
415 351 551 -1,
345 544 418 -1,
345 418 346 -1,
343 340 552 -1,
404 343 552 -1,
337 534 407 -1,
337 407 338 -1,
335 332 553 -1,
421 335 553 -1,
325 550 424 -1,
325 424 326 -1,
331 328 554 -1,
410 331 554 -1,
321 539 412 -1,
321 412 322 -1,
415 551 555 -1,
414 415 555 -1,
404 552 556 -1,
403 404 556 -1,
544 543 417 -1,
544 417 418 -1,
534 533 406 -1,
534 406 407 -1,
421 553 557 -1,
420 421 557 -1,
410 554 558 -1,
409 410 558 -1,
550 549 423 -1,
550 423 424 -1,
539 538 411 -1,
539 411 412 -1,
414 555 559 -1,
413 414 559 -1,
403 556 560 -1,
402 403 560 -1,
543 542 416 -1,
543 416 417 -1,
533 532 405 -1,
533 405 406 -1,
420 557 561 -1,
419 420 561 -1,
409 558 562 -1,
408 409 562 -1,
549 547 422 -1,
549 422 423 -1,
538 400 401 -1,
538 401 411 -1,
413 559 398 -1,
399 413 398 -1,
542 394 395 -1,
542 395 416 -1,
402 560 377 -1,
378 402 377 -1,
532 392 393 -1,
532 393 405 -1,
419 561 390 -1,
391 419 390 -1,
547 386 387 -1,
547 387 422 -1,
408 562 388 -1,
389 408 388 -1,
454 563 515 -1,
454 515 455 -1,
452 449 548 -1,
527 452 548 -1,
448 445 537 -1,
517 448 537 -1,
442 564 520 -1,
442 520 443 -1,
436 433 541 -1,
522 436 541 -1,
438 565 507 -1,
438 507 439 -1,
432 429 531 -1,
511 432 531 -1,
426 566 524 -1,
426 524 427 -1,
563 567 513 -1,
563 513 515 -1,
527 548 546 -1,
526 527 546 -1,
517 537 536 -1,
516 517 536 -1,
568 569 529 -1,
568 529 509 -1,
564 570 519 -1,
564 519 520 -1,
522 541 540 -1,
521 522 540 -1,
571 568 509 -1,
571 509 508 -1,
511 531 530 -1,
510 511 530 -1,
566 572 523 -1,
566 523 524 -1,
526 546 545 -1,
525 526 545 -1,
567 573 512 -1,
567 512 513 -1,
516 536 535 -1,
514 516 535 -1,
569 574 528 -1,
569 528 529 -1,
570 575 518 -1,
570 518 519 -1,
565 571 508 -1,
565 508 507 -1,
521 540 505 -1,
506 521 505 -1,
510 530 484 -1,
485 510 484 -1,
572 501 502 -1,
572 502 523 -1,
573 499 500 -1,
573 500 512 -1,
525 545 497 -1,
498 525 497 -1,
514 535 495 -1,
496 514 495 -1,
574 493 494 -1,
574 494 528 -1,
575 491 492 -1,
575 492 518 -1,
504 503 489 -1,
490 504 489 -1,
376 377 192 -1,
193 376 192 -1,
396 376 193 -1,
194 396 193 -1,
377 560 195 -1,
192 377 195 -1,
560 556 196 -1,
195 560 196 -1,
556 552 197 -1,
196 556 197 -1,
552 340 198 -1,
197 552 198 -1,
340 341 199 -1,
198 340 199 -1,
341 366 200 -1,
199 341 200 -1,
366 388 201 -1,
200 366 201 -1,
388 562 202 -1,
201 388 202 -1,
562 558 203 -1,
202 562 203 -1,
558 554 204 -1,
203 558 204 -1,
554 328 205 -1,
204 554 205 -1,
328 329 206 -1,
205 328 206 -1,
329 358 207 -1,
206 329 207 -1,
358 380 208 -1,
207 358 208 -1,
380 398 209 -1,
208 380 209 -1,
398 559 210 -1,
209 398 210 -1,
559 555 211 -1,
210 559 211 -1,
555 551 212 -1,
211 555 212 -1,
551 348 213 -1,
212 551 213 -1,
348 349 214 -1,
213 348 214 -1,
349 368 215 -1,
214 349 215 -1,
368 390 216 -1,
215 368 216 -1,
390 561 217 -1,
216 390 217 -1,
561 557 218 -1,
217 561 218 -1,
557 553 219 -1,
218 557 219 -1,
553 332 220 -1,
219 553 220 -1,
332 333 221 -1,
220 332 221 -1,
333 360 222 -1,
221 333 222 -1,
360 382 223 -1,
222 360 223 -1,
382 396 194 -1,
223 382 194 -1,
578 577 576 -1,
579 578 576 -1,
580 578 579 -1,
581 580 579 -1,
582 580 581 -1,
583 582 581 -1,
584 582 583 -1,
585 584 583 -1,
586 584 585 -1,
587 586 585 -1,
588 586 587 -1,
589 588 587 -1,
590 588 589 -1,
591 590 589 -1,
592 590 591 -1,
593 592 591 -1,
594 592 593 -1,
595 594 593 -1,
596 594 595 -1,
597 596 595 -1,
598 596 597 -1,
599 598 597 -1,
600 598 599 -1,
601 600 599 -1,
602 600 601 -1,
603 602 601 -1,
604 602 603 -1,
605 604 603 -1,
606 604 605 -1,
607 606 605 -1,
608 606 607 -1,
609 608 607 -1,
610 608 609 -1,
611 610 609 -1,
612 610 611 -1,
613 612 611 -1,
614 612 613 -1,
615 614 613 -1,
616 614 615 -1,
617 616 615 -1,
618 616 617 -1,
619 618 617 -1,
620 618 619 -1,
621 620 619 -1,
622 620 621 -1,
623 622 621 -1,
624 622 623 -1,
625 624 623 -1,
626 624 625 -1,
627 626 625 -1,
628 626 627 -1,
629 628 627 -1,
630 628 629 -1,
631 630 629 -1,
632 630 631 -1,
633 632 631 -1,
634 632 633 -1,
635 634 633 -1,
636 634 635 -1,
637 636 635 -1,
577 639 638 -1,
576 577 638 -1,
639 636 637 -1,
638 639 637 -1,
642 641 640 -1,
643 642 640 -1,
644 642 643 -1,
645 644 643 -1,
641 647 646 -1,
640 641 646 -1,
647 649 648 -1,
646 647 648 -1,
649 651 650 -1,
648 649 650 -1,
651 653 652 -1,
650 651 652 -1,
653 655 654 -1,
652 653 654 -1,
655 657 656 -1,
654 655 656 -1,
657 659 658 -1,
656 657 658 -1,
659 661 660 -1,
658 659 660 -1,
661 663 662 -1,
660 661 662 -1,
663 665 664 -1,
662 663 664 -1,
665 667 666 -1,
664 665 666 -1,
667 669 668 -1,
666 667 668 -1,
669 671 670 -1,
668 669 670 -1,
671 673 672 -1,
670 671 672 -1,
673 675 674 -1,
672 673 674 -1,
675 677 676 -1,
674 675 676 -1,
677 679 678 -1,
676 677 678 -1,
679 681 680 -1,
678 679 680 -1,
681 683 682 -1,
680 681 682 -1,
683 685 684 -1,
682 683 684 -1,
685 687 686 -1,
684 685 686 -1,
687 689 688 -1,
686 687 688 -1,
689 691 690 -1,
688 689 690 -1,
691 693 692 -1,
690 691 692 -1,
693 695 694 -1,
692 693 694 -1,
695 697 696 -1,
694 695 696 -1,
697 699 698 -1,
696 697 698 -1,
699 701 700 -1,
698 699 700 -1,
701 703 702 -1,
700 701 702 -1,
703 644 645 -1,
702 703 645 -1,
704 226 255 -1,
704 255 705 -1,
705 255 254 -1,
705 254 706 -1,
706 254 253 -1,
706 253 707 -1,
707 253 252 -1,
707 252 708 -1,
708 252 251 -1,
708 251 709 -1,
709 251 250 -1,
709 250 710 -1,
710 250 249 -1,
710 249 711 -1,
711 249 248 -1,
711 248 712 -1,
712 248 247 -1,
712 247 713 -1,
713 247 246 -1,
713 246 714 -1,
714 246 245 -1,
714 245 715 -1,
715 245 244 -1,
715 244 716 -1,
716 244 243 -1,
716 243 717 -1,
717 243 242 -1,
717 242 718 -1,
718 242 241 -1,
718 241 719 -1,
719 241 240 -1,
719 240 720 -1,
720 240 239 -1,
720 239 721 -1,
721 239 238 -1,
721 238 722 -1,
722 238 237 -1,
722 237 723 -1,
723 237 236 -1,
723 236 724 -1,
724 236 235 -1,
724 235 725 -1,
725 235 234 -1,
725 234 726 -1,
726 234 233 -1,
726 233 727 -1,
727 233 232 -1,
727 232 728 -1,
728 232 231 -1,
728 231 729 -1,
729 231 230 -1,
729 230 730 -1,
730 230 229 -1,
730 229 731 -1,
731 229 228 -1,
731 228 732 -1,
732 228 227 -1,
732 227 733 -1,
733 227 224 -1,
733 224 734 -1,
735 225 226 -1,
735 226 704 -1,
734 224 225 -1,
734 225 735 -1,
638 637 641 -1,
642 638 641 -1,
576 638 642 -1,
644 576 642 -1,
637 635 647 -1,
641 637 647 -1,
635 633 649 -1,
647 635 649 -1,
633 631 651 -1,
649 633 651 -1,
631 629 653 -1,
651 631 653 -1,
629 627 655 -1,
653 629 655 -1,
627 625 657 -1,
655 627 657 -1,
625 623 659 -1,
657 625 659 -1,
623 621 661 -1,
659 623 661 -1,
621 619 663 -1,
661 621 663 -1,
619 617 665 -1,
663 619 665 -1,
617 615 667 -1,
665 617 667 -1,
615 613 669 -1,
667 615 669 -1,
613 611 671 -1,
669 613 671 -1,
611 609 673 -1,
671 611 673 -1,
609 607 675 -1,
673 609 675 -1,
607 605 677 -1,
675 607 677 -1,
605 603 679 -1,
677 605 679 -1,
603 601 681 -1,
679 603 681 -1,
601 599 683 -1,
681 601 683 -1,
599 597 685 -1,
683 599 685 -1,
597 595 687 -1,
685 597 687 -1,
595 593 689 -1,
687 595 689 -1,
593 591 691 -1,
689 593 691 -1,
591 589 693 -1,
691 591 693 -1,
589 587 695 -1,
693 589 695 -1,
587 585 697 -1,
695 587 697 -1,
585 583 699 -1,
697 585 699 -1,
583 581 701 -1,
699 583 701 -1,
581 579 703 -1,
701 581 703 -1,
579 576 644 -1,
703 579 644 -1,
735 734 636 -1,
639 735 636 -1,
704 735 639 -1,
577 704 639 -1,
734 733 634 -1,
636 734 634 -1,
733 732 632 -1,
634 733 632 -1,
732 731 630 -1,
632 732 630 -1,
731 730 628 -1,
630 731 628 -1,
730 729 626 -1,
628 730 626 -1,
729 728 624 -1,
626 729 624 -1,
728 727 622 -1,
624 728 622 -1,
727 726 620 -1,
622 727 620 -1,
726 725 618 -1,
620 726 618 -1,
725 724 616 -1,
618 725 616 -1,
724 723 614 -1,
616 724 614 -1,
723 722 612 -1,
614 723 612 -1,
722 721 610 -1,
612 722 610 -1,
721 720 608 -1,
610 721 608 -1,
720 719 606 -1,
608 720 606 -1,
719 718 604 -1,
606 719 604 -1,
718 717 602 -1,
604 718 602 -1,
717 716 600 -1,
602 717 600 -1,
716 715 598 -1,
600 716 598 -1,
715 714 596 -1,
598 715 596 -1,
714 713 594 -1,
596 714 594 -1,
713 712 592 -1,
594 713 592 -1,
712 711 590 -1,
592 712 590 -1,
711 710 588 -1,
590 711 588 -1,
710 709 586 -1,
588 710 586 -1,
709 708 584 -1,
586 709 584 -1,
708 707 582 -1,
584 708 582 -1,
707 706 580 -1,
582 707 580 -1,
706 705 578 -1,
580 706 578 -1,
705 704 577 -1,
578 705 577 -1,
736 645 702 -1,
736 702 737 -1,
737 702 700 -1,
737 700 738 -1,
738 700 698 -1,
738 698 739 -1,
739 698 696 -1,
739 696 740 -1,
740 696 694 -1,
740 694 741 -1,
741 694 692 -1,
741 692 742 -1,
742 692 690 -1,
742 690 743 -1,
743 690 688 -1,
743 688 744 -1,
744 688 686 -1,
744 686 745 -1,
745 686 684 -1,
745 684 746 -1,
746 684 682 -1,
746 682 747 -1,
747 682 680 -1,
747 680 748 -1,
748 680 678 -1,
748 678 749 -1,
749 678 676 -1,
749 676 750 -1,
750 676 674 -1,
750 674 751 -1,
751 674 672 -1,
751 672 752 -1,
752 672 670 -1,
752 670 753 -1,
753 670 668 -1,
753 668 754 -1,
754 668 666 -1,
754 666 755 -1,
755 666 664 -1,
755 664 756 -1,
756 664 662 -1,
756 662 757 -1,
757 662 660 -1,
757 660 758 -1,
758 660 658 -1,
758 658 759 -1,
759 658 656 -1,
759 656 760 -1,
760 656 654 -1,
760 654 761 -1,
761 654 652 -1,
761 652 762 -1,
762 652 650 -1,
762 650 763 -1,
763 650 648 -1,
763 648 764 -1,
764 648 646 -1,
764 646 765 -1,
765 646 640 -1,
765 640 766 -1,
767 643 645 -1,
767 645 736 -1,
766 640 643 -1,
766 643 767 -1,
767 766 768 -1,
769 767 768 -1,
736 767 769 -1,
770 736 769 -1,
766 765 771 -1,
768 766 771 -1,
765 764 772 -1,
771 765 772 -1,
764 763 773 -1,
772 764 773 -1,
763 762 774 -1,
773 763 774 -1,
762 761 775 -1,
774 762 775 -1,
761 760 776 -1,
775 761 776 -1,
760 759 777 -1,
776 760 777 -1,
759 758 778 -1,
777 759 778 -1,
758 757 779 -1,
778 758 779 -1,
757 756 780 -1,
779 757 780 -1,
756 755 781 -1,
780 756 781 -1,
755 754 782 -1,
781 755 782 -1,
754 753 783 -1,
782 754 783 -1,
753 752 784 -1,
783 753 784 -1,
752 751 785 -1,
784 752 785 -1,
751 750 786 -1,
785 751 786 -1,
750 749 787 -1,
786 750 787 -1,
749 748 788 -1,
787 749 788 -1,
748 747 789 -1,
788 748 789 -1,
747 746 790 -1,
789 747 790 -1,
746 745 791 -1,
790 746 791 -1,
745 744 792 -1,
791 745 792 -1,
744 743 793 -1,
792 744 793 -1,
743 742 794 -1,
793 743 794 -1,
742 741 795 -1,
794 742 795 -1,
741 740 796 -1,
795 741 796 -1,
740 739 797 -1,
796 740 797 -1,
739 738 798 -1,
797 739 798 -1,
738 737 799 -1,
798 738 799 -1,
737 736 770 -1,
799 737 770 -1,
310 801 800 -1,
316 310 800 -1,
312 803 802 -1,
317 312 802 -1,
314 805 804 -1,
318 314 804 -1,
289 807 806 -1,
288 289 806 -1,
291 809 808 -1,
290 291 808 -1,
293 811 810 -1,
292 293 810 -1,
295 813 812 -1,
294 295 812 -1,
297 815 814 -1,
296 297 814 -1,
299 817 816 -1,
298 299 816 -1,
301 819 818 -1,
300 301 818 -1,
303 821 820 -1,
302 303 820 -1,
305 823 822 -1,
304 305 822 -1,
307 825 824 -1,
306 307 824 -1,
309 827 826 -1,
308 309 826 -1,
311 828 801 -1,
310 311 801 -1,
313 829 803 -1,
312 313 803 -1,
315 830 805 -1,
314 315 805 -1,
316 800 807 -1,
289 316 807 -1,
317 802 809 -1,
291 317 809 -1,
318 804 811 -1,
293 318 811 -1,
288 806 813 -1,
295 288 813 -1,
290 808 815 -1,
297 290 815 -1,
292 810 831 -1,
319 292 831 -1,
294 812 817 -1,
299 294 817 -1,
319 831 819 -1,
301 319 819 -1,
296 814 821 -1,
303 296 821 -1,
298 816 823 -1,
305 298 823 -1,
300 818 825 -1,
307 300 825 -1,
302 820 827 -1,
309 302 827 -1,
304 822 829 -1,
313 304 829 -1,
306 824 828 -1,
311 306 828 -1,
822 833 832 -1,
829 822 832 -1,
824 835 834 -1,
828 824 834 -1,
826 837 836 -1,
830 826 836 -1,
817 839 838 -1,
816 817 838 -1,
819 841 840 -1,
818 819 840 -1,
821 843 842 -1,
820 821 842 -1,
806 845 844 -1,
813 806 844 -1,
808 847 846 -1,
815 808 846 -1,
810 849 848 -1,
831 810 848 -1,
801 851 850 -1,
800 801 850 -1,
803 853 852 -1,
802 803 852 -1,
805 855 854 -1,
804 805 854 -1,
823 856 833 -1,
822 823 833 -1,
825 857 835 -1,
824 825 835 -1,
827 858 837 -1,
826 827 837 -1,
812 859 839 -1,
817 812 839 -1,
814 860 843 -1,
821 814 843 -1,
807 861 845 -1,
806 807 845 -1,
809 862 847 -1,
808 809 847 -1,
811 863 849 -1,
810 811 849 -1,
828 834 851 -1,
801 828 851 -1,
829 832 853 -1,
803 829 853 -1,
830 836 855 -1,
805 830 855 -1,
816 838 856 -1,
823 816 856 -1,
818 840 857 -1,
825 818 857 -1,
820 842 858 -1,
827 820 858 -1,
813 844 859 -1,
812 813 859 -1,
815 846 860 -1,
814 815 860 -1,
800 850 861 -1,
807 800 861 -1,
831 848 841 -1,
819 831 841 -1,
802 852 862 -1,
809 802 862 -1,
308 826 830 -1,
315 308 830 -1,
849 863 565 -1,
571 849 565 -1,
848 849 571 -1,
568 848 571 -1,
804 854 863 -1,
811 804 863 -1,
863 854 438 -1,
565 863 438 -1,
854 855 437 -1,
438 854 437 -1,
855 836 463 -1,
437 855 463 -1,
836 837 477 -1,
463 836 477 -1,
837 858 499 -1,
477 837 499 -1,
858 842 573 -1,
499 858 573 -1,
842 843 567 -1,
573 842 567 -1,
843 860 563 -1,
567 843 563 -1,
860 846 454 -1,
563 860 454 -1,
846 847 453 -1,
454 846 453 -1,
847 862 469 -1,
453 847 469 -1,
862 852 491 -1,
469 862 491 -1,
852 853 575 -1,
491 852 575 -1,
853 832 570 -1,
575 853 570 -1,
832 833 564 -1,
570 832 564 -1,
833 856 442 -1,
564 833 442 -1,
856 838 441 -1,
442 856 441 -1,
838 839 465 -1,
441 838 465 -1,
839 859 481 -1,
465 839 481 -1,
859 844 501 -1,
481 859 501 -1,
844 845 572 -1,
501 844 572 -1,
845 861 566 -1,
572 845 566 -1,
861 850 426 -1,
566 861 426 -1,
850 851 425 -1,
426 850 425 -1,
851 834 457 -1,
425 851 457 -1,
834 835 473 -1,
457 834 473 -1,
835 857 493 -1,
473 835 493 -1,
857 840 574 -1,
493 857 574 -1,
840 841 569 -1,
574 840 569 -1,
841 848 568 -1,
569 841 568 -1,
866 865 864 -1,
867 866 864 -1,
870 869 868 -1,
871 870 868 -1,
874 873 872 -1,
875 874 872 -1,
878 877 876 -1,
879 878 876 -1,
882 881 880 -1,
883 882 880 -1,
886 885 884 -1,
887 886 884 -1,
873 889 888 -1,
872 873 888 -1,
892 891 890 -1,
893 892 890 -1,
896 895 894 -1,
897 896 894 -1,
900 899 898 -1,
901 900 898 -1,
881 903 902 -1,
880 881 902 -1,
877 905 904 -1,
876 877 904 -1,
906 874 875 -1,
907 906 875 -1,
891 909 908 -1,
890 891 908 -1,
889 911 910 -1,
888 889 910 -1,
903 886 887 -1,
902 903 887 -1,
905 892 893 -1,
904 905 893 -1,
899 913 912 -1,
898 899 912 -1,
911 915 914 -1,
910 911 914 -1,
909 896 897 -1,
908 909 897 -1,
916 900 901 -1,
917 916 901 -1,
913 919 918 -1,
912 913 918 -1,
865 921 920 -1,
864 865 920 -1,
869 906 907 -1,
868 869 907 -1,
924 923 922 -1,
925 924 922 -1,
915 927 926 -1,
914 915 926 -1,
885 924 925 -1,
884 885 925 -1,
921 870 871 -1,
920 921 871 -1,
919 866 867 -1,
918 919 867 -1,
895 916 917 -1,
894 895 917 -1,
927 882 883 -1,
926 927 883 -1,
903 881 882 -1,
885 886 903 -1,
923 924 885 -1,
877 878 923 -1,
892 905 877 -1,
909 891 892 -1,
895 896 909 -1,
900 916 895 -1,
913 899 900 -1,
866 919 913 -1,
921 865 866 -1,
869 870 921 -1,
874 906 869 -1,
889 873 874 -1,
915 911 889 -1,
882 927 915 -1,
885 903 882 -1,
877 923 885 -1,
909 892 877 -1,
900 895 909 -1,
866 913 900 -1,
869 921 866 -1,
889 874 869 -1,
882 915 889 -1,
877 885 882 -1,
900 909 877 -1,
869 866 900 -1,
882 889 869 -1,
900 877 882 -1,
882 869 900 -1,
923 878 879 -1,
922 923 879 -1,
930 929 928 -1,
931 930 928 -1,
933 932 929 -1,
930 933 929 -1,
931 928 934 -1,
935 931 934 -1,
935 934 936 -1,
937 935 936 -1,
937 936 938 -1,
939 937 938 -1,
939 938 940 -1,
941 939 940 -1,
941 940 942 -1,
943 941 942 -1,
943 942 944 -1,
945 943 944 -1,
945 944 946 -1,
947 945 946 -1,
947 946 948 -1,
949 947 948 -1,
949 948 950 -1,
951 949 950 -1,
951 950 952 -1,
953 951 952 -1,
953 952 954 -1,
955 953 954 -1,
955 954 956 -1,
957 955 956 -1,
957 956 958 -1,
959 957 958 -1,
959 958 960 -1,
961 959 960 -1,
961 960 962 -1,
963 961 962 -1,
963 962 964 -1,
965 963 964 -1,
965 964 966 -1,
967 965 966 -1,
967 966 968 -1,
969 967 968 -1,
969 968 970 -1,
971 969 970 -1,
971 970 972 -1,
973 971 972 -1,
973 972 974 -1,
975 973 974 -1,
975 974 976 -1,
977 975 976 -1,
977 976 978 -1,
979 977 978 -1,
979 978 980 -1,
981 979 980 -1,
981 980 982 -1,
983 981 982 -1,
983 982 984 -1,
985 983 984 -1,
985 984 986 -1,
987 985 986 -1,
987 986 988 -1,
989 987 988 -1,
989 988 990 -1,
991 989 990 -1,
991 990 932 -1,
933 991 932 -1,
992 993 994 -1,
992 994 995 -1,
993 996 997 -1,
993 997 994 -1,
998 992 995 -1,
998 995 999 -1,
1000 998 999 -1,
1000 999 1001 -1,
1002 1000 1001 -1,
1002 1001 1003 -1,
1004 1002 1003 -1,
1004 1003 1005 -1,
1006 1004 1005 -1,
1006 1005 1007 -1,
1008 1006 1007 -1,
1008 1007 1009 -1,
1010 1008 1009 -1,
1010 1009 1011 -1,
1012 1010 1011 -1,
1012 1011 1013 -1,
1014 1012 1013 -1,
1014 1013 1015 -1,
1016 1014 1015 -1,
1016 1015 1017 -1,
1018 1016 1017 -1,
1018 1017 1019 -1,
1020 1018 1019 -1,
1020 1019 1021 -1,
1022 1020 1021 -1,
1022 1021 1023 -1,
1024 1022 1023 -1,
1024 1023 1025 -1,
1026 1024 1025 -1,
1026 1025 1027 -1,
1028 1026 1027 -1,
1028 1027 1029 -1,
1030 1028 1029 -1,
1030 1029 1031 -1,
1032 1030 1031 -1,
1032 1031 1033 -1,
1034 1032 1033 -1,
1034 1033 1035 -1,
1036 1034 1035 -1,
1036 1035 1037 -1,
1038 1036 1037 -1,
1038 1037 1039 -1,
1040 1038 1039 -1,
1040 1039 1041 -1,
1042 1040 1041 -1,
1042 1041 1043 -1,
1044 1042 1043 -1,
1044 1043 1045 -1,
1046 1044 1045 -1,
1046 1045 1047 -1,
1048 1046 1047 -1,
1048 1047 1049 -1,
1050 1048 1049 -1,
1050 1049 1051 -1,
1052 1050 1051 -1,
1052 1051 1053 -1,
1054 1052 1053 -1,
1054 1053 1055 -1,
996 1054 1055 -1,
996 1055 997 -1,
1056 930 931 -1,
1057 1056 931 -1,
1058 933 930 -1,
1056 1058 930 -1,
1057 931 935 -1,
1059 1057 935 -1,
1059 935 937 -1,
1060 1059 937 -1,
1060 937 939 -1,
1061 1060 939 -1,
1061 939 941 -1,
1062 1061 941 -1,
1062 941 943 -1,
1063 1062 943 -1,
1063 943 945 -1,
1064 1063 945 -1,
1064 945 947 -1,
1065 1064 947 -1,
1065 947 949 -1,
1066 1065 949 -1,
1066 949 951 -1,
1067 1066 951 -1,
1067 951 953 -1,
1068 1067 953 -1,
1068 953 955 -1,
1069 1068 955 -1,
1069 955 957 -1,
1070 1069 957 -1,
1070 957 959 -1,
1071 1070 959 -1,
1071 959 961 -1,
1072 1071 961 -1,
1072 961 963 -1,
1073 1072 963 -1,
1073 963 965 -1,
1074 1073 965 -1,
1074 965 967 -1,
1075 1074 967 -1,
1075 967 969 -1,
1076 1075 969 -1,
1076 969 971 -1,
1077 1076 971 -1,
1077 971 973 -1,
1078 1077 973 -1,
1078 973 975 -1,
1079 1078 975 -1,
1079 975 977 -1,
1080 1079 977 -1,
1080 977 979 -1,
1081 1080 979 -1,
1081 979 981 -1,
1082 1081 981 -1,
1082 981 983 -1,
1083 1082 983 -1,
1083 983 985 -1,
1084 1083 985 -1,
1084 985 987 -1,
1085 1084 987 -1,
1085 987 989 -1,
1086 1085 989 -1,
1086 989 991 -1,
1087 1086 991 -1,
1087 991 933 -1,
1058 1087 933 -1,
993 1089 1088 -1,
992 993 1088 -1,
996 1090 1089 -1,
993 996 1089 -1,
992 1088 1091 -1,
998 992 1091 -1,
998 1091 1092 -1,
1000 998 1092 -1,
1000 1092 1093 -1,
1002 1000 1093 -1,
1002 1093 1094 -1,
1004 1002 1094 -1,
1004 1094 1095 -1,
1006 1004 1095 -1,
1006 1095 1096 -1,
1008 1006 1096 -1,
1008 1096 1097 -1,
1010 1008 1097 -1,
1010 1097 1098 -1,
1012 1010 1098 -1,
1012 1098 1099 -1,
1014 1012 1099 -1,
1014 1099 1100 -1,
1016 1014 1100 -1,
1016 1100 1101 -1,
1018 1016 1101 -1,
1018 1101 1102 -1,
1020 1018 1102 -1,
1020 1102 1103 -1,
1022 1020 1103 -1,
1022 1103 1104 -1,
1024 1022 1104 -1,
1024 1104 1105 -1,
1026 1024 1105 -1,
1026 1105 1106 -1,
1028 1026 1106 -1,
1028 1106 1107 -1,
1030 1028 1107 -1,
1030 1107 1108 -1,
1032 1030 1108 -1,
1032 1108 1109 -1,
1034 1032 1109 -1,
1034 1109 1110 -1,
1036 1034 1110 -1,
1036 1110 1111 -1,
1038 1036 1111 -1,
1038 1111 1112 -1,
1040 1038 1112 -1,
1040 1112 1113 -1,
1042 1040 1113 -1,
1042 1113 1114 -1,
1044 1042 1114 -1,
1044 1114 1115 -1,
1046 1044 1115 -1,
1046 1115 1116 -1,
1048 1046 1116 -1,
1048 1116 1117 -1,
1050 1048 1117 -1,
1050 1117 1118 -1,
1052 1050 1118 -1,
1052 1118 1119 -1,
1054 1052 1119 -1,
1054 1119 1090 -1,
996 1054 1090 -1,
995 994 929 -1,
995 929 928 -1,
994 997 932 -1,
994 932 929 -1,
999 995 928 -1,
999 928 934 -1,
1001 999 934 -1,
1001 934 936 -1,
1003 1001 936 -1,
1003 936 938 -1,
1005 1003 938 -1,
1005 938 940 -1,
1007 1005 940 -1,
1007 940 942 -1,
1009 1007 942 -1,
1009 942 944 -1,
1011 1009 944 -1,
1011 944 946 -1,
1013 1011 946 -1,
1013 946 948 -1,
1015 1013 948 -1,
1015 948 950 -1,
1017 1015 950 -1,
1017 950 952 -1,
1019 1017 952 -1,
1019 952 954 -1,
1021 1019 954 -1,
1021 954 956 -1,
1023 1021 956 -1,
1023 956 958 -1,
1025 1023 958 -1,
1025 958 960 -1,
1027 1025 960 -1,
1027 960 962 -1,
1029 1027 962 -1,
1029 962 964 -1,
1031 1029 964 -1,
1031 964 966 -1,
1033 1031 966 -1,
1033 966 968 -1,
1035 1033 968 -1,
1035 968 970 -1,
1037 1035 970 -1,
1037 970 972 -1,
1039 1037 972 -1,
1039 972 974 -1,
1041 1039 974 -1,
1041 974 976 -1,
1043 1041 976 -1,
1043 976 978 -1,
1045 1043 978 -1,
1045 978 980 -1,
1047 1045 980 -1,
1047 980 982 -1,
1049 1047 982 -1,
1049 982 984 -1,
1051 1049 984 -1,
1051 984 986 -1,
1053 1051 986 -1,
1053 986 988 -1,
1055 1053 988 -1,
1055 988 990 -1,
997 1055 990 -1,
997 990 932 -1,
912 918 1120 -1,
1121 912 1120 -1,
864 920 1122 -1,
1123 864 1122 -1,
868 907 1124 -1,
1125 868 1124 -1,
925 922 1126 -1,
1127 925 1126 -1,
914 926 1128 -1,
1129 914 1128 -1,
884 925 1127 -1,
1130 884 1127 -1,
920 871 1131 -1,
1122 920 1131 -1,
918 867 1132 -1,
1120 918 1132 -1,
894 917 1133 -1,
1134 894 1133 -1,
926 883 1135 -1,
1128 926 1135 -1,
922 879 1136 -1,
1126 922 1136 -1,
867 864 1123 -1,
1132 867 1123 -1,
871 868 1125 -1,
1131 871 1125 -1,
875 872 1137 -1,
1138 875 1137 -1,
879 876 1139 -1,
1136 879 1139 -1,
883 880 1140 -1,
1135 883 1140 -1,
887 884 1130 -1,
1141 887 1130 -1,
872 888 1142 -1,
1137 872 1142 -1,
893 890 1143 -1,
1144 893 1143 -1,
897 894 1134 -1,
1145 897 1134 -1,
901 898 1146 -1,
1147 901 1146 -1,
880 902 1148 -1,
1140 880 1148 -1,
876 904 1149 -1,
1139 876 1149 -1,
907 875 1138 -1,
1124 907 1138 -1,
890 908 1150 -1,
1143 890 1150 -1,
888 910 1151 -1,
1142 888 1151 -1,
902 887 1141 -1,
1148 902 1141 -1,
904 893 1144 -1,
1149 904 1144 -1,
898 912 1121 -1,
1146 898 1121 -1,
910 914 1129 -1,
1151 910 1129 -1,
908 897 1145 -1,
1150 908 1145 -1,
917 901 1147 -1,
1133 917 1147 -1,
1145 1134 1152 -1,
1153 1145 1152 -1,
1125 1124 1154 -1,
1155 1125 1154 -1,
1141 1130 1156 -1,
1157 1141 1156 -1,
1133 1147 1158 -1,
1159 1133 1158 -1,
1138 1137 1160 -1,
1161 1138 1160 -1,
1146 1121 1162 -1,
1163 1146 1162 -1,
1126 1136 1164 -1,
1165 1126 1164 -1,
1142 1151 1166 -1,
1167 1142 1166 -1,
1120 1132 1168 -1,
1169 1120 1168 -1,
1139 1149 1170 -1,
1171 1139 1170 -1,
1129 1128 1172 -1,
1173 1129 1172 -1,
1144 1143 1174 -1,
1175 1144 1174 -1,
1123 1122 1176 -1,
1177 1123 1176 -1,
1135 1140 1178 -1,
1179 1135 1178 -1,
1150 1145 1153 -1,
1180 1150 1153 -1,
1131 1125 1155 -1,
1181 1131 1155 -1,
1148 1141 1157 -1,
1182 1148 1157 -1,
1134 1133 1159 -1,
1152 1134 1159 -1,
1124 1138 1161 -1,
1154 1124 1161 -1,
1130 1127 1183 -1,
1156 1130 1183 -1,
1147 1146 1163 -1,
1158 1147 1163 -1,
1127 1126 1165 -1,
1183 1127 1165 -1,
1137 1142 1167 -1,
1160 1137 1167 -1,
1121 1120 1169 -1,
1162 1121 1169 -1,
1136 1139 1171 -1,
1164 1136 1171 -1,
1151 1129 1173 -1,
1166 1151 1173 -1,
1132 1123 1177 -1,
1168 1132 1177 -1,
1149 1144 1175 -1,
1170 1149 1175 -1,
1128 1135 1179 -1,
1172 1128 1179 -1,
1143 1150 1180 -1,
1174 1143 1180 -1,
1122 1131 1181 -1,
1176 1122 1181 -1,
1140 1148 1182 -1,
1178 1140 1182 -1,
1184 1185 1186 -1,
1184 1186 1187 -1,
1188 1189 1190 -1,
1188 1190 1191 -1,
1194 1193 1192 -1,
1195 1194 1192 -1,
1198 1197 1196 -1,
1199 1198 1196 -1,
1200 1201 1202 -1,
1200 1202 1203 -1,
1206 1205 1204 -1,
1207 1206 1204 -1,
1208 1209 1210 -1,
1208 1210 1211 -1,
1214 1213 1212 -1,
1215 1214 1212 -1,
1216 1217 1218 -1,
1216 1218 1219 -1,
1220 1221 1185 -1,
1220 1185 1184 -1,
1219 1218 1189 -1,
1219 1189 1188 -1,
1222 1194 1195 -1,
1223 1222 1195 -1,
1224 1198 1199 -1,
1225 1224 1199 -1,
1226 1227 1201 -1,
1226 1201 1200 -1,
1228 1229 1209 -1,
1228 1209 1208 -1,
1230 1206 1207 -1,
1231 1230 1207 -1,
1232 1214 1215 -1,
1233 1232 1215 -1,
1234 1235 1236 -1,
1234 1236 1237 -1,
1238 1239 1221 -1,
1238 1221 1220 -1,
1242 1241 1240 -1,
1243 1242 1240 -1,
1244 1222 1223 -1,
1245 1244 1223 -1,
1246 1224 1225 -1,
1247 1246 1225 -1,
1248 1249 1227 -1,
1248 1227 1226 -1,
1250 1251 1229 -1,
1250 1229 1228 -1,
1252 1230 1231 -1,
1253 1252 1231 -1,
1254 1232 1233 -1,
1255 1254 1233 -1,
1256 1257 1235 -1,
1256 1235 1234 -1,
1258 1259 1239 -1,
1258 1239 1238 -1,
1241 1261 1260 -1,
1240 1241 1260 -1,
1262 1244 1245 -1,
1263 1262 1245 -1,
1261 1246 1247 -1,
1260 1261 1247 -1,
1264 1265 1249 -1,
1264 1249 1248 -1,
1217 1241 1242 -1,
1236 1217 1242 -1,
1218 1261 1241 -1,
1217 1218 1241 -1,
1236 1242 1266 -1,
1235 1236 1266 -1,
1235 1266 1267 -1,
1257 1235 1267 -1,
1257 1267 1268 -1,
1269 1257 1268 -1,
1269 1268 1205 -1,
1270 1269 1205 -1,
1270 1205 1206 -1,
1271 1270 1206 -1,
1271 1206 1230 -1,
1202 1271 1230 -1,
1202 1230 1252 -1,
1201 1202 1252 -1,
1201 1252 1272 -1,
1227 1201 1272 -1,
1227 1272 1273 -1,
1249 1227 1273 -1,
1249 1273 1274 -1,
1265 1249 1274 -1,
1265 1274 1193 -1,
1275 1265 1193 -1,
1275 1193 1194 -1,
1276 1275 1194 -1,
1276 1194 1222 -1,
1186 1276 1222 -1,
1186 1222 1244 -1,
1185 1186 1244 -1,
1185 1244 1262 -1,
1221 1185 1262 -1,
1221 1262 1277 -1,
1239 1221 1277 -1,
1239 1277 1278 -1,
1259 1239 1278 -1,
1259 1278 1279 -1,
1280 1259 1279 -1,
1280 1279 1213 -1,
1281 1280 1213 -1,
1281 1213 1214 -1,
1282 1281 1214 -1,
1282 1214 1232 -1,
1210 1282 1232 -1,
1210 1232 1254 -1,
1209 1210 1254 -1,
1209 1254 1283 -1,
1229 1209 1283 -1,
1229 1283 1284 -1,
1251 1229 1284 -1,
1251 1284 1285 -1,
1286 1251 1285 -1,
1286 1285 1197 -1,
1287 1286 1197 -1,
1287 1197 1198 -1,
1288 1287 1198 -1,
1288 1198 1224 -1,
1190 1288 1224 -1,
1190 1224 1246 -1,
1189 1190 1246 -1,
1189 1246 1261 -1,
1218 1189 1261 -1,
1289 1290 1291 -1,
1289 1291 1292 -1,
1295 1294 1293 -1,
1296 1295 1293 -1,
1299 1298 1297 -1,
1300 1299 1297 -1,
1301 1302 1303 -1,
1301 1303 1304 -1,
1305 1306 1307 -1,
1305 1307 1308 -1,
1311 1310 1309 -1,
1312 1311 1309 -1,
1315 1314 1313 -1,
1316 1315 1313 -1,
1317 1318 1319 -1,
1317 1319 1320 -1,
1321 1322 1290 -1,
1321 1290 1289 -1,
1323 1295 1296 -1,
1324 1323 1296 -1,
1325 1299 1300 -1,
1326 1325 1300 -1,
1327 1328 1302 -1,
1327 1302 1301 -1,
1329 1330 1306 -1,
1329 1306 1305 -1,
1331 1311 1312 -1,
1332 1331 1312 -1,
1333 1334 1318 -1,
1333 1318 1317 -1,
1335 1315 1316 -1,
1336 1335 1316 -1,
1337 1338 1322 -1,
1337 1322 1321 -1,
1339 1323 1324 -1,
1340 1339 1324 -1,
1341 1342 1328 -1,
1341 1328 1327 -1,
1343 1325 1326 -1,
1344 1343 1326 -1,
1345 1346 1330 -1,
1345 1330 1329 -1,
1349 1348 1347 -1,
1350 1349 1347 -1,
1351 1331 1332 -1,
1352 1351 1332 -1,
1353 1335 1336 -1,
1354 1353 1336 -1,
1355 1356 1334 -1,
1355 1334 1333 -1,
1357 1358 1338 -1,
1357 1338 1337 -1,
1359 1339 1340 -1,
1360 1359 1340 -1,
1361 1343 1344 -1,
1362 1361 1344 -1,
1363 1364 1342 -1,
1363 1342 1341 -1,
1365 1366 1346 -1,
1365 1346 1345 -1,
1348 1368 1367 -1,
1347 1348 1367 -1,
1369 1351 1352 -1,
1370 1369 1352 -1,
1371 1348 1349 -1,
1372 1371 1349 -1,
1373 1368 1348 -1,
1371 1373 1348 -1,
1372 1349 1374 -1,
1303 1372 1374 -1,
1303 1374 1375 -1,
1302 1303 1375 -1,
1302 1375 1294 -1,
1328 1302 1294 -1,
1328 1294 1295 -1,
1342 1328 1295 -1,
1342 1295 1323 -1,
1364 1342 1323 -1,
1364 1323 1339 -1,
1376 1364 1339 -1,
1376 1339 1359 -1,
1377 1376 1359 -1,
1377 1359 1378 -1,
1379 1377 1378 -1,
1379 1378 1380 -1,
1319 1379 1380 -1,
1319 1380 1381 -1,
1318 1319 1381 -1,
1318 1381 1310 -1,
1334 1318 1310 -1,
1334 1310 1311 -1,
1356 1334 1311 -1,
1356 1311 1331 -1,
1382 1356 1331 -1,
1382 1331 1351 -1,
1383 1382 1351 -1,
1383 1351 1369 -1,
1384 1383 1369 -1,
1384 1369 1385 -1,
1307 1384 1385 -1,
1307 1385 1386 -1,
1306 1307 1386 -1,
1306 1386 1298 -1,
1330 1306 1298 -1,
1330 1298 1299 -1,
1346 1330 1299 -1,
1346 1299 1325 -1,
1366 1346 1325 -1,
1366 1325 1343 -1,
1387 1366 1343 -1,
1387 1343 1361 -1,
1388 1387 1361 -1,
1388 1361 1389 -1,
1291 1388 1389 -1,
1291 1389 1390 -1,
1290 1291 1390 -1,
1290 1390 1391 -1,
1322 1290 1391 -1,
1322 1391 1314 -1,
1338 1322 1314 -1,
1338 1314 1315 -1,
1358 1338 1315 -1,
1358 1315 1335 -1,
1392 1358 1335 -1,
1392 1335 1353 -1,
1393 1392 1353 -1,
1393 1353 1368 -1,
1373 1393 1368 -1,
1347 1216 1237 -1,
1350 1347 1237 -1,
1367 1219 1216 -1,
1347 1367 1216 -1,
1350 1237 1234 -1,
1394 1350 1234 -1,
1394 1234 1256 -1,
1395 1394 1256 -1,
1395 1256 1396 -1,
1293 1395 1396 -1,
1293 1396 1397 -1,
1296 1293 1397 -1,
1296 1397 1398 -1,
1324 1296 1398 -1,
1324 1398 1203 -1,
1340 1324 1203 -1,
1340 1203 1200 -1,
1360 1340 1200 -1,
1360 1200 1226 -1,
1399 1360 1226 -1,
1399 1226 1248 -1,
1400 1399 1248 -1,
1400 1248 1264 -1,
1401 1400 1264 -1,
1401 1264 1402 -1,
1309 1401 1402 -1,
1309 1402 1403 -1,
1312 1309 1403 -1,
1312 1403 1187 -1,
1332 1312 1187 -1,
1332 1187 1184 -1,
1352 1332 1184 -1,
1352 1184 1220 -1,
1370 1352 1220 -1,
1370 1220 1238 -1,
1404 1370 1238 -1,
1404 1238 1258 -1,
1405 1404 1258 -1,
1405 1258 1406 -1,
1297 1405 1406 -1,
1297 1406 1407 -1,
1300 1297 1407 -1,
1300 1407 1408 -1,
1326 1300 1408 -1,
1326 1408 1211 -1,
1344 1326 1211 -1,
1344 1211 1208 -1,
1362 1344 1208 -1,
1362 1208 1228 -1,
1409 1362 1228 -1,
1409 1228 1250 -1,
1410 1409 1250 -1,
1410 1250 1411 -1,
1412 1410 1411 -1,
1412 1411 1413 -1,
1313 1412 1413 -1,
1313 1413 1414 -1,
1316 1313 1414 -1,
1316 1414 1191 -1,
1336 1316 1191 -1,
1336 1191 1188 -1,
1354 1336 1188 -1,
1354 1188 1219 -1,
1367 1354 1219 -1,
1237 1236 1217 -1,
1237 1217 1216 -1,
1213 1279 1415 -1,
1212 1213 1415 -1,
1211 1210 1282 -1,
1211 1282 1408 -1,
1205 1268 1416 -1,
1204 1205 1416 -1,
1203 1202 1271 -1,
1203 1271 1398 -1,
1197 1285 1417 -1,
1196 1197 1417 -1,
1191 1190 1288 -1,
1191 1288 1414 -1,
1193 1274 1418 -1,
1192 1193 1418 -1,
1187 1186 1276 -1,
1187 1276 1403 -1,
1279 1278 1419 -1,
1415 1279 1419 -1,
1268 1267 1420 -1,
1416 1268 1420 -1,
1408 1282 1281 -1,
1408 1281 1407 -1,
1398 1271 1270 -1,
1398 1270 1397 -1,
1285 1284 1421 -1,
1417 1285 1421 -1,
1274 1273 1422 -1,
1418 1274 1422 -1,
1414 1288 1287 -1,
1414 1287 1413 -1,
1403 1276 1275 -1,
1403 1275 1402 -1,
1278 1277 1423 -1,
1419 1278 1423 -1,
1267 1266 1424 -1,
1420 1267 1424 -1,
1407 1281 1280 -1,
1407 1280 1406 -1,
1397 1270 1269 -1,
1397 1269 1396 -1,
1284 1283 1425 -1,
1421 1284 1425 -1,
1273 1272 1426 -1,
1422 1273 1426 -1,
1413 1287 1286 -1,
1413 1286 1411 -1,
1402 1275 1265 -1,
1402 1265 1264 -1,
1277 1262 1263 -1,
1423 1277 1263 -1,
1406 1280 1259 -1,
1406 1259 1258 -1,
1266 1242 1243 -1,
1424 1266 1243 -1,
1396 1269 1257 -1,
1396 1257 1256 -1,
1283 1254 1255 -1,
1425 1283 1255 -1,
1411 1286 1251 -1,
1411 1251 1250 -1,
1272 1252 1253 -1,
1426 1272 1253 -1,
1320 1319 1379 -1,
1320 1379 1427 -1,
1314 1391 1412 -1,
1313 1314 1412 -1,
1310 1381 1401 -1,
1309 1310 1401 -1,
1308 1307 1384 -1,
1308 1384 1428 -1,
1298 1386 1405 -1,
1297 1298 1405 -1,
1304 1303 1372 -1,
1304 1372 1429 -1,
1294 1375 1395 -1,
1293 1294 1395 -1,
1292 1291 1388 -1,
1292 1388 1430 -1,
1427 1379 1377 -1,
1427 1377 1431 -1,
1391 1390 1410 -1,
1412 1391 1410 -1,
1381 1380 1400 -1,
1401 1381 1400 -1,
1432 1373 1393 -1,
1432 1393 1433 -1,
1428 1384 1383 -1,
1428 1383 1434 -1,
1386 1385 1404 -1,
1405 1386 1404 -1,
1435 1371 1373 -1,
1435 1373 1432 -1,
1375 1374 1394 -1,
1395 1375 1394 -1,
1430 1388 1387 -1,
1430 1387 1436 -1,
1390 1389 1409 -1,
1410 1390 1409 -1,
1431 1377 1376 -1,
1431 1376 1437 -1,
1380 1378 1399 -1,
1400 1380 1399 -1,
1433 1393 1392 -1,
1433 1392 1438 -1,
1434 1383 1382 -1,
1434 1382 1439 -1,
1429 1372 1371 -1,
1429 1371 1435 -1,
1385 1369 1370 -1,
1404 1385 1370 -1,
1374 1349 1350 -1,
1394 1374 1350 -1,
1436 1387 1366 -1,
1436 1366 1365 -1,
1437 1376 1364 -1,
1437 1364 1363 -1,
1389 1361 1362 -1,
1409 1389 1362 -1,
1378 1359 1360 -1,
1399 1378 1360 -1,
1438 1392 1358 -1,
1438 1358 1357 -1,
1439 1382 1356 -1,
1439 1356 1355 -1,
1368 1353 1354 -1,
1367 1368 1354 -1,
1240 1056 1057 -1,
1243 1240 1057 -1,
1260 1058 1056 -1,
1240 1260 1056 -1,
1243 1057 1059 -1,
1424 1243 1059 -1,
1424 1059 1060 -1,
1420 1424 1060 -1,
1420 1060 1061 -1,
1416 1420 1061 -1,
1416 1061 1062 -1,
1204 1416 1062 -1,
1204 1062 1063 -1,
1207 1204 1063 -1,
1207 1063 1064 -1,
1231 1207 1064 -1,
1231 1064 1065 -1,
1253 1231 1065 -1,
1253 1065 1066 -1,
1426 1253 1066 -1,
1426 1066 1067 -1,
1422 1426 1067 -1,
1422 1067 1068 -1,
1418 1422 1068 -1,
1418 1068 1069 -1,
1192 1418 1069 -1,
1192 1069 1070 -1,
1195 1192 1070 -1,
1195 1070 1071 -1,
1223 1195 1071 -1,
1223 1071 1072 -1,
1245 1223 1072 -1,
1245 1072 1073 -1,
1263 1245 1073 -1,
1263 1073 1074 -1,
1423 1263 1074 -1,
1423 1074 1075 -1,
1419 1423 1075 -1,
1419 1075 1076 -1,
1415 1419 1076 -1,
1415 1076 1077 -1,
1212 1415 1077 -1,
1212 1077 1078 -1,
1215 1212 1078 -1,
1215 1078 1079 -1,
1233 1215 1079 -1,
1233 1079 1080 -1,
1255 1233 1080 -1,
1255 1080 1081 -1,
1425 1255 1081 -1,
1425 1081 1082 -1,
1421 1425 1082 -1,
1421 1082 1083 -1,
1417 1421 1083 -1,
1417 1083 1084 -1,
1196 1417 1084 -1,
1196 1084 1085 -1,
1199 1196 1085 -1,
1199 1085 1086 -1,
1225 1199 1086 -1,
1225 1086 1087 -1,
1247 1225 1087 -1,
1247 1087 1058 -1,
1260 1247 1058 -1,
1442 1441 1440 -1,
1443 1442 1440 -1,
1445 1444 1441 -1,
1442 1445 1441 -1,
1447 1446 1444 -1,
1445 1447 1444 -1,
1449 1448 1446 -1,
1447 1449 1446 -1,
1451 1450 1448 -1,
1449 1451 1448 -1,
1453 1452 1450 -1,
1451 1453 1450 -1,
1455 1454 1452 -1,
1453 1455 1452 -1,
1457 1456 1454 -1,
1455 1457 1454 -1,
1459 1458 1456 -1,
1457 1459 1456 -1,
1461 1460 1458 -1,
1459 1461 1458 -1,
1463 1462 1460 -1,
1461 1463 1460 -1,
1465 1464 1462 -1,
1463 1465 1462 -1,
1467 1466 1464 -1,
1465 1467 1464 -1,
1469 1468 1466 -1,
1467 1469 1466 -1,
1471 1470 1468 -1,
1469 1471 1468 -1,
1473 1472 1470 -1,
1471 1473 1470 -1,
1475 1474 1472 -1,
1473 1475 1472 -1,
1477 1476 1474 -1,
1475 1477 1474 -1,
1479 1478 1476 -1,
1477 1479 1476 -1,
1481 1480 1478 -1,
1479 1481 1478 -1,
1483 1482 1480 -1,
1481 1483 1480 -1,
1485 1484 1482 -1,
1483 1485 1482 -1,
1487 1486 1484 -1,
1485 1487 1484 -1,
1489 1488 1486 -1,
1487 1489 1486 -1,
1491 1490 1488 -1,
1489 1491 1488 -1,
1493 1492 1490 -1,
1491 1493 1490 -1,
1495 1494 1492 -1,
1493 1495 1492 -1,
1497 1496 1494 -1,
1495 1497 1494 -1,
1499 1498 1496 -1,
1497 1499 1496 -1,
1501 1500 1498 -1,
1499 1501 1498 -1,
1443 1440 1502 -1,
1503 1443 1502 -1,
1503 1502 1500 -1,
1501 1503 1500 -1,
1506 1505 1504 -1,
1507 1506 1504 -1,
1509 1508 1505 -1,
1506 1509 1505 -1,
1507 1504 1510 -1,
1511 1507 1510 -1,
1511 1510 1512 -1,
1513 1511 1512 -1,
1513 1512 1514 -1,
1515 1513 1514 -1,
1515 1514 1516 -1,
1517 1515 1516 -1,
1517 1516 1518 -1,
1519 1517 1518 -1,
1519 1518 1520 -1,
1521 1519 1520 -1,
1521 1520 1522 -1,
1523 1521 1522 -1,
1523 1522 1524 -1,
1525 1523 1524 -1,
1525 1524 1526 -1,
1527 1525 1526 -1,
1527 1526 1528 -1,
1529 1527 1528 -1,
1529 1528 1530 -1,
1531 1529 1530 -1,
1531 1530 1532 -1,
1533 1531 1532 -1,
1533 1532 1534 -1,
1535 1533 1534 -1,
1535 1534 1536 -1,
1537 1535 1536 -1,
1537 1536 1538 -1,
1539 1537 1538 -1,
1539 1538 1540 -1,
1541 1539 1540 -1,
1541 1540 1542 -1,
1543 1541 1542 -1,
1543 1542 1544 -1,
1545 1543 1544 -1,
1545 1544 1546 -1,
1547 1545 1546 -1,
1547 1546 1548 -1,
1549 1547 1548 -1,
1549 1548 1550 -1,
1551 1549 1550 -1,
1551 1550 1552 -1,
1553 1551 1552 -1,
1553 1552 1554 -1,
1555 1553 1554 -1,
1555 1554 1556 -1,
1557 1555 1556 -1,
1557 1556 1558 -1,
1559 1557 1558 -1,
1559 1558 1560 -1,
1561 1559 1560 -1,
1561 1560 1562 -1,
1563 1561 1562 -1,
1563 1562 1564 -1,
1565 1563 1564 -1,
1565 1564 1566 -1,
1567 1565 1566 -1,
1567 1566 1508 -1,
1509 1567 1508 -1,
1119 1569 1568 -1,
1090 1119 1568 -1,
1118 1570 1569 -1,
1119 1118 1569 -1,
1117 1571 1570 -1,
1118 1117 1570 -1,
1116 1572 1571 -1,
1117 1116 1571 -1,
1115 1573 1572 -1,
1116 1115 1572 -1,
1114 1574 1573 -1,
1115 1114 1573 -1,
1113 1575 1574 -1,
1114 1113 1574 -1,
1112 1576 1575 -1,
1113 1112 1575 -1,
1111 1577 1576 -1,
1112 1111 1576 -1,
1110 1578 1577 -1,
1111 1110 1577 -1,
1109 1579 1578 -1,
1110 1109 1578 -1,
1108 1580 1579 -1,
1109 1108 1579 -1,
1107 1581 1580 -1,
1108 1107 1580 -1,
1106 1582 1581 -1,
1107 1106 1581 -1,
1105 1583 1582 -1,
1106 1105 1582 -1,
1104 1584 1583 -1,
1105 1104 1583 -1,
1103 1585 1584 -1,
1104 1103 1584 -1,
1102 1586 1585 -1,
1103 1102 1585 -1,
1101 1587 1586 -1,
1102 1101 1586 -1,
1100 1588 1587 -1,
1101 1100 1587 -1,
1099 1589 1588 -1,
1100 1099 1588 -1,
1098 1590 1589 -1,
1099 1098 1589 -1,
1097 1591 1590 -1,
1098 1097 1590 -1,
1096 1592 1591 -1,
1097 1096 1591 -1,
1095 1593 1592 -1,
1096 1095 1592 -1,
1094 1594 1593 -1,
1095 1094 1593 -1,
1093 1595 1594 -1,
1094 1093 1594 -1,
1092 1596 1595 -1,
1093 1092 1595 -1,
1091 1597 1596 -1,
1092 1091 1596 -1,
1088 1598 1597 -1,
1091 1088 1597 -1,
1090 1568 1599 -1,
1089 1090 1599 -1,
1089 1599 1598 -1,
1088 1089 1598 -1,
1507 1506 1502 -1,
1507 1502 1500 -1,
1506 1509 1440 -1,
1506 1440 1502 -1,
1511 1507 1500 -1,
1511 1500 1498 -1,
1513 1511 1498 -1,
1513 1498 1496 -1,
1515 1513 1496 -1,
1515 1496 1494 -1,
1517 1515 1494 -1,
1517 1494 1492 -1,
1519 1517 1492 -1,
1519 1492 1490 -1,
1521 1519 1490 -1,
1521 1490 1488 -1,
1523 1521 1488 -1,
1523 1488 1486 -1,
1525 1523 1486 -1,
1525 1486 1484 -1,
1527 1525 1484 -1,
1527 1484 1482 -1,
1529 1527 1482 -1,
1529 1482 1480 -1,
1531 1529 1480 -1,
1531 1480 1478 -1,
1533 1531 1478 -1,
1533 1478 1476 -1,
1535 1533 1476 -1,
1535 1476 1474 -1,
1537 1535 1474 -1,
1537 1474 1472 -1,
1539 1537 1472 -1,
1539 1472 1470 -1,
1541 1539 1470 -1,
1541 1470 1468 -1,
1543 1541 1468 -1,
1543 1468 1466 -1,
1545 1543 1466 -1,
1545 1466 1464 -1,
1547 1545 1464 -1,
1547 1464 1462 -1,
1549 1547 1462 -1,
1549 1462 1460 -1,
1551 1549 1460 -1,
1551 1460 1458 -1,
1553 1551 1458 -1,
1553 1458 1456 -1,
1555 1553 1456 -1,
1555 1456 1454 -1,
1557 1555 1454 -1,
1557 1454 1452 -1,
1559 1557 1452 -1,
1559 1452 1450 -1,
1561 1559 1450 -1,
1561 1450 1448 -1,
1563 1561 1448 -1,
1563 1448 1446 -1,
1565 1563 1446 -1,
1565 1446 1444 -1,
1567 1565 1444 -1,
1567 1444 1441 -1,
1509 1567 1441 -1,
1509 1441 1440 -1,
1599 1503 1501 -1,
1598 1599 1501 -1,
1568 1443 1503 -1,
1599 1568 1503 -1,
1598 1501 1499 -1,
1597 1598 1499 -1,
1597 1499 1497 -1,
1596 1597 1497 -1,
1596 1497 1495 -1,
1595 1596 1495 -1,
1595 1495 1493 -1,
1594 1595 1493 -1,
1594 1493 1491 -1,
1593 1594 1491 -1,
1593 1491 1489 -1,
1592 1593 1489 -1,
1592 1489 1487 -1,
1591 1592 1487 -1,
1591 1487 1485 -1,
1590 1591 1485 -1,
1590 1485 1483 -1,
1589 1590 1483 -1,
1589 1483 1481 -1,
1588 1589 1481 -1,
1588 1481 1479 -1,
1587 1588 1479 -1,
1587 1479 1477 -1,
1586 1587 1477 -1,
1586 1477 1475 -1,
1585 1586 1475 -1,
1585 1475 1473 -1,
1584 1585 1473 -1,
1584 1473 1471 -1,
1583 1584 1471 -1,
1583 1471 1469 -1,
1582 1583 1469 -1,
1582 1469 1467 -1,
1581 1582 1467 -1,
1581 1467 1465 -1,
1580 1581 1465 -1,
1580 1465 1463 -1,
1579 1580 1463 -1,
1579 1463 1461 -1,
1578 1579 1461 -1,
1578 1461 1459 -1,
1577 1578 1459 -1,
1577 1459 1457 -1,
1576 1577 1457 -1,
1576 1457 1455 -1,
1575 1576 1455 -1,
1575 1455 1453 -1,
1574 1575 1453 -1,
1574 1453 1451 -1,
1573 1574 1451 -1,
1573 1451 1449 -1,
1572 1573 1449 -1,
1572 1449 1447 -1,
1571 1572 1447 -1,
1571 1447 1445 -1,
1570 1571 1445 -1,
1570 1445 1442 -1,
1569 1570 1442 -1,
1569 1442 1443 -1,
1568 1569 1443 -1,
1566 1601 1600 -1,
1508 1566 1600 -1,
1564 1602 1601 -1,
1566 1564 1601 -1,
1562 1603 1602 -1,
1564 1562 1602 -1,
1560 1604 1603 -1,
1562 1560 1603 -1,
1558 1605 1604 -1,
1560 1558 1604 -1,
1556 1606 1605 -1,
1558 1556 1605 -1,
1554 1607 1606 -1,
1556 1554 1606 -1,
1552 1608 1607 -1,
1554 1552 1607 -1,
1550 1609 1608 -1,
1552 1550 1608 -1,
1548 1610 1609 -1,
1550 1548 1609 -1,
1546 1611 1610 -1,
1548 1546 1610 -1,
1544 1612 1611 -1,
1546 1544 1611 -1,
1542 1613 1612 -1,
1544 1542 1612 -1,
1540 1614 1613 -1,
1542 1540 1613 -1,
1538 1615 1614 -1,
1540 1538 1614 -1,
1536 1616 1615 -1,
1538 1536 1615 -1,
1534 1617 1616 -1,
1536 1534 1616 -1,
1532 1618 1617 -1,
1534 1532 1617 -1,
1530 1619 1618 -1,
1532 1530 1618 -1,
1528 1620 1619 -1,
1530 1528 1619 -1,
1526 1621 1620 -1,
1528 1526 1620 -1,
1524 1622 1621 -1,
1526 1524 1621 -1,
1522 1623 1622 -1,
1524 1522 1622 -1,
1520 1624 1623 -1,
1522 1520 1623 -1,
1518 1625 1624 -1,
1520 1518 1624 -1,
1516 1626 1625 -1,
1518 1516 1625 -1,
1514 1627 1626 -1,
1516 1514 1626 -1,
1512 1628 1627 -1,
1514 1512 1627 -1,
1510 1629 1628 -1,
1512 1510 1628 -1,
1504 1630 1629 -1,
1510 1504 1629 -1,
1508 1600 1631 -1,
1505 1508 1631 -1,
1505 1631 1630 -1,
1504 1505 1630 -1,
1631 769 768 -1,
1630 1631 768 -1,
1600 770 769 -1,
1631 1600 769 -1,
1630 768 771 -1,
1629 1630 771 -1,
1629 771 772 -1,
1628 1629 772 -1,
1628 772 773 -1,
1627 1628 773 -1,
1627 773 774 -1,
1626 1627 774 -1,
1626 774 775 -1,
1625 1626 775 -1,
1625 775 776 -1,
1624 1625 776 -1,
1624 776 777 -1,
1623 1624 777 -1,
1623 777 778 -1,
1622 1623 778 -1,
1622 778 779 -1,
1621 1622 779 -1,
1621 779 780 -1,
1620 1621 780 -1,
1620 780 781 -1,
1619 1620 781 -1,
1619 781 782 -1,
1618 1619 782 -1,
1618 782 783 -1,
1617 1618 783 -1,
1617 783 784 -1,
1616 1617 784 -1,
1616 784 785 -1,
1615 1616 785 -1,
1615 785 786 -1,
1614 1615 786 -1,
1614 786 787 -1,
1613 1614 787 -1,
1613 787 788 -1,
1612 1613 788 -1,
1612 788 789 -1,
1611 1612 789 -1,
1611 789 790 -1,
1610 1611 790 -1,
1610 790 791 -1,
1609 1610 791 -1,
1609 791 792 -1,
1608 1609 792 -1,
1608 792 793 -1,
1607 1608 793 -1,
1607 793 794 -1,
1606 1607 794 -1,
1606 794 795 -1,
1605 1606 795 -1,
1605 795 796 -1,
1604 1605 796 -1,
1604 796 797 -1,
1603 1604 797 -1,
1603 797 798 -1,
1602 1603 798 -1,
1602 798 799 -1,
1601 1602 799 -1,
1601 799 770 -1,
1600 1601 770 -1,
1174 1180 1632 -1,
1633 1174 1632 -1,
1176 1181 1634 -1,
1635 1176 1634 -1,
1178 1182 1636 -1,
1637 1178 1636 -1,
1153 1152 1638 -1,
1639 1153 1638 -1,
1155 1154 1640 -1,
1641 1155 1640 -1,
1157 1156 1642 -1,
1643 1157 1642 -1,
1159 1158 1644 -1,
1645 1159 1644 -1,
1161 1160 1646 -1,
1647 1161 1646 -1,
1163 1162 1648 -1,
1649 1163 1648 -1,
1165 1164 1650 -1,
1651 1165 1650 -1,
1167 1166 1652 -1,
1653 1167 1652 -1,
1169 1168 1654 -1,
1655 1169 1654 -1,
1171 1170 1656 -1,
1657 1171 1656 -1,
1173 1172 1658 -1,
1659 1173 1658 -1,
1175 1174 1633 -1,
1660 1175 1633 -1,
1177 1176 1635 -1,
1661 1177 1635 -1,
1179 1178 1637 -1,
1662 1179 1637 -1,
1180 1153 1639 -1,
1632 1180 1639 -1,
1181 1155 1641 -1,
1634 1181 1641 -1,
1182 1157 1643 -1,
1636 1182 1643 -1,
1152 1159 1645 -1,
1638 1152 1645 -1,
1154 1161 1647 -1,
1640 1154 1647 -1,
1156 1183 1663 -1,
1642 1156 1663 -1,
1158 1163 1649 -1,
1644 1158 1649 -1,
1183 1165 1651 -1,
1663 1183 1651 -1,
1160 1167 1653 -1,
1646 1160 1653 -1,
1162 1169 1655 -1,
1648 1162 1655 -1,
1164 1171 1657 -1,
1650 1164 1657 -1,
1166 1173 1659 -1,
1652 1166 1659 -1,
1168 1177 1661 -1,
1654 1168 1661 -1,
1170 1175 1660 -1,
1656 1170 1660 -1,
1654 1661 1664 -1,
1665 1654 1664 -1,
1656 1660 1666 -1,
1667 1656 1666 -1,
1658 1662 1668 -1,
1669 1658 1668 -1,
1649 1648 1670 -1,
1671 1649 1670 -1,
1651 1650 1672 -1,
1673 1651 1672 -1,
1653 1652 1674 -1,
1675 1653 1674 -1,
1638 1645 1676 -1,
1677 1638 1676 -1,
1640 1647 1678 -1,
1679 1640 1678 -1,
1642 1663 1680 -1,
1681 1642 1680 -1,
1633 1632 1682 -1,
1683 1633 1682 -1,
1635 1634 1684 -1,
1685 1635 1684 -1,
1637 1636 1686 -1,
1687 1637 1686 -1,
1655 1654 1665 -1,
1688 1655 1665 -1,
1657 1656 1667 -1,
1689 1657 1667 -1,
1659 1658 1669 -1,
1690 1659 1669 -1,
1644 1649 1671 -1,
1691 1644 1671 -1,
1646 1653 1675 -1,
1692 1646 1675 -1,
1639 1638 1677 -1,
1693 1639 1677 -1,
1641 1640 1679 -1,
1694 1641 1679 -1,
1643 1642 1681 -1,
1695 1643 1681 -1,
1660 1633 1683 -1,
1666 1660 1683 -1,
1661 1635 1685 -1,
1664 1661 1685 -1,
1662 1637 1687 -1,
1668 1662 1687 -1,
1648 1655 1688 -1,
1670 1648 1688 -1,
1650 1657 1689 -1,
1672 1650 1689 -1,
1652 1659 1690 -1,
1674 1652 1690 -1,
1645 1644 1691 -1,
1676 1645 1691 -1,
1647 1646 1692 -1,
1678 1647 1692 -1,
1632 1639 1693 -1,
1682 1632 1693 -1,
1663 1651 1673 -1,
1680 1663 1673 -1,
1634 1641 1694 -1,
1684 1634 1694 -1,
1172 1179 1662 -1,
1658 1172 1662 -1,
799 770 769 -1,
769 768 771 -1,
771 772 773 -1,
773 774 775 -1,
775 776 777 -1,
777 778 779 -1,
779 780 781 -1,
781 782 783 -1,
783 784 785 -1,
785 786 787 -1,
787 788 789 -1,
789 790 791 -1,
791 792 793 -1,
793 794 795 -1,
795 796 797 -1,
797 798 799 -1,
799 769 771 -1,
771 773 775 -1,
775 777 779 -1,
779 781 783 -1,
783 785 787 -1,
787 789 791 -1,
791 793 795 -1,
795 797 799 -1,
799 771 775 -1,
775 779 783 -1,
783 787 791 -1,
791 795 799 -1,
799 775 783 -1,
783 791 799 -1,
1681 1435 1429 -1,
1695 1681 1429 -1,
1680 1432 1435 -1,
1681 1680 1435 -1,
1636 1643 1695 -1,
1686 1636 1695 -1,
1695 1429 1304 -1,
1686 1695 1304 -1,
1686 1304 1301 -1,
1687 1686 1301 -1,
1687 1301 1327 -1,
1668 1687 1327 -1,
1668 1327 1341 -1,
1669 1668 1341 -1,
1669 1341 1363 -1,
1690 1669 1363 -1,
1690 1363 1437 -1,
1674 1690 1437 -1,
1674 1437 1431 -1,
1675 1674 1431 -1,
1675 1431 1427 -1,
1692 1675 1427 -1,
1692 1427 1320 -1,
1678 1692 1320 -1,
1678 1320 1317 -1,
1679 1678 1317 -1,
1679 1317 1333 -1,
1694 1679 1333 -1,
1694 1333 1355 -1,
1684 1694 1355 -1,
1684 1355 1439 -1,
1685 1684 1439 -1,
1685 1439 1434 -1,
1664 1685 1434 -1,
1664 1434 1428 -1,
1665 1664 1428 -1,
1665 1428 1308 -1,
1688 1665 1308 -1,
1688 1308 1305 -1,
1670 1688 1305 -1,
1670 1305 1329 -1,
1671 1670 1329 -1,
1671 1329 1345 -1,
1691 1671 1345 -1,
1691 1345 1365 -1,
1676 1691 1365 -1,
1676 1365 1436 -1,
1677 1676 1436 -1,
1677 1436 1430 -1,
1693 1677 1430 -1,
1693 1430 1292 -1,
1682 1693 1292 -1,
1682 1292 1289 -1,
1683 1682 1289 -1,
1683 1289 1321 -1,
1666 1683 1321 -1,
1666 1321 1337 -1,
1667 1666 1337 -1,
1667 1337 1357 -1,
1689 1667 1357 -1,
1689 1357 1438 -1,
1672 1689 1438 -1,
1672 1438 1433 -1,
1673 1672 1433 -1,
1673 1433 1432 -1,
1680 1673 1432 -1
] } }
