ISO-10303-21;
HEADER;
FILE_DESCRIPTION(('FreeCAD Model'),'2;1');
FILE_NAME('Open CASCADE Shape Model','2026-09-15T16:02:40',('FreeCAD'),(
    'FreeCAD'),'Open CASCADE STEP processor 7.8','FreeCAD','Unknown');
FILE_SCHEMA(('AUTOMOTIVE_DESIGN { 1 0 10303 214 1 1 1 1 }'));
ENDSEC;
DATA;
#1 = APPLICATION_PROTOCOL_DEFINITION('international standard',
  'automotive_design',2000,#2);
#2 = APPLICATION_CONTEXT(
  'core data for automotive mechanical design processes');
#3 = SHAPE_DEFINITION_REPRESENTATION(#4,#10);
#4 = PRODUCT_DEFINITION_SHAPE('','',#5);
#5 = PRODUCT_DEFINITION('design','',#6,#9);
#6 = PRODUCT_DEFINITION_FORMATION('','',#7);
#7 = PRODUCT('Open CASCADE STEP translator 7.8 1',
  'Open CASCADE STEP translator 7.8 1','',(#8));
#8 = PRODUCT_CONTEXT('',#2,'mechanical');
#9 = PRODUCT_DEFINITION_CONTEXT('part definition',#2,'design');
#10 = ADVANCED_BREP_SHAPE_REPRESENTATION('',(#11,#15),#4389);
#11 = AXIS2_PLACEMENT_3D('',#12,#13,#14);
#12 = CARTESIAN_POINT('',(0.,0.,0.));
#13 = DIRECTION('',(0.,0.,1.));
#14 = DIRECTION('',(1.,0.,-0.));
#15 = MANIFOLD_SOLID_BREP('',#16);
#16 = CLOSED_SHELL('',(#17,#57,#88,#128,#168,#199,#230,#261,#292,#323,
    #354,#385,#416,#447,#478,#509,#540,#571,#602,#633,#664,#695,#726,
    #757,#788,#819,#850,#881,#912,#943,#974,#1005,#1036,#1067,#1098,
    #1129,#1160,#1191,#1222,#1253,#1284,#1315,#1346,#1377,#1408,#1439,
    #1470,#1501,#1532,#1563,#1594,#1625,#1656,#1687,#1718,#1749,#1780,
    #1811,#1842,#1873,#1904,#1935,#2021,#2052,#2083,#2114,#2145,#2176,
    #2207,#2238,#2269,#2300,#2331,#2362,#2393,#2424,#2455,#2486,#2517,
    #2548,#2579,#2610,#2641,#2672,#2703,#2734,#2765,#2796,#2827,#2858,
    #2889,#2920,#2951,#2982,#3013,#3044,#3075,#3106,#3137,#3168,#3199,
    #3230,#3261,#3292,#3323,#3354,#3385,#3416,#3447,#3478,#3509,#3540,
    #3571,#3602,#3633,#3664,#3695,#3726,#3757,#3788,#3819,#3908,#3997,
    #4079,#4168,#4185,#4225,#4256,#4280,#4315,#4334,#4353,#4365,#4377));
#17 = ADVANCED_FACE('',(#18),#52,.F.);
#18 = FACE_BOUND('',#19,.F.);
#19 = EDGE_LOOP('',(#20,#30,#38,#46));
#20 = ORIENTED_EDGE('',*,*,#21,.F.);
#21 = EDGE_CURVE('',#22,#24,#26,.T.);
#22 = VERTEX_POINT('',#23);
#23 = CARTESIAN_POINT('',(3.55,-0.75,-3.6));
#24 = VERTEX_POINT('',#25);
#25 = CARTESIAN_POINT('',(3.55,-0.75,0.));
#26 = LINE('',#27,#28);
#27 = CARTESIAN_POINT('',(3.55,-0.75,-3.6));
#28 = VECTOR('',#29,1.);
#29 = DIRECTION('',(0.,0.,1.));
#30 = ORIENTED_EDGE('',*,*,#31,.T.);
#31 = EDGE_CURVE('',#22,#32,#34,.T.);
#32 = VERTEX_POINT('',#33);
#33 = CARTESIAN_POINT('',(3.55,0.75,-3.6));
#34 = LINE('',#35,#36);
#35 = CARTESIAN_POINT('',(3.55,-0.75,-3.6));
#36 = VECTOR('',#37,1.);
#37 = DIRECTION('',(-0.,1.,0.));
#38 = ORIENTED_EDGE('',*,*,#39,.T.);
#39 = EDGE_CURVE('',#32,#40,#42,.T.);
#40 = VERTEX_POINT('',#41);
#41 = CARTESIAN_POINT('',(3.55,0.75,0.));
#42 = LINE('',#43,#44);
#43 = CARTESIAN_POINT('',(3.55,0.75,-3.6));
#44 = VECTOR('',#45,1.);
#45 = DIRECTION('',(0.,0.,1.));
#46 = ORIENTED_EDGE('',*,*,#47,.T.);
#47 = EDGE_CURVE('',#40,#24,#48,.T.);
#48 = LINE('',#49,#50);
#49 = CARTESIAN_POINT('',(3.55,-0.75,0.));
#50 = VECTOR('',#51,1.);
#51 = DIRECTION('',(0.,-1.,0.));
#52 = PLANE('',#53);
#53 = AXIS2_PLACEMENT_3D('',#54,#55,#56);
#54 = CARTESIAN_POINT('',(3.55,-0.75,-3.6));
#55 = DIRECTION('',(1.,0.,-0.));
#56 = DIRECTION('',(0.,0.,1.));
#57 = ADVANCED_FACE('',(#58),#83,.F.);
#58 = FACE_BOUND('',#59,.F.);
#59 = EDGE_LOOP('',(#60,#61,#69,#77));
#60 = ORIENTED_EDGE('',*,*,#31,.F.);
#61 = ORIENTED_EDGE('',*,*,#62,.T.);
#62 = EDGE_CURVE('',#22,#63,#65,.T.);
#63 = VERTEX_POINT('',#64);
#64 = CARTESIAN_POINT('',(4.05,-0.75,-3.6));
#65 = LINE('',#66,#67);
#66 = CARTESIAN_POINT('',(3.55,-0.75,-3.6));
#67 = VECTOR('',#68,1.);
#68 = DIRECTION('',(1.,0.,-0.));
#69 = ORIENTED_EDGE('',*,*,#70,.T.);
#70 = EDGE_CURVE('',#63,#71,#73,.T.);
#71 = VERTEX_POINT('',#72);
#72 = CARTESIAN_POINT('',(4.05,0.75,-3.6));
#73 = LINE('',#74,#75);
#74 = CARTESIAN_POINT('',(4.05,-0.75,-3.6));
#75 = VECTOR('',#76,1.);
#76 = DIRECTION('',(-0.,1.,0.));
#77 = ORIENTED_EDGE('',*,*,#78,.F.);
#78 = EDGE_CURVE('',#32,#71,#79,.T.);
#79 = LINE('',#80,#81);
#80 = CARTESIAN_POINT('',(3.55,0.75,-3.6));
#81 = VECTOR('',#82,1.);
#82 = DIRECTION('',(1.,0.,-0.));
#83 = PLANE('',#84);
#84 = AXIS2_PLACEMENT_3D('',#85,#86,#87);
#85 = CARTESIAN_POINT('',(3.55,-0.75,-3.6));
#86 = DIRECTION('',(0.,0.,1.));
#87 = DIRECTION('',(1.,0.,-0.));
#88 = ADVANCED_FACE('',(#89),#123,.T.);
#89 = FACE_BOUND('',#90,.T.);
#90 = EDGE_LOOP('',(#91,#99,#100,#101,#109,#117));
#91 = ORIENTED_EDGE('',*,*,#92,.T.);
#92 = EDGE_CURVE('',#93,#24,#95,.T.);
#93 = VERTEX_POINT('',#94);
#94 = CARTESIAN_POINT('',(3.5,-0.75,0.));
#95 = LINE('',#96,#97);
#96 = CARTESIAN_POINT('',(3.25,-0.75,0.));
#97 = VECTOR('',#98,1.);
#98 = DIRECTION('',(1.,0.,-0.));
#99 = ORIENTED_EDGE('',*,*,#21,.F.);
#100 = ORIENTED_EDGE('',*,*,#62,.T.);
#101 = ORIENTED_EDGE('',*,*,#102,.T.);
#102 = EDGE_CURVE('',#63,#103,#105,.T.);
#103 = VERTEX_POINT('',#104);
#104 = CARTESIAN_POINT('',(4.05,-0.75,0.5));
#105 = LINE('',#106,#107);
#106 = CARTESIAN_POINT('',(4.05,-0.75,-3.6));
#107 = VECTOR('',#108,1.);
#108 = DIRECTION('',(0.,0.,1.));
#109 = ORIENTED_EDGE('',*,*,#110,.F.);
#110 = EDGE_CURVE('',#111,#103,#113,.T.);
#111 = VERTEX_POINT('',#112);
#112 = CARTESIAN_POINT('',(3.5,-0.75,0.5));
#113 = LINE('',#114,#115);
#114 = CARTESIAN_POINT('',(3.55,-0.75,0.5));
#115 = VECTOR('',#116,1.);
#116 = DIRECTION('',(1.,0.,-0.));
#117 = ORIENTED_EDGE('',*,*,#118,.F.);
#118 = EDGE_CURVE('',#93,#111,#119,.T.);
#119 = LINE('',#120,#121);
#120 = CARTESIAN_POINT('',(3.5,-0.75,0.));
#121 = VECTOR('',#122,1.);
#122 = DIRECTION('',(0.,0.,1.));
#123 = PLANE('',#124);
#124 = AXIS2_PLACEMENT_3D('',#125,#126,#127);
#125 = CARTESIAN_POINT('',(3.79435483871,-0.75,-1.53064516129));
#126 = DIRECTION('',(-0.,-1.,-0.));
#127 = DIRECTION('',(0.,0.,-1.));
#128 = ADVANCED_FACE('',(#129),#163,.F.);
#129 = FACE_BOUND('',#130,.F.);
#130 = EDGE_LOOP('',(#131,#141,#149,#157));
#131 = ORIENTED_EDGE('',*,*,#132,.T.);
#132 = EDGE_CURVE('',#133,#135,#137,.T.);
#133 = VERTEX_POINT('',#134);
#134 = CARTESIAN_POINT('',(-3.5,-3.45,0.5));
#135 = VERTEX_POINT('',#136);
#136 = CARTESIAN_POINT('',(3.5,-3.45,0.5));
#137 = LINE('',#138,#139);
#138 = CARTESIAN_POINT('',(-3.5,-3.45,0.5));
#139 = VECTOR('',#140,1.);
#140 = DIRECTION('',(1.,0.,0.));
#141 = ORIENTED_EDGE('',*,*,#142,.T.);
#142 = EDGE_CURVE('',#135,#143,#145,.T.);
#143 = VERTEX_POINT('',#144);
#144 = CARTESIAN_POINT('',(3.5,-3.45,1.25));
#145 = LINE('',#146,#147);
#146 = CARTESIAN_POINT('',(3.5,-3.45,0.5));
#147 = VECTOR('',#148,1.);
#148 = DIRECTION('',(0.,0.,1.));
#149 = ORIENTED_EDGE('',*,*,#150,.F.);
#150 = EDGE_CURVE('',#151,#143,#153,.T.);
#151 = VERTEX_POINT('',#152);
#152 = CARTESIAN_POINT('',(-3.5,-3.45,1.25));
#153 = LINE('',#154,#155);
#154 = CARTESIAN_POINT('',(-3.5,-3.45,1.25));
#155 = VECTOR('',#156,1.);
#156 = DIRECTION('',(1.,0.,0.));
#157 = ORIENTED_EDGE('',*,*,#158,.F.);
#158 = EDGE_CURVE('',#133,#151,#159,.T.);
#159 = LINE('',#160,#161);
#160 = CARTESIAN_POINT('',(-3.5,-3.45,0.5));
#161 = VECTOR('',#162,1.);
#162 = DIRECTION('',(0.,0.,1.));
#163 = PLANE('',#164);
#164 = AXIS2_PLACEMENT_3D('',#165,#166,#167);
#165 = CARTESIAN_POINT('',(-3.5,-3.45,0.5));
#166 = DIRECTION('',(0.,-1.,0.));
#167 = DIRECTION('',(0.,0.,1.));
#168 = ADVANCED_FACE('',(#169),#194,.F.);
#169 = FACE_BOUND('',#170,.F.);
#170 = EDGE_LOOP('',(#171,#172,#180,#188));
#171 = ORIENTED_EDGE('',*,*,#150,.T.);
#172 = ORIENTED_EDGE('',*,*,#173,.T.);
#173 = EDGE_CURVE('',#143,#174,#176,.T.);
#174 = VERTEX_POINT('',#175);
#175 = CARTESIAN_POINT('',(3.5,-2.5,2.8));
#176 = LINE('',#177,#178);
#177 = CARTESIAN_POINT('',(3.5,-3.45,1.25));
#178 = VECTOR('',#179,1.);
#179 = DIRECTION('',(0.,0.522562057929,0.852601252411));
#180 = ORIENTED_EDGE('',*,*,#181,.F.);
#181 = EDGE_CURVE('',#182,#174,#184,.T.);
#182 = VERTEX_POINT('',#183);
#183 = CARTESIAN_POINT('',(-3.5,-2.5,2.8));
#184 = LINE('',#185,#186);
#185 = CARTESIAN_POINT('',(-3.5,-2.5,2.8));
#186 = VECTOR('',#187,1.);
#187 = DIRECTION('',(1.,0.,0.));
#188 = ORIENTED_EDGE('',*,*,#189,.F.);
#189 = EDGE_CURVE('',#151,#182,#190,.T.);
#190 = LINE('',#191,#192);
#191 = CARTESIAN_POINT('',(-3.5,-3.45,1.25));
#192 = VECTOR('',#193,1.);
#193 = DIRECTION('',(0.,0.522562057929,0.852601252411));
#194 = PLANE('',#195);
#195 = AXIS2_PLACEMENT_3D('',#196,#197,#198);
#196 = CARTESIAN_POINT('',(-3.5,-3.45,1.25));
#197 = DIRECTION('',(0.,-0.852601252411,0.522562057929));
#198 = DIRECTION('',(0.,0.522562057929,0.852601252411));
#199 = ADVANCED_FACE('',(#200),#225,.F.);
#200 = FACE_BOUND('',#201,.F.);
#201 = EDGE_LOOP('',(#202,#203,#211,#219));
#202 = ORIENTED_EDGE('',*,*,#181,.T.);
#203 = ORIENTED_EDGE('',*,*,#204,.T.);
#204 = EDGE_CURVE('',#174,#205,#207,.T.);
#205 = VERTEX_POINT('',#206);
#206 = CARTESIAN_POINT('',(3.5,-1.835444596323,4.578713458275));
#207 = LINE('',#208,#209);
#208 = CARTESIAN_POINT('',(3.5,-2.5,2.8));
#209 = VECTOR('',#210,1.);
#210 = DIRECTION('',(0.,0.34998636634,0.936754793623));
#211 = ORIENTED_EDGE('',*,*,#212,.F.);
#212 = EDGE_CURVE('',#213,#205,#215,.T.);
#213 = VERTEX_POINT('',#214);
#214 = CARTESIAN_POINT('',(-3.5,-1.835444596323,4.578713458275));
#215 = LINE('',#216,#217);
#216 = CARTESIAN_POINT('',(-3.5,-1.835444596323,4.578713458275));
#217 = VECTOR('',#218,1.);
#218 = DIRECTION('',(1.,0.,0.));
#219 = ORIENTED_EDGE('',*,*,#220,.F.);
#220 = EDGE_CURVE('',#182,#213,#221,.T.);
#221 = LINE('',#222,#223);
#222 = CARTESIAN_POINT('',(-3.5,-2.5,2.8));
#223 = VECTOR('',#224,1.);
#224 = DIRECTION('',(0.,0.34998636634,0.936754793623));
#225 = PLANE('',#226);
#226 = AXIS2_PLACEMENT_3D('',#227,#228,#229);
#227 = CARTESIAN_POINT('',(-3.5,-2.5,2.8));
#228 = DIRECTION('',(0.,-0.936754793623,0.34998636634));
#229 = DIRECTION('',(0.,0.34998636634,0.936754793623));
#230 = ADVANCED_FACE('',(#231),#256,.F.);
#231 = FACE_BOUND('',#232,.F.);
#232 = EDGE_LOOP('',(#233,#234,#242,#250));
#233 = ORIENTED_EDGE('',*,*,#212,.T.);
#234 = ORIENTED_EDGE('',*,*,#235,.T.);
#235 = EDGE_CURVE('',#205,#236,#238,.T.);
#236 = VERTEX_POINT('',#237);
#237 = CARTESIAN_POINT('',(3.5,-2.042355578021,4.736509855322));
#238 = LINE('',#239,#240);
#239 = CARTESIAN_POINT('',(3.5,-1.835444596323,4.578713458275));
#240 = VECTOR('',#241,1.);
#241 = DIRECTION('',(0.,-0.795153872088,0.606407717385));
#242 = ORIENTED_EDGE('',*,*,#243,.F.);
#243 = EDGE_CURVE('',#244,#236,#246,.T.);
#244 = VERTEX_POINT('',#245);
#245 = CARTESIAN_POINT('',(-3.5,-2.042355578021,4.736509855322));
#246 = LINE('',#247,#248);
#247 = CARTESIAN_POINT('',(-3.5,-2.042355578021,4.736509855322));
#248 = VECTOR('',#249,1.);
#249 = DIRECTION('',(1.,0.,0.));
#250 = ORIENTED_EDGE('',*,*,#251,.F.);
#251 = EDGE_CURVE('',#213,#244,#252,.T.);
#252 = LINE('',#253,#254);
#253 = CARTESIAN_POINT('',(-3.5,-1.835444596323,4.578713458275));
#254 = VECTOR('',#255,1.);
#255 = DIRECTION('',(0.,-0.795153872088,0.606407717385));
#256 = PLANE('',#257);
#257 = AXIS2_PLACEMENT_3D('',#258,#259,#260);
#258 = CARTESIAN_POINT('',(-3.5,-1.835444596323,4.578713458275));
#259 = DIRECTION('',(0.,-0.606407717385,-0.795153872088));
#260 = DIRECTION('',(0.,-0.795153872088,0.606407717385));
#261 = ADVANCED_FACE('',(#262),#287,.F.);
#262 = FACE_BOUND('',#263,.F.);
#263 = EDGE_LOOP('',(#264,#265,#273,#281));
#264 = ORIENTED_EDGE('',*,*,#243,.T.);
#265 = ORIENTED_EDGE('',*,*,#266,.T.);
#266 = EDGE_CURVE('',#236,#267,#269,.T.);
#267 = VERTEX_POINT('',#268);
#268 = CARTESIAN_POINT('',(3.5,-2.235761511927,4.910596046613));
#269 = LINE('',#270,#271);
#270 = CARTESIAN_POINT('',(3.5,-2.042355578021,4.736509855322));
#271 = VECTOR('',#272,1.);
#272 = DIRECTION('',(0.,-0.743254301768,0.669009000614));
#273 = ORIENTED_EDGE('',*,*,#274,.F.);
#274 = EDGE_CURVE('',#275,#267,#277,.T.);
#275 = VERTEX_POINT('',#276);
#276 = CARTESIAN_POINT('',(-3.5,-2.235761511927,4.910596046613));
#277 = LINE('',#278,#279);
#278 = CARTESIAN_POINT('',(-3.5,-2.235761511927,4.910596046613));
#279 = VECTOR('',#280,1.);
#280 = DIRECTION('',(1.,0.,0.));
#281 = ORIENTED_EDGE('',*,*,#282,.F.);
#282 = EDGE_CURVE('',#244,#275,#283,.T.);
#283 = LINE('',#284,#285);
#284 = CARTESIAN_POINT('',(-3.5,-2.042355578021,4.736509855322));
#285 = VECTOR('',#286,1.);
#286 = DIRECTION('',(0.,-0.743254301768,0.669009000614));
#287 = PLANE('',#288);
#288 = AXIS2_PLACEMENT_3D('',#289,#290,#291);
#289 = CARTESIAN_POINT('',(-3.5,-2.042355578021,4.736509855322));
#290 = DIRECTION('',(0.,-0.669009000614,-0.743254301768));
#291 = DIRECTION('',(0.,-0.743254301768,0.669009000614));
#292 = ADVANCED_FACE('',(#293),#318,.F.);
#293 = FACE_BOUND('',#294,.F.);
#294 = EDGE_LOOP('',(#295,#296,#304,#312));
#295 = ORIENTED_EDGE('',*,*,#274,.T.);
#296 = ORIENTED_EDGE('',*,*,#297,.T.);
#297 = EDGE_CURVE('',#267,#298,#300,.T.);
#298 = VERTEX_POINT('',#299);
#299 = CARTESIAN_POINT('',(3.5,-2.414383503999,5.099820889634));
#300 = LINE('',#301,#302);
#301 = CARTESIAN_POINT('',(3.5,-2.235761511927,4.910596046613));
#302 = VECTOR('',#303,1.);
#303 = DIRECTION('',(0.,-0.686439972738,0.727186471152));
#304 = ORIENTED_EDGE('',*,*,#305,.F.);
#305 = EDGE_CURVE('',#306,#298,#308,.T.);
#306 = VERTEX_POINT('',#307);
#307 = CARTESIAN_POINT('',(-3.5,-2.414383503999,5.099820889634));
#308 = LINE('',#309,#310);
#309 = CARTESIAN_POINT('',(-3.5,-2.414383503999,5.099820889634));
#310 = VECTOR('',#311,1.);
#311 = DIRECTION('',(1.,0.,0.));
#312 = ORIENTED_EDGE('',*,*,#313,.F.);
#313 = EDGE_CURVE('',#275,#306,#314,.T.);
#314 = LINE('',#315,#316);
#315 = CARTESIAN_POINT('',(-3.5,-2.235761511927,4.910596046613));
#316 = VECTOR('',#317,1.);
#317 = DIRECTION('',(0.,-0.686439972738,0.727186471152));
#318 = PLANE('',#319);
#319 = AXIS2_PLACEMENT_3D('',#320,#321,#322);
#320 = CARTESIAN_POINT('',(-3.5,-2.235761511927,4.910596046613));
#321 = DIRECTION('',(0.,-0.727186471152,-0.686439972738));
#322 = DIRECTION('',(0.,-0.686439972738,0.727186471152));
#323 = ADVANCED_FACE('',(#324),#349,.F.);
#324 = FACE_BOUND('',#325,.F.);
#325 = EDGE_LOOP('',(#326,#327,#335,#343));
#326 = ORIENTED_EDGE('',*,*,#305,.T.);
#327 = ORIENTED_EDGE('',*,*,#328,.T.);
#328 = EDGE_CURVE('',#298,#329,#331,.T.);
#329 = VERTEX_POINT('',#330);
#330 = CARTESIAN_POINT('',(3.5,-2.577040418804,5.302933137749));
#331 = LINE('',#332,#333);
#332 = CARTESIAN_POINT('',(3.5,-2.414383503999,5.099820889634));
#333 = VECTOR('',#334,1.);
#334 = DIRECTION('',(0.,-0.625086568957,0.780555431286));
#335 = ORIENTED_EDGE('',*,*,#336,.F.);
#336 = EDGE_CURVE('',#337,#329,#339,.T.);
#337 = VERTEX_POINT('',#338);
#338 = CARTESIAN_POINT('',(-3.5,-2.577040418804,5.302933137749));
#339 = LINE('',#340,#341);
#340 = CARTESIAN_POINT('',(-3.5,-2.577040418804,5.302933137749));
#341 = VECTOR('',#342,1.);
#342 = DIRECTION('',(1.,0.,0.));
#343 = ORIENTED_EDGE('',*,*,#344,.F.);
#344 = EDGE_CURVE('',#306,#337,#345,.T.);
#345 = LINE('',#346,#347);
#346 = CARTESIAN_POINT('',(-3.5,-2.414383503999,5.099820889634));
#347 = VECTOR('',#348,1.);
#348 = DIRECTION('',(0.,-0.625086568957,0.780555431286));
#349 = PLANE('',#350);
#350 = AXIS2_PLACEMENT_3D('',#351,#352,#353);
#351 = CARTESIAN_POINT('',(-3.5,-2.414383503999,5.099820889634));
#352 = DIRECTION('',(0.,-0.780555431286,-0.625086568957));
#353 = DIRECTION('',(0.,-0.625086568957,0.780555431286));
#354 = ADVANCED_FACE('',(#355),#380,.F.);
#355 = FACE_BOUND('',#356,.F.);
#356 = EDGE_LOOP('',(#357,#358,#366,#374));
#357 = ORIENTED_EDGE('',*,*,#336,.T.);
#358 = ORIENTED_EDGE('',*,*,#359,.T.);
#359 = EDGE_CURVE('',#329,#360,#362,.T.);
#360 = VERTEX_POINT('',#361);
#361 = CARTESIAN_POINT('',(3.5,-2.72265668976,5.518589714048));
#362 = LINE('',#363,#364);
#363 = CARTESIAN_POINT('',(3.5,-2.577040418804,5.302933137749));
#364 = VECTOR('',#365,1.);
#365 = DIRECTION('',(0.,-0.55959978895,0.82876297951));
#366 = ORIENTED_EDGE('',*,*,#367,.F.);
#367 = EDGE_CURVE('',#368,#360,#370,.T.);
#368 = VERTEX_POINT('',#369);
#369 = CARTESIAN_POINT('',(-3.5,-2.72265668976,5.518589714048));
#370 = LINE('',#371,#372);
#371 = CARTESIAN_POINT('',(-3.5,-2.72265668976,5.518589714048));
#372 = VECTOR('',#373,1.);
#373 = DIRECTION('',(1.,0.,0.));
#374 = ORIENTED_EDGE('',*,*,#375,.F.);
#375 = EDGE_CURVE('',#337,#368,#376,.T.);
#376 = LINE('',#377,#378);
#377 = CARTESIAN_POINT('',(-3.5,-2.577040418804,5.302933137749));
#378 = VECTOR('',#379,1.);
#379 = DIRECTION('',(0.,-0.55959978895,0.82876297951));
#380 = PLANE('',#381);
#381 = AXIS2_PLACEMENT_3D('',#382,#383,#384);
#382 = CARTESIAN_POINT('',(-3.5,-2.577040418804,5.302933137749));
#383 = DIRECTION('',(0.,-0.82876297951,-0.55959978895));
#384 = DIRECTION('',(0.,-0.55959978895,0.82876297951));
#385 = ADVANCED_FACE('',(#386),#411,.F.);
#386 = FACE_BOUND('',#387,.F.);
#387 = EDGE_LOOP('',(#388,#389,#397,#405));
#388 = ORIENTED_EDGE('',*,*,#367,.T.);
#389 = ORIENTED_EDGE('',*,*,#390,.T.);
#390 = EDGE_CURVE('',#360,#391,#393,.T.);
#391 = VERTEX_POINT('',#392);
#392 = CARTESIAN_POINT('',(3.5,-2.850269431305,5.745364592426));
#393 = LINE('',#394,#395);
#394 = CARTESIAN_POINT('',(3.5,-2.72265668976,5.518589714048));
#395 = VECTOR('',#396,1.);
#396 = DIRECTION('',(0.,-0.49041266314,0.871490344084));
#397 = ORIENTED_EDGE('',*,*,#398,.F.);
#398 = EDGE_CURVE('',#399,#391,#401,.T.);
#399 = VERTEX_POINT('',#400);
#400 = CARTESIAN_POINT('',(-3.5,-2.850269431305,5.745364592426));
#401 = LINE('',#402,#403);
#402 = CARTESIAN_POINT('',(-3.5,-2.850269431305,5.745364592426));
#403 = VECTOR('',#404,1.);
#404 = DIRECTION('',(1.,0.,0.));
#405 = ORIENTED_EDGE('',*,*,#406,.F.);
#406 = EDGE_CURVE('',#368,#399,#407,.T.);
#407 = LINE('',#408,#409);
#408 = CARTESIAN_POINT('',(-3.5,-2.72265668976,5.518589714048));
#409 = VECTOR('',#410,1.);
#410 = DIRECTION('',(0.,-0.49041266314,0.871490344084));
#411 = PLANE('',#412);
#412 = AXIS2_PLACEMENT_3D('',#413,#414,#415);
#413 = CARTESIAN_POINT('',(-3.5,-2.72265668976,5.518589714048));
#414 = DIRECTION('',(0.,-0.871490344084,-0.49041266314));
#415 = DIRECTION('',(0.,-0.49041266314,0.871490344084));
#416 = ADVANCED_FACE('',(#417),#442,.F.);
#417 = FACE_BOUND('',#418,.F.);
#418 = EDGE_LOOP('',(#419,#420,#428,#436));
#419 = ORIENTED_EDGE('',*,*,#398,.T.);
#420 = ORIENTED_EDGE('',*,*,#421,.T.);
#421 = EDGE_CURVE('',#391,#422,#424,.T.);
#422 = VERTEX_POINT('',#423);
#423 = CARTESIAN_POINT('',(3.5,-2.959034805965,5.981758227162));
#424 = LINE('',#425,#426);
#425 = CARTESIAN_POINT('',(3.5,-2.850269431305,5.745364592426));
#426 = VECTOR('',#427,1.);
#427 = DIRECTION('',(0.,-0.41798269043,0.908454990905));
#428 = ORIENTED_EDGE('',*,*,#429,.F.);
#429 = EDGE_CURVE('',#430,#422,#432,.T.);
#430 = VERTEX_POINT('',#431);
#431 = CARTESIAN_POINT('',(-3.5,-2.959034805965,5.981758227162));
#432 = LINE('',#433,#434);
#433 = CARTESIAN_POINT('',(-3.5,-2.959034805965,5.981758227162));
#434 = VECTOR('',#435,1.);
#435 = DIRECTION('',(1.,0.,0.));
#436 = ORIENTED_EDGE('',*,*,#437,.F.);
#437 = EDGE_CURVE('',#399,#430,#438,.T.);
#438 = LINE('',#439,#440);
#439 = CARTESIAN_POINT('',(-3.5,-2.850269431305,5.745364592426));
#440 = VECTOR('',#441,1.);
#441 = DIRECTION('',(0.,-0.41798269043,0.908454990905));
#442 = PLANE('',#443);
#443 = AXIS2_PLACEMENT_3D('',#444,#445,#446);
#444 = CARTESIAN_POINT('',(-3.5,-2.850269431305,5.745364592426));
#445 = DIRECTION('',(0.,-0.908454990905,-0.41798269043));
#446 = DIRECTION('',(0.,-0.41798269043,0.908454990905));
#447 = ADVANCED_FACE('',(#448),#473,.F.);
#448 = FACE_BOUND('',#449,.F.);
#449 = EDGE_LOOP('',(#450,#451,#459,#467));
#450 = ORIENTED_EDGE('',*,*,#429,.T.);
#451 = ORIENTED_EDGE('',*,*,#452,.T.);
#452 = EDGE_CURVE('',#422,#453,#455,.T.);
#453 = VERTEX_POINT('',#454);
#454 = CARTESIAN_POINT('',(3.5,-3.048233604215,6.226207468639));
#455 = LINE('',#456,#457);
#456 = CARTESIAN_POINT('',(3.5,-2.959034805965,5.981758227162));
#457 = VECTOR('',#458,1.);
#458 = DIRECTION('',(0.,-0.342788813006,0.939412491762));
#459 = ORIENTED_EDGE('',*,*,#460,.F.);
#460 = EDGE_CURVE('',#461,#453,#463,.T.);
#461 = VERTEX_POINT('',#462);
#462 = CARTESIAN_POINT('',(-3.5,-3.048233604215,6.226207468639));
#463 = LINE('',#464,#465);
#464 = CARTESIAN_POINT('',(-3.5,-3.048233604215,6.226207468639));
#465 = VECTOR('',#466,1.);
#466 = DIRECTION('',(1.,0.,0.));
#467 = ORIENTED_EDGE('',*,*,#468,.F.);
#468 = EDGE_CURVE('',#430,#461,#469,.T.);
#469 = LINE('',#470,#471);
#470 = CARTESIAN_POINT('',(-3.5,-2.959034805965,5.981758227162));
#471 = VECTOR('',#472,1.);
#472 = DIRECTION('',(0.,-0.342788813006,0.939412491762));
#473 = PLANE('',#474);
#474 = AXIS2_PLACEMENT_3D('',#475,#476,#477);
#475 = CARTESIAN_POINT('',(-3.5,-2.959034805965,5.981758227162));
#476 = DIRECTION('',(0.,-0.939412491762,-0.342788813006));
#477 = DIRECTION('',(0.,-0.342788813006,0.939412491762));
#478 = ADVANCED_FACE('',(#479),#504,.F.);
#479 = FACE_BOUND('',#480,.F.);
#480 = EDGE_LOOP('',(#481,#482,#490,#498));
#481 = ORIENTED_EDGE('',*,*,#460,.T.);
#482 = ORIENTED_EDGE('',*,*,#483,.T.);
#483 = EDGE_CURVE('',#453,#484,#486,.T.);
#484 = VERTEX_POINT('',#485);
#485 = CARTESIAN_POINT('',(3.5,-3.117276000246,6.477095899657));
#486 = LINE('',#487,#488);
#487 = CARTESIAN_POINT('',(3.5,-3.048233604215,6.226207468639));
#488 = VECTOR('',#489,1.);
#489 = DIRECTION('',(0.,-0.265328249334,0.96415814061));
#490 = ORIENTED_EDGE('',*,*,#491,.F.);
#491 = EDGE_CURVE('',#492,#484,#494,.T.);
#492 = VERTEX_POINT('',#493);
#493 = CARTESIAN_POINT('',(-3.5,-3.117276000246,6.477095899657));
#494 = LINE('',#495,#496);
#495 = CARTESIAN_POINT('',(-3.5,-3.117276000246,6.477095899657));
#496 = VECTOR('',#497,1.);
#497 = DIRECTION('',(1.,0.,0.));
#498 = ORIENTED_EDGE('',*,*,#499,.F.);
#499 = EDGE_CURVE('',#461,#492,#500,.T.);
#500 = LINE('',#501,#502);
#501 = CARTESIAN_POINT('',(-3.5,-3.048233604215,6.226207468639));
#502 = VECTOR('',#503,1.);
#503 = DIRECTION('',(0.,-0.265328249334,0.96415814061));
#504 = PLANE('',#505);
#505 = AXIS2_PLACEMENT_3D('',#506,#507,#508);
#506 = CARTESIAN_POINT('',(-3.5,-3.048233604215,6.226207468639));
#507 = DIRECTION('',(0.,-0.96415814061,-0.265328249334));
#508 = DIRECTION('',(0.,-0.265328249334,0.96415814061));
#509 = ADVANCED_FACE('',(#510),#535,.F.);
#510 = FACE_BOUND('',#511,.F.);
#511 = EDGE_LOOP('',(#512,#513,#521,#529));
#512 = ORIENTED_EDGE('',*,*,#491,.T.);
#513 = ORIENTED_EDGE('',*,*,#514,.T.);
#514 = EDGE_CURVE('',#484,#515,#517,.T.);
#515 = VERTEX_POINT('',#516);
#516 = CARTESIAN_POINT('',(3.5,-3.165705452175,6.732764523962));
#517 = LINE('',#518,#519);
#518 = CARTESIAN_POINT('',(3.5,-3.117276000246,6.477095899657));
#519 = VECTOR('',#520,1.);
#520 = DIRECTION('',(0.,-0.186113206312,0.982528307193));
#521 = ORIENTED_EDGE('',*,*,#522,.F.);
#522 = EDGE_CURVE('',#523,#515,#525,.T.);
#523 = VERTEX_POINT('',#524);
#524 = CARTESIAN_POINT('',(-3.5,-3.165705452175,6.732764523962));
#525 = LINE('',#526,#527);
#526 = CARTESIAN_POINT('',(-3.5,-3.165705452175,6.732764523962));
#527 = VECTOR('',#528,1.);
#528 = DIRECTION('',(1.,0.,0.));
#529 = ORIENTED_EDGE('',*,*,#530,.F.);
#530 = EDGE_CURVE('',#492,#523,#531,.T.);
#531 = LINE('',#532,#533);
#532 = CARTESIAN_POINT('',(-3.5,-3.117276000246,6.477095899657));
#533 = VECTOR('',#534,1.);
#534 = DIRECTION('',(0.,-0.186113206312,0.982528307193));
#535 = PLANE('',#536);
#536 = AXIS2_PLACEMENT_3D('',#537,#538,#539);
#537 = CARTESIAN_POINT('',(-3.5,-3.117276000246,6.477095899657));
#538 = DIRECTION('',(0.,-0.982528307193,-0.186113206312));
#539 = DIRECTION('',(0.,-0.186113206312,0.982528307193));
#540 = ADVANCED_FACE('',(#541),#566,.F.);
#541 = FACE_BOUND('',#542,.F.);
#542 = EDGE_LOOP('',(#543,#544,#552,#560));
#543 = ORIENTED_EDGE('',*,*,#522,.T.);
#544 = ORIENTED_EDGE('',*,*,#545,.T.);
#545 = EDGE_CURVE('',#515,#546,#548,.T.);
#546 = VERTEX_POINT('',#547);
#547 = CARTESIAN_POINT('',(3.5,-3.193201720928,6.991522736339));
#548 = LINE('',#549,#550);
#549 = CARTESIAN_POINT('',(3.5,-3.165705452175,6.732764523962));
#550 = VECTOR('',#551,1.);
#551 = DIRECTION('',(0.,-0.105667492307,0.99440151904));
#552 = ORIENTED_EDGE('',*,*,#553,.F.);
#553 = EDGE_CURVE('',#554,#546,#556,.T.);
#554 = VERTEX_POINT('',#555);
#555 = CARTESIAN_POINT('',(-3.5,-3.193201720928,6.991522736339));
#556 = LINE('',#557,#558);
#557 = CARTESIAN_POINT('',(-3.5,-3.193201720928,6.991522736339));
#558 = VECTOR('',#559,1.);
#559 = DIRECTION('',(1.,0.,0.));
#560 = ORIENTED_EDGE('',*,*,#561,.F.);
#561 = EDGE_CURVE('',#523,#554,#562,.T.);
#562 = LINE('',#563,#564);
#563 = CARTESIAN_POINT('',(-3.5,-3.165705452175,6.732764523962));
#564 = VECTOR('',#565,1.);
#565 = DIRECTION('',(0.,-0.105667492307,0.99440151904));
#566 = PLANE('',#567);
#567 = AXIS2_PLACEMENT_3D('',#568,#569,#570);
#568 = CARTESIAN_POINT('',(-3.5,-3.165705452175,6.732764523962));
#569 = DIRECTION('',(0.,-0.99440151904,-0.105667492307));
#570 = DIRECTION('',(0.,-0.105667492307,0.99440151904));
#571 = ADVANCED_FACE('',(#572),#597,.F.);
#572 = FACE_BOUND('',#573,.F.);
#573 = EDGE_LOOP('',(#574,#575,#583,#591));
#574 = ORIENTED_EDGE('',*,*,#553,.T.);
#575 = ORIENTED_EDGE('',*,*,#576,.T.);
#576 = EDGE_CURVE('',#546,#577,#579,.T.);
#577 = VERTEX_POINT('',#578);
#578 = CARTESIAN_POINT('',(3.5,-3.19958298781,7.251659501717));
#579 = LINE('',#580,#581);
#580 = CARTESIAN_POINT('',(3.5,-3.193201720928,6.991522736339));
#581 = VECTOR('',#582,1.);
#582 = DIRECTION('',(0.,-2.452305348145E-02,0.999699264703));
#583 = ORIENTED_EDGE('',*,*,#584,.F.);
#584 = EDGE_CURVE('',#585,#577,#587,.T.);
#585 = VERTEX_POINT('',#586);
#586 = CARTESIAN_POINT('',(-3.5,-3.19958298781,7.251659501717));
#587 = LINE('',#588,#589);
#588 = CARTESIAN_POINT('',(-3.5,-3.19958298781,7.251659501717));
#589 = VECTOR('',#590,1.);
#590 = DIRECTION('',(1.,0.,0.));
#591 = ORIENTED_EDGE('',*,*,#592,.F.);
#592 = EDGE_CURVE('',#554,#585,#593,.T.);
#593 = LINE('',#594,#595);
#594 = CARTESIAN_POINT('',(-3.5,-3.193201720928,6.991522736339));
#595 = VECTOR('',#596,1.);
#596 = DIRECTION('',(0.,-2.452305348145E-02,0.999699264703));
#597 = PLANE('',#598);
#598 = AXIS2_PLACEMENT_3D('',#599,#600,#601);
#599 = CARTESIAN_POINT('',(-3.5,-3.193201720928,6.991522736339));
#600 = DIRECTION('',(0.,-0.999699264703,-2.452305348145E-02));
#601 = DIRECTION('',(0.,-2.452305348145E-02,0.999699264703));
#602 = ADVANCED_FACE('',(#603),#628,.F.);
#603 = FACE_BOUND('',#604,.F.);
#604 = EDGE_LOOP('',(#605,#606,#614,#622));
#605 = ORIENTED_EDGE('',*,*,#584,.T.);
#606 = ORIENTED_EDGE('',*,*,#607,.T.);
#607 = EDGE_CURVE('',#577,#608,#610,.T.);
#608 = VERTEX_POINT('',#609);
#609 = CARTESIAN_POINT('',(3.5,-3.184807056783,7.511454669359));
#610 = LINE('',#611,#612);
#611 = CARTESIAN_POINT('',(3.5,-3.19958298781,7.251659501717));
#612 = VECTOR('',#613,1.);
#613 = DIRECTION('',(0.,5.678354369295E-02,0.998386512913));
#614 = ORIENTED_EDGE('',*,*,#615,.F.);
#615 = EDGE_CURVE('',#616,#608,#618,.T.);
#616 = VERTEX_POINT('',#617);
#617 = CARTESIAN_POINT('',(-3.5,-3.184807056783,7.511454669359));
#618 = LINE('',#619,#620);
#619 = CARTESIAN_POINT('',(-3.5,-3.184807056783,7.511454669359));
#620 = VECTOR('',#621,1.);
#621 = DIRECTION('',(1.,0.,0.));
#622 = ORIENTED_EDGE('',*,*,#623,.F.);
#623 = EDGE_CURVE('',#585,#616,#624,.T.);
#624 = LINE('',#625,#626);
#625 = CARTESIAN_POINT('',(-3.5,-3.19958298781,7.251659501717));
#626 = VECTOR('',#627,1.);
#627 = DIRECTION('',(0.,5.678354369295E-02,0.998386512913));
#628 = PLANE('',#629);
#629 = AXIS2_PLACEMENT_3D('',#630,#631,#632);
#630 = CARTESIAN_POINT('',(-3.5,-3.19958298781,7.251659501717));
#631 = DIRECTION('',(0.,-0.998386512913,5.678354369295E-02));
#632 = DIRECTION('',(0.,5.678354369295E-02,0.998386512913));
#633 = ADVANCED_FACE('',(#634),#659,.F.);
#634 = FACE_BOUND('',#635,.F.);
#635 = EDGE_LOOP('',(#636,#637,#645,#653));
#636 = ORIENTED_EDGE('',*,*,#615,.T.);
#637 = ORIENTED_EDGE('',*,*,#638,.T.);
#638 = EDGE_CURVE('',#608,#639,#641,.T.);
#639 = VERTEX_POINT('',#640);
#640 = CARTESIAN_POINT('',(3.5,-3.148971633485,7.769190347342));
#641 = LINE('',#642,#643);
#642 = CARTESIAN_POINT('',(3.5,-3.184807056783,7.511454669359));
#643 = VECTOR('',#644,1.);
#644 = DIRECTION('',(0.,0.137714660476,0.990471944222));
#645 = ORIENTED_EDGE('',*,*,#646,.F.);
#646 = EDGE_CURVE('',#647,#639,#649,.T.);
#647 = VERTEX_POINT('',#648);
#648 = CARTESIAN_POINT('',(-3.5,-3.148971633485,7.769190347342));
#649 = LINE('',#650,#651);
#650 = CARTESIAN_POINT('',(-3.5,-3.148971633485,7.769190347342));
#651 = VECTOR('',#652,1.);
#652 = DIRECTION('',(1.,0.,0.));
#653 = ORIENTED_EDGE('',*,*,#654,.F.);
#654 = EDGE_CURVE('',#616,#647,#655,.T.);
#655 = LINE('',#656,#657);
#656 = CARTESIAN_POINT('',(-3.5,-3.184807056783,7.511454669359));
#657 = VECTOR('',#658,1.);
#658 = DIRECTION('',(0.,0.137714660476,0.990471944222));
#659 = PLANE('',#660);
#660 = AXIS2_PLACEMENT_3D('',#661,#662,#663);
#661 = CARTESIAN_POINT('',(-3.5,-3.184807056783,7.511454669359));
#662 = DIRECTION('',(0.,-0.990471944222,0.137714660476));
#663 = DIRECTION('',(0.,0.137714660476,0.990471944222));
#664 = ADVANCED_FACE('',(#665),#690,.F.);
#665 = FACE_BOUND('',#666,.F.);
#666 = EDGE_LOOP('',(#667,#668,#676,#684));
#667 = ORIENTED_EDGE('',*,*,#646,.T.);
#668 = ORIENTED_EDGE('',*,*,#669,.T.);
#669 = EDGE_CURVE('',#639,#670,#672,.T.);
#670 = VERTEX_POINT('',#671);
#671 = CARTESIAN_POINT('',(3.5,-3.092313679153,8.023162262087));
#672 = LINE('',#673,#674);
#673 = CARTESIAN_POINT('',(3.5,-3.148971633485,7.769190347342));
#674 = VECTOR('',#675,1.);
#675 = DIRECTION('',(0.,0.217735140987,0.976007893605));
#676 = ORIENTED_EDGE('',*,*,#677,.F.);
#677 = EDGE_CURVE('',#678,#670,#680,.T.);
#678 = VERTEX_POINT('',#679);
#679 = CARTESIAN_POINT('',(-3.5,-3.092313679153,8.023162262087));
#680 = LINE('',#681,#682);
#681 = CARTESIAN_POINT('',(-3.5,-3.092313679153,8.023162262087));
#682 = VECTOR('',#683,1.);
#683 = DIRECTION('',(1.,0.,0.));
#684 = ORIENTED_EDGE('',*,*,#685,.F.);
#685 = EDGE_CURVE('',#647,#678,#686,.T.);
#686 = LINE('',#687,#688);
#687 = CARTESIAN_POINT('',(-3.5,-3.148971633485,7.769190347342));
#688 = VECTOR('',#689,1.);
#689 = DIRECTION('',(0.,0.217735140987,0.976007893605));
#690 = PLANE('',#691);
#691 = AXIS2_PLACEMENT_3D('',#692,#693,#694);
#692 = CARTESIAN_POINT('',(-3.5,-3.148971633485,7.769190347342));
#693 = DIRECTION('',(0.,-0.976007893605,0.217735140987));
#694 = DIRECTION('',(0.,0.217735140987,0.976007893605));
#695 = ADVANCED_FACE('',(#696),#721,.F.);
#696 = FACE_BOUND('',#697,.F.);
#697 = EDGE_LOOP('',(#698,#699,#707,#715));
#698 = ORIENTED_EDGE('',*,*,#677,.T.);
#699 = ORIENTED_EDGE('',*,*,#700,.T.);
#700 = EDGE_CURVE('',#670,#701,#703,.T.);
#701 = VERTEX_POINT('',#702);
#702 = CARTESIAN_POINT('',(3.5,-3.01520784372,8.271691027847));
#703 = LINE('',#704,#705);
#704 = CARTESIAN_POINT('',(3.5,-3.092313679153,8.023162262087));
#705 = VECTOR('',#706,1.);
#706 = DIRECTION('',(0.,0.296315850912,0.955090004397));
#707 = ORIENTED_EDGE('',*,*,#708,.F.);
#708 = EDGE_CURVE('',#709,#701,#711,.T.);
#709 = VERTEX_POINT('',#710);
#710 = CARTESIAN_POINT('',(-3.5,-3.01520784372,8.271691027847));
#711 = LINE('',#712,#713);
#712 = CARTESIAN_POINT('',(-3.5,-3.01520784372,8.271691027847));
#713 = VECTOR('',#714,1.);
#714 = DIRECTION('',(1.,0.,0.));
#715 = ORIENTED_EDGE('',*,*,#716,.F.);
#716 = EDGE_CURVE('',#678,#709,#717,.T.);
#717 = LINE('',#718,#719);
#718 = CARTESIAN_POINT('',(-3.5,-3.092313679153,8.023162262087));
#719 = VECTOR('',#720,1.);
#720 = DIRECTION('',(0.,0.296315850912,0.955090004397));
#721 = PLANE('',#722);
#722 = AXIS2_PLACEMENT_3D('',#723,#724,#725);
#723 = CARTESIAN_POINT('',(-3.5,-3.092313679153,8.023162262087));
#724 = DIRECTION('',(0.,-0.955090004397,0.296315850912));
#725 = DIRECTION('',(0.,0.296315850912,0.955090004397));
#726 = ADVANCED_FACE('',(#727),#752,.F.);
#727 = FACE_BOUND('',#728,.F.);
#728 = EDGE_LOOP('',(#729,#730,#738,#746));
#729 = ORIENTED_EDGE('',*,*,#708,.T.);
#730 = ORIENTED_EDGE('',*,*,#731,.T.);
#731 = EDGE_CURVE('',#701,#732,#734,.T.);
#732 = VERTEX_POINT('',#733);
#733 = CARTESIAN_POINT('',(3.5,-2.918163988449,8.513133251624));
#734 = LINE('',#735,#736);
#735 = CARTESIAN_POINT('',(3.5,-3.01520784372,8.271691027847));
#736 = VECTOR('',#737,1.);
#737 = DIRECTION('',(0.,0.372937176404,0.927856595847));
#738 = ORIENTED_EDGE('',*,*,#739,.F.);
#739 = EDGE_CURVE('',#740,#732,#742,.T.);
#740 = VERTEX_POINT('',#741);
#741 = CARTESIAN_POINT('',(-3.5,-2.918163988449,8.513133251624));
#742 = LINE('',#743,#744);
#743 = CARTESIAN_POINT('',(-3.5,-2.918163988449,8.513133251624));
#744 = VECTOR('',#745,1.);
#745 = DIRECTION('',(1.,0.,0.));
#746 = ORIENTED_EDGE('',*,*,#747,.F.);
#747 = EDGE_CURVE('',#709,#740,#748,.T.);
#748 = LINE('',#749,#750);
#749 = CARTESIAN_POINT('',(-3.5,-3.01520784372,8.271691027847));
#750 = VECTOR('',#751,1.);
#751 = DIRECTION('',(0.,0.372937176404,0.927856595847));
#752 = PLANE('',#753);
#753 = AXIS2_PLACEMENT_3D('',#754,#755,#756);
#754 = CARTESIAN_POINT('',(-3.5,-3.01520784372,8.271691027847));
#755 = DIRECTION('',(0.,-0.927856595847,0.372937176404));
#756 = DIRECTION('',(0.,0.372937176404,0.927856595847));
#757 = ADVANCED_FACE('',(#758),#783,.F.);
#758 = FACE_BOUND('',#759,.F.);
#759 = EDGE_LOOP('',(#760,#761,#769,#777));
#760 = ORIENTED_EDGE('',*,*,#739,.T.);
#761 = ORIENTED_EDGE('',*,*,#762,.T.);
#762 = EDGE_CURVE('',#732,#763,#765,.T.);
#763 = VERTEX_POINT('',#764);
#764 = CARTESIAN_POINT('',(3.5,-2.801823814479,8.745892400078));
#765 = LINE('',#766,#767);
#766 = CARTESIAN_POINT('',(3.5,-2.918163988449,8.513133251624));
#767 = VECTOR('',#768,1.);
#768 = DIRECTION('',(0.,0.447092460015,0.89448774849));
#769 = ORIENTED_EDGE('',*,*,#770,.F.);
#770 = EDGE_CURVE('',#771,#763,#773,.T.);
#771 = VERTEX_POINT('',#772);
#772 = CARTESIAN_POINT('',(-3.5,-2.801823814479,8.745892400078));
#773 = LINE('',#774,#775);
#774 = CARTESIAN_POINT('',(-3.5,-2.801823814479,8.745892400078));
#775 = VECTOR('',#776,1.);
#776 = DIRECTION('',(1.,0.,0.));
#777 = ORIENTED_EDGE('',*,*,#778,.F.);
#778 = EDGE_CURVE('',#740,#771,#779,.T.);
#779 = LINE('',#780,#781);
#780 = CARTESIAN_POINT('',(-3.5,-2.918163988449,8.513133251624));
#781 = VECTOR('',#782,1.);
#782 = DIRECTION('',(0.,0.447092460015,0.89448774849));
#783 = PLANE('',#784);
#784 = AXIS2_PLACEMENT_3D('',#785,#786,#787);
#785 = CARTESIAN_POINT('',(-3.5,-2.918163988449,8.513133251624));
#786 = DIRECTION('',(0.,-0.89448774849,0.447092460015));
#787 = DIRECTION('',(0.,0.447092460015,0.89448774849));
#788 = ADVANCED_FACE('',(#789),#814,.F.);
#789 = FACE_BOUND('',#790,.F.);
#790 = EDGE_LOOP('',(#791,#792,#800,#808));
#791 = ORIENTED_EDGE('',*,*,#770,.T.);
#792 = ORIENTED_EDGE('',*,*,#793,.T.);
#793 = EDGE_CURVE('',#763,#794,#796,.T.);
#794 = VERTEX_POINT('',#795);
#795 = CARTESIAN_POINT('',(3.5,-2.66695661959,8.968429356583));
#796 = LINE('',#797,#798);
#797 = CARTESIAN_POINT('',(3.5,-2.801823814479,8.745892400078));
#798 = VECTOR('',#799,1.);
#799 = DIRECTION('',(0.,0.518291350966,0.855204113364));
#800 = ORIENTED_EDGE('',*,*,#801,.F.);
#801 = EDGE_CURVE('',#802,#794,#804,.T.);
#802 = VERTEX_POINT('',#803);
#803 = CARTESIAN_POINT('',(-3.5,-2.66695661959,8.968429356583));
#804 = LINE('',#805,#806);
#805 = CARTESIAN_POINT('',(-3.5,-2.66695661959,8.968429356583));
#806 = VECTOR('',#807,1.);
#807 = DIRECTION('',(1.,0.,0.));
#808 = ORIENTED_EDGE('',*,*,#809,.F.);
#809 = EDGE_CURVE('',#771,#802,#810,.T.);
#810 = LINE('',#811,#812);
#811 = CARTESIAN_POINT('',(-3.5,-2.801823814479,8.745892400078));
#812 = VECTOR('',#813,1.);
#813 = DIRECTION('',(0.,0.518291350966,0.855204113364));
#814 = PLANE('',#815);
#815 = AXIS2_PLACEMENT_3D('',#816,#817,#818);
#816 = CARTESIAN_POINT('',(-3.5,-2.801823814479,8.745892400078));
#817 = DIRECTION('',(0.,-0.855204113364,0.518291350966));
#818 = DIRECTION('',(0.,0.518291350966,0.855204113364));
#819 = ADVANCED_FACE('',(#820),#845,.F.);
#820 = FACE_BOUND('',#821,.F.);
#821 = EDGE_LOOP('',(#822,#823,#831,#839));
#822 = ORIENTED_EDGE('',*,*,#801,.T.);
#823 = ORIENTED_EDGE('',*,*,#824,.T.);
#824 = EDGE_CURVE('',#794,#825,#827,.T.);
#825 = VERTEX_POINT('',#826);
#826 = CARTESIAN_POINT('',(3.5,-2.514454211227,9.179272598618));
#827 = LINE('',#828,#829);
#828 = CARTESIAN_POINT('',(3.5,-2.66695661959,8.968429356583));
#829 = VECTOR('',#830,1.);
#830 = DIRECTION('',(0.,0.586063047582,0.810265452959));
#831 = ORIENTED_EDGE('',*,*,#832,.F.);
#832 = EDGE_CURVE('',#833,#825,#835,.T.);
#833 = VERTEX_POINT('',#834);
#834 = CARTESIAN_POINT('',(-3.5,-2.514454211227,9.179272598618));
#835 = LINE('',#836,#837);
#836 = CARTESIAN_POINT('',(-3.5,-2.514454211227,9.179272598618));
#837 = VECTOR('',#838,1.);
#838 = DIRECTION('',(1.,0.,0.));
#839 = ORIENTED_EDGE('',*,*,#840,.F.);
#840 = EDGE_CURVE('',#802,#833,#841,.T.);
#841 = LINE('',#842,#843);
#842 = CARTESIAN_POINT('',(-3.5,-2.66695661959,8.968429356583));
#843 = VECTOR('',#844,1.);
#844 = DIRECTION('',(0.,0.586063047582,0.810265452959));
#845 = PLANE('',#846);
#846 = AXIS2_PLACEMENT_3D('',#847,#848,#849);
#847 = CARTESIAN_POINT('',(-3.5,-2.66695661959,8.968429356583));
#848 = DIRECTION('',(0.,-0.810265452959,0.586063047582));
#849 = DIRECTION('',(0.,0.586063047582,0.810265452959));
#850 = ADVANCED_FACE('',(#851),#876,.F.);
#851 = FACE_BOUND('',#852,.F.);
#852 = EDGE_LOOP('',(#853,#854,#862,#870));
#853 = ORIENTED_EDGE('',*,*,#832,.T.);
#854 = ORIENTED_EDGE('',*,*,#855,.T.);
#855 = EDGE_CURVE('',#825,#856,#858,.T.);
#856 = VERTEX_POINT('',#857);
#857 = CARTESIAN_POINT('',(3.5,-2.345325009441,9.377027928183));
#858 = LINE('',#859,#860);
#859 = CARTESIAN_POINT('',(3.5,-2.514454211227,9.179272598618));
#860 = VECTOR('',#861,1.);
#861 = DIRECTION('',(0.,0.649959410466,0.75996892354));
#862 = ORIENTED_EDGE('',*,*,#863,.F.);
#863 = EDGE_CURVE('',#864,#856,#866,.T.);
#864 = VERTEX_POINT('',#865);
#865 = CARTESIAN_POINT('',(-3.5,-2.345325009441,9.377027928183));
#866 = LINE('',#867,#868);
#867 = CARTESIAN_POINT('',(-3.5,-2.345325009441,9.377027928183));
#868 = VECTOR('',#869,1.);
#869 = DIRECTION('',(1.,0.,0.));
#870 = ORIENTED_EDGE('',*,*,#871,.F.);
#871 = EDGE_CURVE('',#833,#864,#872,.T.);
#872 = LINE('',#873,#874);
#873 = CARTESIAN_POINT('',(-3.5,-2.514454211227,9.179272598618));
#874 = VECTOR('',#875,1.);
#875 = DIRECTION('',(0.,0.649959410466,0.75996892354));
#876 = PLANE('',#877);
#877 = AXIS2_PLACEMENT_3D('',#878,#879,#880);
#878 = CARTESIAN_POINT('',(-3.5,-2.514454211227,9.179272598618));
#879 = DIRECTION('',(0.,-0.75996892354,0.649959410466));
#880 = DIRECTION('',(0.,0.649959410466,0.75996892354));
#881 = ADVANCED_FACE('',(#882),#907,.F.);
#882 = FACE_BOUND('',#883,.F.);
#883 = EDGE_LOOP('',(#884,#885,#893,#901));
#884 = ORIENTED_EDGE('',*,*,#863,.T.);
#885 = ORIENTED_EDGE('',*,*,#886,.T.);
#886 = EDGE_CURVE('',#856,#887,#889,.T.);
#887 = VERTEX_POINT('',#888);
#888 = CARTESIAN_POINT('',(3.5,-2.160687378721,9.560387690918));
#889 = LINE('',#890,#891);
#890 = CARTESIAN_POINT('',(3.5,-2.345325009441,9.377027928183));
#891 = VECTOR('',#892,1.);
#892 = DIRECTION('',(0.,0.709557925808,0.704647110207));
#893 = ORIENTED_EDGE('',*,*,#894,.F.);
#894 = EDGE_CURVE('',#895,#887,#897,.T.);
#895 = VERTEX_POINT('',#896);
#896 = CARTESIAN_POINT('',(-3.5,-2.160687378721,9.560387690918));
#897 = LINE('',#898,#899);
#898 = CARTESIAN_POINT('',(-3.5,-2.160687378721,9.560387690918));
#899 = VECTOR('',#900,1.);
#900 = DIRECTION('',(1.,0.,0.));
#901 = ORIENTED_EDGE('',*,*,#902,.F.);
#902 = EDGE_CURVE('',#864,#895,#903,.T.);
#903 = LINE('',#904,#905);
#904 = CARTESIAN_POINT('',(-3.5,-2.345325009441,9.377027928183));
#905 = VECTOR('',#906,1.);
#906 = DIRECTION('',(0.,0.709557925808,0.704647110207));
#907 = PLANE('',#908);
#908 = AXIS2_PLACEMENT_3D('',#909,#910,#911);
#909 = CARTESIAN_POINT('',(-3.5,-2.345325009441,9.377027928183));
#910 = DIRECTION('',(0.,-0.704647110207,0.709557925808));
#911 = DIRECTION('',(0.,0.709557925808,0.704647110207));
#912 = ADVANCED_FACE('',(#913),#938,.F.);
#913 = FACE_BOUND('',#914,.F.);
#914 = EDGE_LOOP('',(#915,#916,#924,#932));
#915 = ORIENTED_EDGE('',*,*,#894,.T.);
#916 = ORIENTED_EDGE('',*,*,#917,.T.);
#917 = EDGE_CURVE('',#887,#918,#920,.T.);
#918 = VERTEX_POINT('',#919);
#919 = CARTESIAN_POINT('',(3.5,-1.961762232826,9.728139422947));
#920 = LINE('',#921,#922);
#921 = CARTESIAN_POINT('',(3.5,-2.160687378721,9.560387690918));
#922 = VECTOR('',#923,1.);
#923 = DIRECTION('',(0.,0.764464499255,0.64466582768));
#924 = ORIENTED_EDGE('',*,*,#925,.F.);
#925 = EDGE_CURVE('',#926,#918,#928,.T.);
#926 = VERTEX_POINT('',#927);
#927 = CARTESIAN_POINT('',(-3.5,-1.961762232826,9.728139422947));
#928 = LINE('',#929,#930);
#929 = CARTESIAN_POINT('',(-3.5,-1.961762232826,9.728139422947));
#930 = VECTOR('',#931,1.);
#931 = DIRECTION('',(1.,0.,0.));
#932 = ORIENTED_EDGE('',*,*,#933,.F.);
#933 = EDGE_CURVE('',#895,#926,#934,.T.);
#934 = LINE('',#935,#936);
#935 = CARTESIAN_POINT('',(-3.5,-2.160687378721,9.560387690918));
#936 = VECTOR('',#937,1.);
#937 = DIRECTION('',(0.,0.764464499255,0.64466582768));
#938 = PLANE('',#939);
#939 = AXIS2_PLACEMENT_3D('',#940,#941,#942);
#940 = CARTESIAN_POINT('',(-3.5,-2.160687378721,9.560387690918));
#941 = DIRECTION('',(0.,-0.64466582768,0.764464499255));
#942 = DIRECTION('',(0.,0.764464499255,0.64466582768));
#943 = ADVANCED_FACE('',(#944),#969,.F.);
#944 = FACE_BOUND('',#945,.F.);
#945 = EDGE_LOOP('',(#946,#947,#955,#963));
#946 = ORIENTED_EDGE('',*,*,#925,.T.);
#947 = ORIENTED_EDGE('',*,*,#948,.T.);
#948 = EDGE_CURVE('',#918,#949,#951,.T.);
#949 = VERTEX_POINT('',#950);
#950 = CARTESIAN_POINT('',(3.5,-1.74986496151,9.879173868281));
#951 = LINE('',#952,#953);
#952 = CARTESIAN_POINT('',(3.5,-1.961762232826,9.728139422947));
#953 = VECTOR('',#954,1.);
#954 = DIRECTION('',(0.,0.814316061857,0.580421701353));
#955 = ORIENTED_EDGE('',*,*,#956,.F.);
#956 = EDGE_CURVE('',#957,#949,#959,.T.);
#957 = VERTEX_POINT('',#958);
#958 = CARTESIAN_POINT('',(-3.5,-1.74986496151,9.879173868281));
#959 = LINE('',#960,#961);
#960 = CARTESIAN_POINT('',(-3.5,-1.74986496151,9.879173868281));
#961 = VECTOR('',#962,1.);
#962 = DIRECTION('',(1.,0.,0.));
#963 = ORIENTED_EDGE('',*,*,#964,.F.);
#964 = EDGE_CURVE('',#926,#957,#965,.T.);
#965 = LINE('',#966,#967);
#966 = CARTESIAN_POINT('',(-3.5,-1.961762232826,9.728139422947));
#967 = VECTOR('',#968,1.);
#968 = DIRECTION('',(0.,0.814316061857,0.580421701353));
#969 = PLANE('',#970);
#970 = AXIS2_PLACEMENT_3D('',#971,#972,#973);
#971 = CARTESIAN_POINT('',(-3.5,-1.961762232826,9.728139422947));
#972 = DIRECTION('',(0.,-0.580421701353,0.814316061857));
#973 = DIRECTION('',(0.,0.814316061857,0.580421701353));
#974 = ADVANCED_FACE('',(#975),#1000,.F.);
#975 = FACE_BOUND('',#976,.F.);
#976 = EDGE_LOOP('',(#977,#978,#986,#994));
#977 = ORIENTED_EDGE('',*,*,#956,.T.);
#978 = ORIENTED_EDGE('',*,*,#979,.T.);
#979 = EDGE_CURVE('',#949,#980,#982,.T.);
#980 = VERTEX_POINT('',#981);
#981 = CARTESIAN_POINT('',(3.5,-1.75,10.25));
#982 = LINE('',#983,#984);
#983 = CARTESIAN_POINT('',(3.5,-1.74986496151,9.879173868281));
#984 = VECTOR('',#985,1.);
#985 = DIRECTION('',(0.,-3.641557840259E-04,0.999999933695));
#986 = ORIENTED_EDGE('',*,*,#987,.F.);
#987 = EDGE_CURVE('',#988,#980,#990,.T.);
#988 = VERTEX_POINT('',#989);
#989 = CARTESIAN_POINT('',(-3.5,-1.75,10.25));
#990 = LINE('',#991,#992);
#991 = CARTESIAN_POINT('',(-3.5,-1.75,10.25));
#992 = VECTOR('',#993,1.);
#993 = DIRECTION('',(1.,0.,0.));
#994 = ORIENTED_EDGE('',*,*,#995,.F.);
#995 = EDGE_CURVE('',#957,#988,#996,.T.);
#996 = LINE('',#997,#998);
#997 = CARTESIAN_POINT('',(-3.5,-1.74986496151,9.879173868281));
#998 = VECTOR('',#999,1.);
#999 = DIRECTION('',(0.,-3.641557840259E-04,0.999999933695));
#1000 = PLANE('',#1001);
#1001 = AXIS2_PLACEMENT_3D('',#1002,#1003,#1004);
#1002 = CARTESIAN_POINT('',(-3.5,-1.74986496151,9.879173868281));
#1003 = DIRECTION('',(0.,-0.999999933695,-3.641557840259E-04));
#1004 = DIRECTION('',(0.,-3.641557840259E-04,0.999999933695));
#1005 = ADVANCED_FACE('',(#1006),#1031,.F.);
#1006 = FACE_BOUND('',#1007,.F.);
#1007 = EDGE_LOOP('',(#1008,#1009,#1017,#1025));
#1008 = ORIENTED_EDGE('',*,*,#987,.T.);
#1009 = ORIENTED_EDGE('',*,*,#1010,.T.);
#1010 = EDGE_CURVE('',#980,#1011,#1013,.T.);
#1011 = VERTEX_POINT('',#1012);
#1012 = CARTESIAN_POINT('',(3.5,-2.25,10.9));
#1013 = LINE('',#1014,#1015);
#1014 = CARTESIAN_POINT('',(3.5,-1.75,10.25));
#1015 = VECTOR('',#1016,1.);
#1016 = DIRECTION('',(0.,-0.60971076085,0.792623989105));
#1017 = ORIENTED_EDGE('',*,*,#1018,.F.);
#1018 = EDGE_CURVE('',#1019,#1011,#1021,.T.);
#1019 = VERTEX_POINT('',#1020);
#1020 = CARTESIAN_POINT('',(-3.5,-2.25,10.9));
#1021 = LINE('',#1022,#1023);
#1022 = CARTESIAN_POINT('',(-3.5,-2.25,10.9));
#1023 = VECTOR('',#1024,1.);
#1024 = DIRECTION('',(1.,0.,0.));
#1025 = ORIENTED_EDGE('',*,*,#1026,.F.);
#1026 = EDGE_CURVE('',#988,#1019,#1027,.T.);
#1027 = LINE('',#1028,#1029);
#1028 = CARTESIAN_POINT('',(-3.5,-1.75,10.25));
#1029 = VECTOR('',#1030,1.);
#1030 = DIRECTION('',(0.,-0.60971076085,0.792623989105));
#1031 = PLANE('',#1032);
#1032 = AXIS2_PLACEMENT_3D('',#1033,#1034,#1035);
#1033 = CARTESIAN_POINT('',(-3.5,-1.75,10.25));
#1034 = DIRECTION('',(0.,-0.792623989105,-0.60971076085));
#1035 = DIRECTION('',(0.,-0.60971076085,0.792623989105));
#1036 = ADVANCED_FACE('',(#1037),#1062,.F.);
#1037 = FACE_BOUND('',#1038,.F.);
#1038 = EDGE_LOOP('',(#1039,#1040,#1048,#1056));
#1039 = ORIENTED_EDGE('',*,*,#1018,.T.);
#1040 = ORIENTED_EDGE('',*,*,#1041,.T.);
#1041 = EDGE_CURVE('',#1011,#1042,#1044,.T.);
#1042 = VERTEX_POINT('',#1043);
#1043 = CARTESIAN_POINT('',(3.5,-2.75,10.9));
#1044 = LINE('',#1045,#1046);
#1045 = CARTESIAN_POINT('',(3.5,-2.25,10.9));
#1046 = VECTOR('',#1047,1.);
#1047 = DIRECTION('',(0.,-1.,0.));
#1048 = ORIENTED_EDGE('',*,*,#1049,.F.);
#1049 = EDGE_CURVE('',#1050,#1042,#1052,.T.);
#1050 = VERTEX_POINT('',#1051);
#1051 = CARTESIAN_POINT('',(-3.5,-2.75,10.9));
#1052 = LINE('',#1053,#1054);
#1053 = CARTESIAN_POINT('',(-3.5,-2.75,10.9));
#1054 = VECTOR('',#1055,1.);
#1055 = DIRECTION('',(1.,0.,0.));
#1056 = ORIENTED_EDGE('',*,*,#1057,.F.);
#1057 = EDGE_CURVE('',#1019,#1050,#1058,.T.);
#1058 = LINE('',#1059,#1060);
#1059 = CARTESIAN_POINT('',(-3.5,-2.25,10.9));
#1060 = VECTOR('',#1061,1.);
#1061 = DIRECTION('',(0.,-1.,0.));
#1062 = PLANE('',#1063);
#1063 = AXIS2_PLACEMENT_3D('',#1064,#1065,#1066);
#1064 = CARTESIAN_POINT('',(-3.5,-2.25,10.9));
#1065 = DIRECTION('',(0.,0.,-1.));
#1066 = DIRECTION('',(0.,-1.,0.));
#1067 = ADVANCED_FACE('',(#1068),#1093,.F.);
#1068 = FACE_BOUND('',#1069,.F.);
#1069 = EDGE_LOOP('',(#1070,#1071,#1079,#1087));
#1070 = ORIENTED_EDGE('',*,*,#1049,.T.);
#1071 = ORIENTED_EDGE('',*,*,#1072,.T.);
#1072 = EDGE_CURVE('',#1042,#1073,#1075,.T.);
#1073 = VERTEX_POINT('',#1074);
#1074 = CARTESIAN_POINT('',(3.5,-2.25,10.25));
#1075 = LINE('',#1076,#1077);
#1076 = CARTESIAN_POINT('',(3.5,-2.75,10.9));
#1077 = VECTOR('',#1078,1.);
#1078 = DIRECTION('',(0.,0.60971076085,-0.792623989105));
#1079 = ORIENTED_EDGE('',*,*,#1080,.F.);
#1080 = EDGE_CURVE('',#1081,#1073,#1083,.T.);
#1081 = VERTEX_POINT('',#1082);
#1082 = CARTESIAN_POINT('',(-3.5,-2.25,10.25));
#1083 = LINE('',#1084,#1085);
#1084 = CARTESIAN_POINT('',(-3.5,-2.25,10.25));
#1085 = VECTOR('',#1086,1.);
#1086 = DIRECTION('',(1.,0.,0.));
#1087 = ORIENTED_EDGE('',*,*,#1088,.F.);
#1088 = EDGE_CURVE('',#1050,#1081,#1089,.T.);
#1089 = LINE('',#1090,#1091);
#1090 = CARTESIAN_POINT('',(-3.5,-2.75,10.9));
#1091 = VECTOR('',#1092,1.);
#1092 = DIRECTION('',(0.,0.60971076085,-0.792623989105));
#1093 = PLANE('',#1094);
#1094 = AXIS2_PLACEMENT_3D('',#1095,#1096,#1097);
#1095 = CARTESIAN_POINT('',(-3.5,-2.75,10.9));
#1096 = DIRECTION('',(-0.,0.792623989105,0.60971076085));
#1097 = DIRECTION('',(0.,0.60971076085,-0.792623989105));
#1098 = ADVANCED_FACE('',(#1099),#1124,.F.);
#1099 = FACE_BOUND('',#1100,.F.);
#1100 = EDGE_LOOP('',(#1101,#1102,#1110,#1118));
#1101 = ORIENTED_EDGE('',*,*,#1080,.T.);
#1102 = ORIENTED_EDGE('',*,*,#1103,.T.);
#1103 = EDGE_CURVE('',#1073,#1104,#1106,.T.);
#1104 = VERTEX_POINT('',#1105);
#1105 = CARTESIAN_POINT('',(3.5,-2.24986496151,9.879173868281));
#1106 = LINE('',#1107,#1108);
#1107 = CARTESIAN_POINT('',(3.5,-2.25,10.25));
#1108 = VECTOR('',#1109,1.);
#1109 = DIRECTION('',(0.,3.641557840259E-04,-0.999999933695));
#1110 = ORIENTED_EDGE('',*,*,#1111,.F.);
#1111 = EDGE_CURVE('',#1112,#1104,#1114,.T.);
#1112 = VERTEX_POINT('',#1113);
#1113 = CARTESIAN_POINT('',(-3.5,-2.24986496151,9.879173868281));
#1114 = LINE('',#1115,#1116);
#1115 = CARTESIAN_POINT('',(-3.5,-2.24986496151,9.879173868281));
#1116 = VECTOR('',#1117,1.);
#1117 = DIRECTION('',(1.,0.,0.));
#1118 = ORIENTED_EDGE('',*,*,#1119,.F.);
#1119 = EDGE_CURVE('',#1081,#1112,#1120,.T.);
#1120 = LINE('',#1121,#1122);
#1121 = CARTESIAN_POINT('',(-3.5,-2.25,10.25));
#1122 = VECTOR('',#1123,1.);
#1123 = DIRECTION('',(0.,3.641557840259E-04,-0.999999933695));
#1124 = PLANE('',#1125);
#1125 = AXIS2_PLACEMENT_3D('',#1126,#1127,#1128);
#1126 = CARTESIAN_POINT('',(-3.5,-2.25,10.25));
#1127 = DIRECTION('',(-0.,0.999999933695,3.641557840259E-04));
#1128 = DIRECTION('',(0.,3.641557840259E-04,-0.999999933695));
#1129 = ADVANCED_FACE('',(#1130),#1155,.F.);
#1130 = FACE_BOUND('',#1131,.F.);
#1131 = EDGE_LOOP('',(#1132,#1133,#1141,#1149));
#1132 = ORIENTED_EDGE('',*,*,#1111,.T.);
#1133 = ORIENTED_EDGE('',*,*,#1134,.T.);
#1134 = EDGE_CURVE('',#1104,#1135,#1137,.T.);
#1135 = VERTEX_POINT('',#1136);
#1136 = CARTESIAN_POINT('',(3.5,-2.461762232826,9.728139422947));
#1137 = LINE('',#1138,#1139);
#1138 = CARTESIAN_POINT('',(3.5,-2.24986496151,9.879173868281));
#1139 = VECTOR('',#1140,1.);
#1140 = DIRECTION('',(0.,-0.814316061857,-0.580421701353));
#1141 = ORIENTED_EDGE('',*,*,#1142,.F.);
#1142 = EDGE_CURVE('',#1143,#1135,#1145,.T.);
#1143 = VERTEX_POINT('',#1144);
#1144 = CARTESIAN_POINT('',(-3.5,-2.461762232826,9.728139422947));
#1145 = LINE('',#1146,#1147);
#1146 = CARTESIAN_POINT('',(-3.5,-2.461762232826,9.728139422947));
#1147 = VECTOR('',#1148,1.);
#1148 = DIRECTION('',(1.,0.,0.));
#1149 = ORIENTED_EDGE('',*,*,#1150,.F.);
#1150 = EDGE_CURVE('',#1112,#1143,#1151,.T.);
#1151 = LINE('',#1152,#1153);
#1152 = CARTESIAN_POINT('',(-3.5,-2.24986496151,9.879173868281));
#1153 = VECTOR('',#1154,1.);
#1154 = DIRECTION('',(0.,-0.814316061857,-0.580421701353));
#1155 = PLANE('',#1156);
#1156 = AXIS2_PLACEMENT_3D('',#1157,#1158,#1159);
#1157 = CARTESIAN_POINT('',(-3.5,-2.24986496151,9.879173868281));
#1158 = DIRECTION('',(0.,0.580421701353,-0.814316061857));
#1159 = DIRECTION('',(0.,-0.814316061857,-0.580421701353));
#1160 = ADVANCED_FACE('',(#1161),#1186,.F.);
#1161 = FACE_BOUND('',#1162,.F.);
#1162 = EDGE_LOOP('',(#1163,#1164,#1172,#1180));
#1163 = ORIENTED_EDGE('',*,*,#1142,.T.);
#1164 = ORIENTED_EDGE('',*,*,#1165,.T.);
#1165 = EDGE_CURVE('',#1135,#1166,#1168,.T.);
#1166 = VERTEX_POINT('',#1167);
#1167 = CARTESIAN_POINT('',(3.5,-2.660687378721,9.560387690918));
#1168 = LINE('',#1169,#1170);
#1169 = CARTESIAN_POINT('',(3.5,-2.461762232826,9.728139422947));
#1170 = VECTOR('',#1171,1.);
#1171 = DIRECTION('',(0.,-0.764464499255,-0.64466582768));
#1172 = ORIENTED_EDGE('',*,*,#1173,.F.);
#1173 = EDGE_CURVE('',#1174,#1166,#1176,.T.);
#1174 = VERTEX_POINT('',#1175);
#1175 = CARTESIAN_POINT('',(-3.5,-2.660687378721,9.560387690918));
#1176 = LINE('',#1177,#1178);
#1177 = CARTESIAN_POINT('',(-3.5,-2.660687378721,9.560387690918));
#1178 = VECTOR('',#1179,1.);
#1179 = DIRECTION('',(1.,0.,0.));
#1180 = ORIENTED_EDGE('',*,*,#1181,.F.);
#1181 = EDGE_CURVE('',#1143,#1174,#1182,.T.);
#1182 = LINE('',#1183,#1184);
#1183 = CARTESIAN_POINT('',(-3.5,-2.461762232826,9.728139422947));
#1184 = VECTOR('',#1185,1.);
#1185 = DIRECTION('',(0.,-0.764464499255,-0.64466582768));
#1186 = PLANE('',#1187);
#1187 = AXIS2_PLACEMENT_3D('',#1188,#1189,#1190);
#1188 = CARTESIAN_POINT('',(-3.5,-2.461762232826,9.728139422947));
#1189 = DIRECTION('',(0.,0.64466582768,-0.764464499255));
#1190 = DIRECTION('',(0.,-0.764464499255,-0.64466582768));
#1191 = ADVANCED_FACE('',(#1192),#1217,.F.);
#1192 = FACE_BOUND('',#1193,.F.);
#1193 = EDGE_LOOP('',(#1194,#1195,#1203,#1211));
#1194 = ORIENTED_EDGE('',*,*,#1173,.T.);
#1195 = ORIENTED_EDGE('',*,*,#1196,.T.);
#1196 = EDGE_CURVE('',#1166,#1197,#1199,.T.);
#1197 = VERTEX_POINT('',#1198);
#1198 = CARTESIAN_POINT('',(3.5,-2.845325009441,9.377027928183));
#1199 = LINE('',#1200,#1201);
#1200 = CARTESIAN_POINT('',(3.5,-2.660687378721,9.560387690918));
#1201 = VECTOR('',#1202,1.);
#1202 = DIRECTION('',(0.,-0.709557925808,-0.704647110207));
#1203 = ORIENTED_EDGE('',*,*,#1204,.F.);
#1204 = EDGE_CURVE('',#1205,#1197,#1207,.T.);
#1205 = VERTEX_POINT('',#1206);
#1206 = CARTESIAN_POINT('',(-3.5,-2.845325009441,9.377027928183));
#1207 = LINE('',#1208,#1209);
#1208 = CARTESIAN_POINT('',(-3.5,-2.845325009441,9.377027928183));
#1209 = VECTOR('',#1210,1.);
#1210 = DIRECTION('',(1.,0.,0.));
#1211 = ORIENTED_EDGE('',*,*,#1212,.F.);
#1212 = EDGE_CURVE('',#1174,#1205,#1213,.T.);
#1213 = LINE('',#1214,#1215);
#1214 = CARTESIAN_POINT('',(-3.5,-2.660687378721,9.560387690918));
#1215 = VECTOR('',#1216,1.);
#1216 = DIRECTION('',(0.,-0.709557925808,-0.704647110207));
#1217 = PLANE('',#1218);
#1218 = AXIS2_PLACEMENT_3D('',#1219,#1220,#1221);
#1219 = CARTESIAN_POINT('',(-3.5,-2.660687378721,9.560387690918));
#1220 = DIRECTION('',(0.,0.704647110207,-0.709557925808));
#1221 = DIRECTION('',(0.,-0.709557925808,-0.704647110207));
#1222 = ADVANCED_FACE('',(#1223),#1248,.F.);
#1223 = FACE_BOUND('',#1224,.F.);
#1224 = EDGE_LOOP('',(#1225,#1226,#1234,#1242));
#1225 = ORIENTED_EDGE('',*,*,#1204,.T.);
#1226 = ORIENTED_EDGE('',*,*,#1227,.T.);
#1227 = EDGE_CURVE('',#1197,#1228,#1230,.T.);
#1228 = VERTEX_POINT('',#1229);
#1229 = CARTESIAN_POINT('',(3.5,-3.014454211227,9.179272598618));
#1230 = LINE('',#1231,#1232);
#1231 = CARTESIAN_POINT('',(3.5,-2.845325009441,9.377027928183));
#1232 = VECTOR('',#1233,1.);
#1233 = DIRECTION('',(0.,-0.649959410466,-0.75996892354));
#1234 = ORIENTED_EDGE('',*,*,#1235,.F.);
#1235 = EDGE_CURVE('',#1236,#1228,#1238,.T.);
#1236 = VERTEX_POINT('',#1237);
#1237 = CARTESIAN_POINT('',(-3.5,-3.014454211227,9.179272598618));
#1238 = LINE('',#1239,#1240);
#1239 = CARTESIAN_POINT('',(-3.5,-3.014454211227,9.179272598618));
#1240 = VECTOR('',#1241,1.);
#1241 = DIRECTION('',(1.,0.,0.));
#1242 = ORIENTED_EDGE('',*,*,#1243,.F.);
#1243 = EDGE_CURVE('',#1205,#1236,#1244,.T.);
#1244 = LINE('',#1245,#1246);
#1245 = CARTESIAN_POINT('',(-3.5,-2.845325009441,9.377027928183));
#1246 = VECTOR('',#1247,1.);
#1247 = DIRECTION('',(0.,-0.649959410466,-0.75996892354));
#1248 = PLANE('',#1249);
#1249 = AXIS2_PLACEMENT_3D('',#1250,#1251,#1252);
#1250 = CARTESIAN_POINT('',(-3.5,-2.845325009441,9.377027928183));
#1251 = DIRECTION('',(0.,0.75996892354,-0.649959410466));
#1252 = DIRECTION('',(0.,-0.649959410466,-0.75996892354));
#1253 = ADVANCED_FACE('',(#1254),#1279,.F.);
#1254 = FACE_BOUND('',#1255,.F.);
#1255 = EDGE_LOOP('',(#1256,#1257,#1265,#1273));
#1256 = ORIENTED_EDGE('',*,*,#1235,.T.);
#1257 = ORIENTED_EDGE('',*,*,#1258,.T.);
#1258 = EDGE_CURVE('',#1228,#1259,#1261,.T.);
#1259 = VERTEX_POINT('',#1260);
#1260 = CARTESIAN_POINT('',(3.5,-3.16695661959,8.968429356583));
#1261 = LINE('',#1262,#1263);
#1262 = CARTESIAN_POINT('',(3.5,-3.014454211227,9.179272598618));
#1263 = VECTOR('',#1264,1.);
#1264 = DIRECTION('',(0.,-0.586063047582,-0.810265452959));
#1265 = ORIENTED_EDGE('',*,*,#1266,.F.);
#1266 = EDGE_CURVE('',#1267,#1259,#1269,.T.);
#1267 = VERTEX_POINT('',#1268);
#1268 = CARTESIAN_POINT('',(-3.5,-3.16695661959,8.968429356583));
#1269 = LINE('',#1270,#1271);
#1270 = CARTESIAN_POINT('',(-3.5,-3.16695661959,8.968429356583));
#1271 = VECTOR('',#1272,1.);
#1272 = DIRECTION('',(1.,0.,0.));
#1273 = ORIENTED_EDGE('',*,*,#1274,.F.);
#1274 = EDGE_CURVE('',#1236,#1267,#1275,.T.);
#1275 = LINE('',#1276,#1277);
#1276 = CARTESIAN_POINT('',(-3.5,-3.014454211227,9.179272598618));
#1277 = VECTOR('',#1278,1.);
#1278 = DIRECTION('',(0.,-0.586063047582,-0.810265452959));
#1279 = PLANE('',#1280);
#1280 = AXIS2_PLACEMENT_3D('',#1281,#1282,#1283);
#1281 = CARTESIAN_POINT('',(-3.5,-3.014454211227,9.179272598618));
#1282 = DIRECTION('',(0.,0.810265452959,-0.586063047582));
#1283 = DIRECTION('',(0.,-0.586063047582,-0.810265452959));
#1284 = ADVANCED_FACE('',(#1285),#1310,.F.);
#1285 = FACE_BOUND('',#1286,.F.);
#1286 = EDGE_LOOP('',(#1287,#1288,#1296,#1304));
#1287 = ORIENTED_EDGE('',*,*,#1266,.T.);
#1288 = ORIENTED_EDGE('',*,*,#1289,.T.);
#1289 = EDGE_CURVE('',#1259,#1290,#1292,.T.);
#1290 = VERTEX_POINT('',#1291);
#1291 = CARTESIAN_POINT('',(3.5,-3.301823814479,8.745892400078));
#1292 = LINE('',#1293,#1294);
#1293 = CARTESIAN_POINT('',(3.5,-3.16695661959,8.968429356583));
#1294 = VECTOR('',#1295,1.);
#1295 = DIRECTION('',(0.,-0.518291350966,-0.855204113364));
#1296 = ORIENTED_EDGE('',*,*,#1297,.F.);
#1297 = EDGE_CURVE('',#1298,#1290,#1300,.T.);
#1298 = VERTEX_POINT('',#1299);
#1299 = CARTESIAN_POINT('',(-3.5,-3.301823814479,8.745892400078));
#1300 = LINE('',#1301,#1302);
#1301 = CARTESIAN_POINT('',(-3.5,-3.301823814479,8.745892400078));
#1302 = VECTOR('',#1303,1.);
#1303 = DIRECTION('',(1.,0.,0.));
#1304 = ORIENTED_EDGE('',*,*,#1305,.F.);
#1305 = EDGE_CURVE('',#1267,#1298,#1306,.T.);
#1306 = LINE('',#1307,#1308);
#1307 = CARTESIAN_POINT('',(-3.5,-3.16695661959,8.968429356583));
#1308 = VECTOR('',#1309,1.);
#1309 = DIRECTION('',(0.,-0.518291350966,-0.855204113364));
#1310 = PLANE('',#1311);
#1311 = AXIS2_PLACEMENT_3D('',#1312,#1313,#1314);
#1312 = CARTESIAN_POINT('',(-3.5,-3.16695661959,8.968429356583));
#1313 = DIRECTION('',(0.,0.855204113364,-0.518291350966));
#1314 = DIRECTION('',(0.,-0.518291350966,-0.855204113364));
#1315 = ADVANCED_FACE('',(#1316),#1341,.F.);
#1316 = FACE_BOUND('',#1317,.F.);
#1317 = EDGE_LOOP('',(#1318,#1319,#1327,#1335));
#1318 = ORIENTED_EDGE('',*,*,#1297,.T.);
#1319 = ORIENTED_EDGE('',*,*,#1320,.T.);
#1320 = EDGE_CURVE('',#1290,#1321,#1323,.T.);
#1321 = VERTEX_POINT('',#1322);
#1322 = CARTESIAN_POINT('',(3.5,-3.418163988449,8.513133251624));
#1323 = LINE('',#1324,#1325);
#1324 = CARTESIAN_POINT('',(3.5,-3.301823814479,8.745892400078));
#1325 = VECTOR('',#1326,1.);
#1326 = DIRECTION('',(0.,-0.447092460015,-0.89448774849));
#1327 = ORIENTED_EDGE('',*,*,#1328,.F.);
#1328 = EDGE_CURVE('',#1329,#1321,#1331,.T.);
#1329 = VERTEX_POINT('',#1330);
#1330 = CARTESIAN_POINT('',(-3.5,-3.418163988449,8.513133251624));
#1331 = LINE('',#1332,#1333);
#1332 = CARTESIAN_POINT('',(-3.5,-3.418163988449,8.513133251624));
#1333 = VECTOR('',#1334,1.);
#1334 = DIRECTION('',(1.,0.,0.));
#1335 = ORIENTED_EDGE('',*,*,#1336,.F.);
#1336 = EDGE_CURVE('',#1298,#1329,#1337,.T.);
#1337 = LINE('',#1338,#1339);
#1338 = CARTESIAN_POINT('',(-3.5,-3.301823814479,8.745892400078));
#1339 = VECTOR('',#1340,1.);
#1340 = DIRECTION('',(0.,-0.447092460015,-0.89448774849));
#1341 = PLANE('',#1342);
#1342 = AXIS2_PLACEMENT_3D('',#1343,#1344,#1345);
#1343 = CARTESIAN_POINT('',(-3.5,-3.301823814479,8.745892400078));
#1344 = DIRECTION('',(0.,0.89448774849,-0.447092460015));
#1345 = DIRECTION('',(0.,-0.447092460015,-0.89448774849));
#1346 = ADVANCED_FACE('',(#1347),#1372,.F.);
#1347 = FACE_BOUND('',#1348,.F.);
#1348 = EDGE_LOOP('',(#1349,#1350,#1358,#1366));
#1349 = ORIENTED_EDGE('',*,*,#1328,.T.);
#1350 = ORIENTED_EDGE('',*,*,#1351,.T.);
#1351 = EDGE_CURVE('',#1321,#1352,#1354,.T.);
#1352 = VERTEX_POINT('',#1353);
#1353 = CARTESIAN_POINT('',(3.5,-3.51520784372,8.271691027847));
#1354 = LINE('',#1355,#1356);
#1355 = CARTESIAN_POINT('',(3.5,-3.418163988449,8.513133251624));
#1356 = VECTOR('',#1357,1.);
#1357 = DIRECTION('',(0.,-0.372937176404,-0.927856595847));
#1358 = ORIENTED_EDGE('',*,*,#1359,.F.);
#1359 = EDGE_CURVE('',#1360,#1352,#1362,.T.);
#1360 = VERTEX_POINT('',#1361);
#1361 = CARTESIAN_POINT('',(-3.5,-3.51520784372,8.271691027847));
#1362 = LINE('',#1363,#1364);
#1363 = CARTESIAN_POINT('',(-3.5,-3.51520784372,8.271691027847));
#1364 = VECTOR('',#1365,1.);
#1365 = DIRECTION('',(1.,0.,0.));
#1366 = ORIENTED_EDGE('',*,*,#1367,.F.);
#1367 = EDGE_CURVE('',#1329,#1360,#1368,.T.);
#1368 = LINE('',#1369,#1370);
#1369 = CARTESIAN_POINT('',(-3.5,-3.418163988449,8.513133251624));
#1370 = VECTOR('',#1371,1.);
#1371 = DIRECTION('',(0.,-0.372937176404,-0.927856595847));
#1372 = PLANE('',#1373);
#1373 = AXIS2_PLACEMENT_3D('',#1374,#1375,#1376);
#1374 = CARTESIAN_POINT('',(-3.5,-3.418163988449,8.513133251624));
#1375 = DIRECTION('',(0.,0.927856595847,-0.372937176404));
#1376 = DIRECTION('',(0.,-0.372937176404,-0.927856595847));
#1377 = ADVANCED_FACE('',(#1378),#1403,.F.);
#1378 = FACE_BOUND('',#1379,.F.);
#1379 = EDGE_LOOP('',(#1380,#1381,#1389,#1397));
#1380 = ORIENTED_EDGE('',*,*,#1359,.T.);
#1381 = ORIENTED_EDGE('',*,*,#1382,.T.);
#1382 = EDGE_CURVE('',#1352,#1383,#1385,.T.);
#1383 = VERTEX_POINT('',#1384);
#1384 = CARTESIAN_POINT('',(3.5,-3.592313679153,8.023162262087));
#1385 = LINE('',#1386,#1387);
#1386 = CARTESIAN_POINT('',(3.5,-3.51520784372,8.271691027847));
#1387 = VECTOR('',#1388,1.);
#1388 = DIRECTION('',(0.,-0.296315850912,-0.955090004397));
#1389 = ORIENTED_EDGE('',*,*,#1390,.F.);
#1390 = EDGE_CURVE('',#1391,#1383,#1393,.T.);
#1391 = VERTEX_POINT('',#1392);
#1392 = CARTESIAN_POINT('',(-3.5,-3.592313679153,8.023162262087));
#1393 = LINE('',#1394,#1395);
#1394 = CARTESIAN_POINT('',(-3.5,-3.592313679153,8.023162262087));
#1395 = VECTOR('',#1396,1.);
#1396 = DIRECTION('',(1.,0.,0.));
#1397 = ORIENTED_EDGE('',*,*,#1398,.F.);
#1398 = EDGE_CURVE('',#1360,#1391,#1399,.T.);
#1399 = LINE('',#1400,#1401);
#1400 = CARTESIAN_POINT('',(-3.5,-3.51520784372,8.271691027847));
#1401 = VECTOR('',#1402,1.);
#1402 = DIRECTION('',(0.,-0.296315850912,-0.955090004397));
#1403 = PLANE('',#1404);
#1404 = AXIS2_PLACEMENT_3D('',#1405,#1406,#1407);
#1405 = CARTESIAN_POINT('',(-3.5,-3.51520784372,8.271691027847));
#1406 = DIRECTION('',(0.,0.955090004397,-0.296315850912));
#1407 = DIRECTION('',(0.,-0.296315850912,-0.955090004397));
#1408 = ADVANCED_FACE('',(#1409),#1434,.F.);
#1409 = FACE_BOUND('',#1410,.F.);
#1410 = EDGE_LOOP('',(#1411,#1412,#1420,#1428));
#1411 = ORIENTED_EDGE('',*,*,#1390,.T.);
#1412 = ORIENTED_EDGE('',*,*,#1413,.T.);
#1413 = EDGE_CURVE('',#1383,#1414,#1416,.T.);
#1414 = VERTEX_POINT('',#1415);
#1415 = CARTESIAN_POINT('',(3.5,-3.648971633485,7.769190347342));
#1416 = LINE('',#1417,#1418);
#1417 = CARTESIAN_POINT('',(3.5,-3.592313679153,8.023162262087));
#1418 = VECTOR('',#1419,1.);
#1419 = DIRECTION('',(0.,-0.217735140987,-0.976007893605));
#1420 = ORIENTED_EDGE('',*,*,#1421,.F.);
#1421 = EDGE_CURVE('',#1422,#1414,#1424,.T.);
#1422 = VERTEX_POINT('',#1423);
#1423 = CARTESIAN_POINT('',(-3.5,-3.648971633485,7.769190347342));
#1424 = LINE('',#1425,#1426);
#1425 = CARTESIAN_POINT('',(-3.5,-3.648971633485,7.769190347342));
#1426 = VECTOR('',#1427,1.);
#1427 = DIRECTION('',(1.,0.,0.));
#1428 = ORIENTED_EDGE('',*,*,#1429,.F.);
#1429 = EDGE_CURVE('',#1391,#1422,#1430,.T.);
#1430 = LINE('',#1431,#1432);
#1431 = CARTESIAN_POINT('',(-3.5,-3.592313679153,8.023162262087));
#1432 = VECTOR('',#1433,1.);
#1433 = DIRECTION('',(0.,-0.217735140987,-0.976007893605));
#1434 = PLANE('',#1435);
#1435 = AXIS2_PLACEMENT_3D('',#1436,#1437,#1438);
#1436 = CARTESIAN_POINT('',(-3.5,-3.592313679153,8.023162262087));
#1437 = DIRECTION('',(0.,0.976007893605,-0.217735140987));
#1438 = DIRECTION('',(0.,-0.217735140987,-0.976007893605));
#1439 = ADVANCED_FACE('',(#1440),#1465,.F.);
#1440 = FACE_BOUND('',#1441,.F.);
#1441 = EDGE_LOOP('',(#1442,#1443,#1451,#1459));
#1442 = ORIENTED_EDGE('',*,*,#1421,.T.);
#1443 = ORIENTED_EDGE('',*,*,#1444,.T.);
#1444 = EDGE_CURVE('',#1414,#1445,#1447,.T.);
#1445 = VERTEX_POINT('',#1446);
#1446 = CARTESIAN_POINT('',(3.5,-3.684807056783,7.511454669359));
#1447 = LINE('',#1448,#1449);
#1448 = CARTESIAN_POINT('',(3.5,-3.648971633485,7.769190347342));
#1449 = VECTOR('',#1450,1.);
#1450 = DIRECTION('',(0.,-0.137714660476,-0.990471944222));
#1451 = ORIENTED_EDGE('',*,*,#1452,.F.);
#1452 = EDGE_CURVE('',#1453,#1445,#1455,.T.);
#1453 = VERTEX_POINT('',#1454);
#1454 = CARTESIAN_POINT('',(-3.5,-3.684807056783,7.511454669359));
#1455 = LINE('',#1456,#1457);
#1456 = CARTESIAN_POINT('',(-3.5,-3.684807056783,7.511454669359));
#1457 = VECTOR('',#1458,1.);
#1458 = DIRECTION('',(1.,0.,0.));
#1459 = ORIENTED_EDGE('',*,*,#1460,.F.);
#1460 = EDGE_CURVE('',#1422,#1453,#1461,.T.);
#1461 = LINE('',#1462,#1463);
#1462 = CARTESIAN_POINT('',(-3.5,-3.648971633485,7.769190347342));
#1463 = VECTOR('',#1464,1.);
#1464 = DIRECTION('',(0.,-0.137714660476,-0.990471944222));
#1465 = PLANE('',#1466);
#1466 = AXIS2_PLACEMENT_3D('',#1467,#1468,#1469);
#1467 = CARTESIAN_POINT('',(-3.5,-3.648971633485,7.769190347342));
#1468 = DIRECTION('',(0.,0.990471944222,-0.137714660476));
#1469 = DIRECTION('',(0.,-0.137714660476,-0.990471944222));
#1470 = ADVANCED_FACE('',(#1471),#1496,.F.);
#1471 = FACE_BOUND('',#1472,.F.);
#1472 = EDGE_LOOP('',(#1473,#1474,#1482,#1490));
#1473 = ORIENTED_EDGE('',*,*,#1452,.T.);
#1474 = ORIENTED_EDGE('',*,*,#1475,.T.);
#1475 = EDGE_CURVE('',#1445,#1476,#1478,.T.);
#1476 = VERTEX_POINT('',#1477);
#1477 = CARTESIAN_POINT('',(3.5,-3.69958298781,7.251659501717));
#1478 = LINE('',#1479,#1480);
#1479 = CARTESIAN_POINT('',(3.5,-3.684807056783,7.511454669359));
#1480 = VECTOR('',#1481,1.);
#1481 = DIRECTION('',(0.,-5.678354369295E-02,-0.998386512913));
#1482 = ORIENTED_EDGE('',*,*,#1483,.F.);
#1483 = EDGE_CURVE('',#1484,#1476,#1486,.T.);
#1484 = VERTEX_POINT('',#1485);
#1485 = CARTESIAN_POINT('',(-3.5,-3.69958298781,7.251659501717));
#1486 = LINE('',#1487,#1488);
#1487 = CARTESIAN_POINT('',(-3.5,-3.69958298781,7.251659501717));
#1488 = VECTOR('',#1489,1.);
#1489 = DIRECTION('',(1.,0.,0.));
#1490 = ORIENTED_EDGE('',*,*,#1491,.F.);
#1491 = EDGE_CURVE('',#1453,#1484,#1492,.T.);
#1492 = LINE('',#1493,#1494);
#1493 = CARTESIAN_POINT('',(-3.5,-3.684807056783,7.511454669359));
#1494 = VECTOR('',#1495,1.);
#1495 = DIRECTION('',(0.,-5.678354369295E-02,-0.998386512913));
#1496 = PLANE('',#1497);
#1497 = AXIS2_PLACEMENT_3D('',#1498,#1499,#1500);
#1498 = CARTESIAN_POINT('',(-3.5,-3.684807056783,7.511454669359));
#1499 = DIRECTION('',(0.,0.998386512913,-5.678354369295E-02));
#1500 = DIRECTION('',(0.,-5.678354369295E-02,-0.998386512913));
#1501 = ADVANCED_FACE('',(#1502),#1527,.F.);
#1502 = FACE_BOUND('',#1503,.F.);
#1503 = EDGE_LOOP('',(#1504,#1505,#1513,#1521));
#1504 = ORIENTED_EDGE('',*,*,#1483,.T.);
#1505 = ORIENTED_EDGE('',*,*,#1506,.T.);
#1506 = EDGE_CURVE('',#1476,#1507,#1509,.T.);
#1507 = VERTEX_POINT('',#1508);
#1508 = CARTESIAN_POINT('',(3.5,-3.693201720928,6.991522736339));
#1509 = LINE('',#1510,#1511);
#1510 = CARTESIAN_POINT('',(3.5,-3.69958298781,7.251659501717));
#1511 = VECTOR('',#1512,1.);
#1512 = DIRECTION('',(0.,2.452305348145E-02,-0.999699264703));
#1513 = ORIENTED_EDGE('',*,*,#1514,.F.);
#1514 = EDGE_CURVE('',#1515,#1507,#1517,.T.);
#1515 = VERTEX_POINT('',#1516);
#1516 = CARTESIAN_POINT('',(-3.5,-3.693201720928,6.991522736339));
#1517 = LINE('',#1518,#1519);
#1518 = CARTESIAN_POINT('',(-3.5,-3.693201720928,6.991522736339));
#1519 = VECTOR('',#1520,1.);
#1520 = DIRECTION('',(1.,0.,0.));
#1521 = ORIENTED_EDGE('',*,*,#1522,.F.);
#1522 = EDGE_CURVE('',#1484,#1515,#1523,.T.);
#1523 = LINE('',#1524,#1525);
#1524 = CARTESIAN_POINT('',(-3.5,-3.69958298781,7.251659501717));
#1525 = VECTOR('',#1526,1.);
#1526 = DIRECTION('',(0.,2.452305348145E-02,-0.999699264703));
#1527 = PLANE('',#1528);
#1528 = AXIS2_PLACEMENT_3D('',#1529,#1530,#1531);
#1529 = CARTESIAN_POINT('',(-3.5,-3.69958298781,7.251659501717));
#1530 = DIRECTION('',(-0.,0.999699264703,2.452305348145E-02));
#1531 = DIRECTION('',(0.,2.452305348145E-02,-0.999699264703));
#1532 = ADVANCED_FACE('',(#1533),#1558,.F.);
#1533 = FACE_BOUND('',#1534,.F.);
#1534 = EDGE_LOOP('',(#1535,#1536,#1544,#1552));
#1535 = ORIENTED_EDGE('',*,*,#1514,.T.);
#1536 = ORIENTED_EDGE('',*,*,#1537,.T.);
#1537 = EDGE_CURVE('',#1507,#1538,#1540,.T.);
#1538 = VERTEX_POINT('',#1539);
#1539 = CARTESIAN_POINT('',(3.5,-3.665705452175,6.732764523962));
#1540 = LINE('',#1541,#1542);
#1541 = CARTESIAN_POINT('',(3.5,-3.693201720928,6.991522736339));
#1542 = VECTOR('',#1543,1.);
#1543 = DIRECTION('',(0.,0.105667492307,-0.99440151904));
#1544 = ORIENTED_EDGE('',*,*,#1545,.F.);
#1545 = EDGE_CURVE('',#1546,#1538,#1548,.T.);
#1546 = VERTEX_POINT('',#1547);
#1547 = CARTESIAN_POINT('',(-3.5,-3.665705452175,6.732764523962));
#1548 = LINE('',#1549,#1550);
#1549 = CARTESIAN_POINT('',(-3.5,-3.665705452175,6.732764523962));
#1550 = VECTOR('',#1551,1.);
#1551 = DIRECTION('',(1.,0.,0.));
#1552 = ORIENTED_EDGE('',*,*,#1553,.F.);
#1553 = EDGE_CURVE('',#1515,#1546,#1554,.T.);
#1554 = LINE('',#1555,#1556);
#1555 = CARTESIAN_POINT('',(-3.5,-3.693201720928,6.991522736339));
#1556 = VECTOR('',#1557,1.);
#1557 = DIRECTION('',(0.,0.105667492307,-0.99440151904));
#1558 = PLANE('',#1559);
#1559 = AXIS2_PLACEMENT_3D('',#1560,#1561,#1562);
#1560 = CARTESIAN_POINT('',(-3.5,-3.693201720928,6.991522736339));
#1561 = DIRECTION('',(-0.,0.99440151904,0.105667492307));
#1562 = DIRECTION('',(0.,0.105667492307,-0.99440151904));
#1563 = ADVANCED_FACE('',(#1564),#1589,.F.);
#1564 = FACE_BOUND('',#1565,.F.);
#1565 = EDGE_LOOP('',(#1566,#1567,#1575,#1583));
#1566 = ORIENTED_EDGE('',*,*,#1545,.T.);
#1567 = ORIENTED_EDGE('',*,*,#1568,.T.);
#1568 = EDGE_CURVE('',#1538,#1569,#1571,.T.);
#1569 = VERTEX_POINT('',#1570);
#1570 = CARTESIAN_POINT('',(3.5,-3.617276000246,6.477095899657));
#1571 = LINE('',#1572,#1573);
#1572 = CARTESIAN_POINT('',(3.5,-3.665705452175,6.732764523962));
#1573 = VECTOR('',#1574,1.);
#1574 = DIRECTION('',(0.,0.186113206312,-0.982528307193));
#1575 = ORIENTED_EDGE('',*,*,#1576,.F.);
#1576 = EDGE_CURVE('',#1577,#1569,#1579,.T.);
#1577 = VERTEX_POINT('',#1578);
#1578 = CARTESIAN_POINT('',(-3.5,-3.617276000246,6.477095899657));
#1579 = LINE('',#1580,#1581);
#1580 = CARTESIAN_POINT('',(-3.5,-3.617276000246,6.477095899657));
#1581 = VECTOR('',#1582,1.);
#1582 = DIRECTION('',(1.,0.,0.));
#1583 = ORIENTED_EDGE('',*,*,#1584,.F.);
#1584 = EDGE_CURVE('',#1546,#1577,#1585,.T.);
#1585 = LINE('',#1586,#1587);
#1586 = CARTESIAN_POINT('',(-3.5,-3.665705452175,6.732764523962));
#1587 = VECTOR('',#1588,1.);
#1588 = DIRECTION('',(0.,0.186113206312,-0.982528307193));
#1589 = PLANE('',#1590);
#1590 = AXIS2_PLACEMENT_3D('',#1591,#1592,#1593);
#1591 = CARTESIAN_POINT('',(-3.5,-3.665705452175,6.732764523962));
#1592 = DIRECTION('',(-0.,0.982528307193,0.186113206312));
#1593 = DIRECTION('',(0.,0.186113206312,-0.982528307193));
#1594 = ADVANCED_FACE('',(#1595),#1620,.F.);
#1595 = FACE_BOUND('',#1596,.F.);
#1596 = EDGE_LOOP('',(#1597,#1598,#1606,#1614));
#1597 = ORIENTED_EDGE('',*,*,#1576,.T.);
#1598 = ORIENTED_EDGE('',*,*,#1599,.T.);
#1599 = EDGE_CURVE('',#1569,#1600,#1602,.T.);
#1600 = VERTEX_POINT('',#1601);
#1601 = CARTESIAN_POINT('',(3.5,-3.548233604215,6.226207468639));
#1602 = LINE('',#1603,#1604);
#1603 = CARTESIAN_POINT('',(3.5,-3.617276000246,6.477095899657));
#1604 = VECTOR('',#1605,1.);
#1605 = DIRECTION('',(0.,0.265328249334,-0.96415814061));
#1606 = ORIENTED_EDGE('',*,*,#1607,.F.);
#1607 = EDGE_CURVE('',#1608,#1600,#1610,.T.);
#1608 = VERTEX_POINT('',#1609);
#1609 = CARTESIAN_POINT('',(-3.5,-3.548233604215,6.226207468639));
#1610 = LINE('',#1611,#1612);
#1611 = CARTESIAN_POINT('',(-3.5,-3.548233604215,6.226207468639));
#1612 = VECTOR('',#1613,1.);
#1613 = DIRECTION('',(1.,0.,0.));
#1614 = ORIENTED_EDGE('',*,*,#1615,.F.);
#1615 = EDGE_CURVE('',#1577,#1608,#1616,.T.);
#1616 = LINE('',#1617,#1618);
#1617 = CARTESIAN_POINT('',(-3.5,-3.617276000246,6.477095899657));
#1618 = VECTOR('',#1619,1.);
#1619 = DIRECTION('',(0.,0.265328249334,-0.96415814061));
#1620 = PLANE('',#1621);
#1621 = AXIS2_PLACEMENT_3D('',#1622,#1623,#1624);
#1622 = CARTESIAN_POINT('',(-3.5,-3.617276000246,6.477095899657));
#1623 = DIRECTION('',(-0.,0.96415814061,0.265328249334));
#1624 = DIRECTION('',(0.,0.265328249334,-0.96415814061));
#1625 = ADVANCED_FACE('',(#1626),#1651,.F.);
#1626 = FACE_BOUND('',#1627,.F.);
#1627 = EDGE_LOOP('',(#1628,#1629,#1637,#1645));
#1628 = ORIENTED_EDGE('',*,*,#1607,.T.);
#1629 = ORIENTED_EDGE('',*,*,#1630,.T.);
#1630 = EDGE_CURVE('',#1600,#1631,#1633,.T.);
#1631 = VERTEX_POINT('',#1632);
#1632 = CARTESIAN_POINT('',(3.5,-3.459034805965,5.981758227162));
#1633 = LINE('',#1634,#1635);
#1634 = CARTESIAN_POINT('',(3.5,-3.548233604215,6.226207468639));
#1635 = VECTOR('',#1636,1.);
#1636 = DIRECTION('',(0.,0.342788813006,-0.939412491762));
#1637 = ORIENTED_EDGE('',*,*,#1638,.F.);
#1638 = EDGE_CURVE('',#1639,#1631,#1641,.T.);
#1639 = VERTEX_POINT('',#1640);
#1640 = CARTESIAN_POINT('',(-3.5,-3.459034805965,5.981758227162));
#1641 = LINE('',#1642,#1643);
#1642 = CARTESIAN_POINT('',(-3.5,-3.459034805965,5.981758227162));
#1643 = VECTOR('',#1644,1.);
#1644 = DIRECTION('',(1.,0.,0.));
#1645 = ORIENTED_EDGE('',*,*,#1646,.F.);
#1646 = EDGE_CURVE('',#1608,#1639,#1647,.T.);
#1647 = LINE('',#1648,#1649);
#1648 = CARTESIAN_POINT('',(-3.5,-3.548233604215,6.226207468639));
#1649 = VECTOR('',#1650,1.);
#1650 = DIRECTION('',(0.,0.342788813006,-0.939412491762));
#1651 = PLANE('',#1652);
#1652 = AXIS2_PLACEMENT_3D('',#1653,#1654,#1655);
#1653 = CARTESIAN_POINT('',(-3.5,-3.548233604215,6.226207468639));
#1654 = DIRECTION('',(-0.,0.939412491762,0.342788813006));
#1655 = DIRECTION('',(0.,0.342788813006,-0.939412491762));
#1656 = ADVANCED_FACE('',(#1657),#1682,.F.);
#1657 = FACE_BOUND('',#1658,.F.);
#1658 = EDGE_LOOP('',(#1659,#1660,#1668,#1676));
#1659 = ORIENTED_EDGE('',*,*,#1638,.T.);
#1660 = ORIENTED_EDGE('',*,*,#1661,.T.);
#1661 = EDGE_CURVE('',#1631,#1662,#1664,.T.);
#1662 = VERTEX_POINT('',#1663);
#1663 = CARTESIAN_POINT('',(3.5,-3.350269431305,5.745364592426));
#1664 = LINE('',#1665,#1666);
#1665 = CARTESIAN_POINT('',(3.5,-3.459034805965,5.981758227162));
#1666 = VECTOR('',#1667,1.);
#1667 = DIRECTION('',(0.,0.41798269043,-0.908454990905));
#1668 = ORIENTED_EDGE('',*,*,#1669,.F.);
#1669 = EDGE_CURVE('',#1670,#1662,#1672,.T.);
#1670 = VERTEX_POINT('',#1671);
#1671 = CARTESIAN_POINT('',(-3.5,-3.350269431305,5.745364592426));
#1672 = LINE('',#1673,#1674);
#1673 = CARTESIAN_POINT('',(-3.5,-3.350269431305,5.745364592426));
#1674 = VECTOR('',#1675,1.);
#1675 = DIRECTION('',(1.,0.,0.));
#1676 = ORIENTED_EDGE('',*,*,#1677,.F.);
#1677 = EDGE_CURVE('',#1639,#1670,#1678,.T.);
#1678 = LINE('',#1679,#1680);
#1679 = CARTESIAN_POINT('',(-3.5,-3.459034805965,5.981758227162));
#1680 = VECTOR('',#1681,1.);
#1681 = DIRECTION('',(0.,0.41798269043,-0.908454990905));
#1682 = PLANE('',#1683);
#1683 = AXIS2_PLACEMENT_3D('',#1684,#1685,#1686);
#1684 = CARTESIAN_POINT('',(-3.5,-3.459034805965,5.981758227162));
#1685 = DIRECTION('',(-0.,0.908454990905,0.41798269043));
#1686 = DIRECTION('',(0.,0.41798269043,-0.908454990905));
#1687 = ADVANCED_FACE('',(#1688),#1713,.F.);
#1688 = FACE_BOUND('',#1689,.F.);
#1689 = EDGE_LOOP('',(#1690,#1691,#1699,#1707));
#1690 = ORIENTED_EDGE('',*,*,#1669,.T.);
#1691 = ORIENTED_EDGE('',*,*,#1692,.T.);
#1692 = EDGE_CURVE('',#1662,#1693,#1695,.T.);
#1693 = VERTEX_POINT('',#1694);
#1694 = CARTESIAN_POINT('',(3.5,-3.22265668976,5.518589714048));
#1695 = LINE('',#1696,#1697);
#1696 = CARTESIAN_POINT('',(3.5,-3.350269431305,5.745364592426));
#1697 = VECTOR('',#1698,1.);
#1698 = DIRECTION('',(0.,0.49041266314,-0.871490344084));
#1699 = ORIENTED_EDGE('',*,*,#1700,.F.);
#1700 = EDGE_CURVE('',#1701,#1693,#1703,.T.);
#1701 = VERTEX_POINT('',#1702);
#1702 = CARTESIAN_POINT('',(-3.5,-3.22265668976,5.518589714048));
#1703 = LINE('',#1704,#1705);
#1704 = CARTESIAN_POINT('',(-3.5,-3.22265668976,5.518589714048));
#1705 = VECTOR('',#1706,1.);
#1706 = DIRECTION('',(1.,0.,0.));
#1707 = ORIENTED_EDGE('',*,*,#1708,.F.);
#1708 = EDGE_CURVE('',#1670,#1701,#1709,.T.);
#1709 = LINE('',#1710,#1711);
#1710 = CARTESIAN_POINT('',(-3.5,-3.350269431305,5.745364592426));
#1711 = VECTOR('',#1712,1.);
#1712 = DIRECTION('',(0.,0.49041266314,-0.871490344084));
#1713 = PLANE('',#1714);
#1714 = AXIS2_PLACEMENT_3D('',#1715,#1716,#1717);
#1715 = CARTESIAN_POINT('',(-3.5,-3.350269431305,5.745364592426));
#1716 = DIRECTION('',(-0.,0.871490344084,0.49041266314));
#1717 = DIRECTION('',(0.,0.49041266314,-0.871490344084));
#1718 = ADVANCED_FACE('',(#1719),#1744,.F.);
#1719 = FACE_BOUND('',#1720,.F.);
#1720 = EDGE_LOOP('',(#1721,#1722,#1730,#1738));
#1721 = ORIENTED_EDGE('',*,*,#1700,.T.);
#1722 = ORIENTED_EDGE('',*,*,#1723,.T.);
#1723 = EDGE_CURVE('',#1693,#1724,#1726,.T.);
#1724 = VERTEX_POINT('',#1725);
#1725 = CARTESIAN_POINT('',(3.5,-3.077040418804,5.302933137749));
#1726 = LINE('',#1727,#1728);
#1727 = CARTESIAN_POINT('',(3.5,-3.22265668976,5.518589714048));
#1728 = VECTOR('',#1729,1.);
#1729 = DIRECTION('',(0.,0.55959978895,-0.82876297951));
#1730 = ORIENTED_EDGE('',*,*,#1731,.F.);
#1731 = EDGE_CURVE('',#1732,#1724,#1734,.T.);
#1732 = VERTEX_POINT('',#1733);
#1733 = CARTESIAN_POINT('',(-3.5,-3.077040418804,5.302933137749));
#1734 = LINE('',#1735,#1736);
#1735 = CARTESIAN_POINT('',(-3.5,-3.077040418804,5.302933137749));
#1736 = VECTOR('',#1737,1.);
#1737 = DIRECTION('',(1.,0.,0.));
#1738 = ORIENTED_EDGE('',*,*,#1739,.F.);
#1739 = EDGE_CURVE('',#1701,#1732,#1740,.T.);
#1740 = LINE('',#1741,#1742);
#1741 = CARTESIAN_POINT('',(-3.5,-3.22265668976,5.518589714048));
#1742 = VECTOR('',#1743,1.);
#1743 = DIRECTION('',(0.,0.55959978895,-0.82876297951));
#1744 = PLANE('',#1745);
#1745 = AXIS2_PLACEMENT_3D('',#1746,#1747,#1748);
#1746 = CARTESIAN_POINT('',(-3.5,-3.22265668976,5.518589714048));
#1747 = DIRECTION('',(-0.,0.82876297951,0.55959978895));
#1748 = DIRECTION('',(0.,0.55959978895,-0.82876297951));
#1749 = ADVANCED_FACE('',(#1750),#1775,.F.);
#1750 = FACE_BOUND('',#1751,.F.);
#1751 = EDGE_LOOP('',(#1752,#1753,#1761,#1769));
#1752 = ORIENTED_EDGE('',*,*,#1731,.T.);
#1753 = ORIENTED_EDGE('',*,*,#1754,.T.);
#1754 = EDGE_CURVE('',#1724,#1755,#1757,.T.);
#1755 = VERTEX_POINT('',#1756);
#1756 = CARTESIAN_POINT('',(3.5,-2.914383503999,5.099820889634));
#1757 = LINE('',#1758,#1759);
#1758 = CARTESIAN_POINT('',(3.5,-3.077040418804,5.302933137749));
#1759 = VECTOR('',#1760,1.);
#1760 = DIRECTION('',(0.,0.625086568957,-0.780555431286));
#1761 = ORIENTED_EDGE('',*,*,#1762,.F.);
#1762 = EDGE_CURVE('',#1763,#1755,#1765,.T.);
#1763 = VERTEX_POINT('',#1764);
#1764 = CARTESIAN_POINT('',(-3.5,-2.914383503999,5.099820889634));
#1765 = LINE('',#1766,#1767);
#1766 = CARTESIAN_POINT('',(-3.5,-2.914383503999,5.099820889634));
#1767 = VECTOR('',#1768,1.);
#1768 = DIRECTION('',(1.,0.,0.));
#1769 = ORIENTED_EDGE('',*,*,#1770,.F.);
#1770 = EDGE_CURVE('',#1732,#1763,#1771,.T.);
#1771 = LINE('',#1772,#1773);
#1772 = CARTESIAN_POINT('',(-3.5,-3.077040418804,5.302933137749));
#1773 = VECTOR('',#1774,1.);
#1774 = DIRECTION('',(0.,0.625086568957,-0.780555431286));
#1775 = PLANE('',#1776);
#1776 = AXIS2_PLACEMENT_3D('',#1777,#1778,#1779);
#1777 = CARTESIAN_POINT('',(-3.5,-3.077040418804,5.302933137749));
#1778 = DIRECTION('',(-0.,0.780555431286,0.625086568957));
#1779 = DIRECTION('',(0.,0.625086568957,-0.780555431286));
#1780 = ADVANCED_FACE('',(#1781),#1806,.F.);
#1781 = FACE_BOUND('',#1782,.F.);
#1782 = EDGE_LOOP('',(#1783,#1784,#1792,#1800));
#1783 = ORIENTED_EDGE('',*,*,#1762,.T.);
#1784 = ORIENTED_EDGE('',*,*,#1785,.T.);
#1785 = EDGE_CURVE('',#1755,#1786,#1788,.T.);
#1786 = VERTEX_POINT('',#1787);
#1787 = CARTESIAN_POINT('',(3.5,-2.735761511927,4.910596046613));
#1788 = LINE('',#1789,#1790);
#1789 = CARTESIAN_POINT('',(3.5,-2.914383503999,5.099820889634));
#1790 = VECTOR('',#1791,1.);
#1791 = DIRECTION('',(0.,0.686439972738,-0.727186471152));
#1792 = ORIENTED_EDGE('',*,*,#1793,.F.);
#1793 = EDGE_CURVE('',#1794,#1786,#1796,.T.);
#1794 = VERTEX_POINT('',#1795);
#1795 = CARTESIAN_POINT('',(-3.5,-2.735761511927,4.910596046613));
#1796 = LINE('',#1797,#1798);
#1797 = CARTESIAN_POINT('',(-3.5,-2.735761511927,4.910596046613));
#1798 = VECTOR('',#1799,1.);
#1799 = DIRECTION('',(1.,0.,0.));
#1800 = ORIENTED_EDGE('',*,*,#1801,.F.);
#1801 = EDGE_CURVE('',#1763,#1794,#1802,.T.);
#1802 = LINE('',#1803,#1804);
#1803 = CARTESIAN_POINT('',(-3.5,-2.914383503999,5.099820889634));
#1804 = VECTOR('',#1805,1.);
#1805 = DIRECTION('',(0.,0.686439972738,-0.727186471152));
#1806 = PLANE('',#1807);
#1807 = AXIS2_PLACEMENT_3D('',#1808,#1809,#1810);
#1808 = CARTESIAN_POINT('',(-3.5,-2.914383503999,5.099820889634));
#1809 = DIRECTION('',(-0.,0.727186471152,0.686439972738));
#1810 = DIRECTION('',(0.,0.686439972738,-0.727186471152));
#1811 = ADVANCED_FACE('',(#1812),#1837,.F.);
#1812 = FACE_BOUND('',#1813,.F.);
#1813 = EDGE_LOOP('',(#1814,#1815,#1823,#1831));
#1814 = ORIENTED_EDGE('',*,*,#1793,.T.);
#1815 = ORIENTED_EDGE('',*,*,#1816,.T.);
#1816 = EDGE_CURVE('',#1786,#1817,#1819,.T.);
#1817 = VERTEX_POINT('',#1818);
#1818 = CARTESIAN_POINT('',(3.5,-2.542355578021,4.736509855322));
#1819 = LINE('',#1820,#1821);
#1820 = CARTESIAN_POINT('',(3.5,-2.735761511927,4.910596046613));
#1821 = VECTOR('',#1822,1.);
#1822 = DIRECTION('',(0.,0.743254301768,-0.669009000614));
#1823 = ORIENTED_EDGE('',*,*,#1824,.F.);
#1824 = EDGE_CURVE('',#1825,#1817,#1827,.T.);
#1825 = VERTEX_POINT('',#1826);
#1826 = CARTESIAN_POINT('',(-3.5,-2.542355578021,4.736509855322));
#1827 = LINE('',#1828,#1829);
#1828 = CARTESIAN_POINT('',(-3.5,-2.542355578021,4.736509855322));
#1829 = VECTOR('',#1830,1.);
#1830 = DIRECTION('',(1.,0.,0.));
#1831 = ORIENTED_EDGE('',*,*,#1832,.F.);
#1832 = EDGE_CURVE('',#1794,#1825,#1833,.T.);
#1833 = LINE('',#1834,#1835);
#1834 = CARTESIAN_POINT('',(-3.5,-2.735761511927,4.910596046613));
#1835 = VECTOR('',#1836,1.);
#1836 = DIRECTION('',(0.,0.743254301768,-0.669009000614));
#1837 = PLANE('',#1838);
#1838 = AXIS2_PLACEMENT_3D('',#1839,#1840,#1841);
#1839 = CARTESIAN_POINT('',(-3.5,-2.735761511927,4.910596046613));
#1840 = DIRECTION('',(-0.,0.669009000614,0.743254301768));
#1841 = DIRECTION('',(0.,0.743254301768,-0.669009000614));
#1842 = ADVANCED_FACE('',(#1843),#1868,.F.);
#1843 = FACE_BOUND('',#1844,.F.);
#1844 = EDGE_LOOP('',(#1845,#1846,#1854,#1862));
#1845 = ORIENTED_EDGE('',*,*,#1824,.T.);
#1846 = ORIENTED_EDGE('',*,*,#1847,.T.);
#1847 = EDGE_CURVE('',#1817,#1848,#1850,.T.);
#1848 = VERTEX_POINT('',#1849);
#1849 = CARTESIAN_POINT('',(3.5,-2.335444596323,4.578713458275));
#1850 = LINE('',#1851,#1852);
#1851 = CARTESIAN_POINT('',(3.5,-2.542355578021,4.736509855322));
#1852 = VECTOR('',#1853,1.);
#1853 = DIRECTION('',(0.,0.795153872088,-0.606407717385));
#1854 = ORIENTED_EDGE('',*,*,#1855,.F.);
#1855 = EDGE_CURVE('',#1856,#1848,#1858,.T.);
#1856 = VERTEX_POINT('',#1857);
#1857 = CARTESIAN_POINT('',(-3.5,-2.335444596323,4.578713458275));
#1858 = LINE('',#1859,#1860);
#1859 = CARTESIAN_POINT('',(-3.5,-2.335444596323,4.578713458275));
#1860 = VECTOR('',#1861,1.);
#1861 = DIRECTION('',(1.,0.,0.));
#1862 = ORIENTED_EDGE('',*,*,#1863,.F.);
#1863 = EDGE_CURVE('',#1825,#1856,#1864,.T.);
#1864 = LINE('',#1865,#1866);
#1865 = CARTESIAN_POINT('',(-3.5,-2.542355578021,4.736509855322));
#1866 = VECTOR('',#1867,1.);
#1867 = DIRECTION('',(0.,0.795153872088,-0.606407717385));
#1868 = PLANE('',#1869);
#1869 = AXIS2_PLACEMENT_3D('',#1870,#1871,#1872);
#1870 = CARTESIAN_POINT('',(-3.5,-2.542355578021,4.736509855322));
#1871 = DIRECTION('',(-0.,0.606407717385,0.795153872088));
#1872 = DIRECTION('',(0.,0.795153872088,-0.606407717385));
#1873 = ADVANCED_FACE('',(#1874),#1899,.F.);
#1874 = FACE_BOUND('',#1875,.F.);
#1875 = EDGE_LOOP('',(#1876,#1877,#1885,#1893));
#1876 = ORIENTED_EDGE('',*,*,#1855,.T.);
#1877 = ORIENTED_EDGE('',*,*,#1878,.T.);
#1878 = EDGE_CURVE('',#1848,#1879,#1881,.T.);
#1879 = VERTEX_POINT('',#1880);
#1880 = CARTESIAN_POINT('',(3.5,-3.,2.8));
#1881 = LINE('',#1882,#1883);
#1882 = CARTESIAN_POINT('',(3.5,-2.335444596323,4.578713458275));
#1883 = VECTOR('',#1884,1.);
#1884 = DIRECTION('',(0.,-0.34998636634,-0.936754793623));
#1885 = ORIENTED_EDGE('',*,*,#1886,.F.);
#1886 = EDGE_CURVE('',#1887,#1879,#1889,.T.);
#1887 = VERTEX_POINT('',#1888);
#1888 = CARTESIAN_POINT('',(-3.5,-3.,2.8));
#1889 = LINE('',#1890,#1891);
#1890 = CARTESIAN_POINT('',(-3.5,-3.,2.8));
#1891 = VECTOR('',#1892,1.);
#1892 = DIRECTION('',(1.,0.,0.));
#1893 = ORIENTED_EDGE('',*,*,#1894,.F.);
#1894 = EDGE_CURVE('',#1856,#1887,#1895,.T.);
#1895 = LINE('',#1896,#1897);
#1896 = CARTESIAN_POINT('',(-3.5,-2.335444596323,4.578713458275));
#1897 = VECTOR('',#1898,1.);
#1898 = DIRECTION('',(0.,-0.34998636634,-0.936754793623));
#1899 = PLANE('',#1900);
#1900 = AXIS2_PLACEMENT_3D('',#1901,#1902,#1903);
#1901 = CARTESIAN_POINT('',(-3.5,-2.335444596323,4.578713458275));
#1902 = DIRECTION('',(0.,0.936754793623,-0.34998636634));
#1903 = DIRECTION('',(0.,-0.34998636634,-0.936754793623));
#1904 = ADVANCED_FACE('',(#1905),#1930,.F.);
#1905 = FACE_BOUND('',#1906,.F.);
#1906 = EDGE_LOOP('',(#1907,#1908,#1916,#1924));
#1907 = ORIENTED_EDGE('',*,*,#1886,.T.);
#1908 = ORIENTED_EDGE('',*,*,#1909,.T.);
#1909 = EDGE_CURVE('',#1879,#1910,#1912,.T.);
#1910 = VERTEX_POINT('',#1911);
#1911 = CARTESIAN_POINT('',(3.5,-3.95,1.25));
#1912 = LINE('',#1913,#1914);
#1913 = CARTESIAN_POINT('',(3.5,-3.,2.8));
#1914 = VECTOR('',#1915,1.);
#1915 = DIRECTION('',(0.,-0.522562057929,-0.852601252411));
#1916 = ORIENTED_EDGE('',*,*,#1917,.F.);
#1917 = EDGE_CURVE('',#1918,#1910,#1920,.T.);
#1918 = VERTEX_POINT('',#1919);
#1919 = CARTESIAN_POINT('',(-3.5,-3.95,1.25));
#1920 = LINE('',#1921,#1922);
#1921 = CARTESIAN_POINT('',(-3.5,-3.95,1.25));
#1922 = VECTOR('',#1923,1.);
#1923 = DIRECTION('',(1.,0.,0.));
#1924 = ORIENTED_EDGE('',*,*,#1925,.F.);
#1925 = EDGE_CURVE('',#1887,#1918,#1926,.T.);
#1926 = LINE('',#1927,#1928);
#1927 = CARTESIAN_POINT('',(-3.5,-3.,2.8));
#1928 = VECTOR('',#1929,1.);
#1929 = DIRECTION('',(0.,-0.522562057929,-0.852601252411));
#1930 = PLANE('',#1931);
#1931 = AXIS2_PLACEMENT_3D('',#1932,#1933,#1934);
#1932 = CARTESIAN_POINT('',(-3.5,-3.,2.8));
#1933 = DIRECTION('',(0.,0.852601252411,-0.522562057929));
#1934 = DIRECTION('',(0.,-0.522562057929,-0.852601252411));
#1935 = ADVANCED_FACE('',(#1936),#2016,.T.);
#1936 = FACE_BOUND('',#1937,.T.);
#1937 = EDGE_LOOP('',(#1938,#1946,#1947,#1953,#1954,#1962,#1970,#1978,
    #1986,#1994,#2002,#2010));
#1938 = ORIENTED_EDGE('',*,*,#1939,.F.);
#1939 = EDGE_CURVE('',#133,#1940,#1942,.T.);
#1940 = VERTEX_POINT('',#1941);
#1941 = CARTESIAN_POINT('',(-3.5,-0.75,0.5));
#1942 = LINE('',#1943,#1944);
#1943 = CARTESIAN_POINT('',(-3.5,-3.95,0.5));
#1944 = VECTOR('',#1945,1.);
#1945 = DIRECTION('',(-0.,1.,0.));
#1946 = ORIENTED_EDGE('',*,*,#132,.T.);
#1947 = ORIENTED_EDGE('',*,*,#1948,.T.);
#1948 = EDGE_CURVE('',#135,#111,#1949,.T.);
#1949 = LINE('',#1950,#1951);
#1950 = CARTESIAN_POINT('',(3.5,-3.95,0.5));
#1951 = VECTOR('',#1952,1.);
#1952 = DIRECTION('',(-0.,1.,0.));
#1953 = ORIENTED_EDGE('',*,*,#110,.T.);
#1954 = ORIENTED_EDGE('',*,*,#1955,.T.);
#1955 = EDGE_CURVE('',#103,#1956,#1958,.T.);
#1956 = VERTEX_POINT('',#1957);
#1957 = CARTESIAN_POINT('',(4.05,0.75,0.5));
#1958 = LINE('',#1959,#1960);
#1959 = CARTESIAN_POINT('',(4.05,-0.75,0.5));
#1960 = VECTOR('',#1961,1.);
#1961 = DIRECTION('',(-0.,1.,0.));
#1962 = ORIENTED_EDGE('',*,*,#1963,.F.);
#1963 = EDGE_CURVE('',#1964,#1956,#1966,.T.);
#1964 = VERTEX_POINT('',#1965);
#1965 = CARTESIAN_POINT('',(3.5,0.75,0.5));
#1966 = LINE('',#1967,#1968);
#1967 = CARTESIAN_POINT('',(3.55,0.75,0.5));
#1968 = VECTOR('',#1969,1.);
#1969 = DIRECTION('',(1.,0.,-0.));
#1970 = ORIENTED_EDGE('',*,*,#1971,.T.);
#1971 = EDGE_CURVE('',#1964,#1972,#1974,.T.);
#1972 = VERTEX_POINT('',#1973);
#1973 = CARTESIAN_POINT('',(3.5,3.45,0.5));
#1974 = LINE('',#1975,#1976);
#1975 = CARTESIAN_POINT('',(3.5,-3.95,0.5));
#1976 = VECTOR('',#1977,1.);
#1977 = DIRECTION('',(-0.,1.,0.));
#1978 = ORIENTED_EDGE('',*,*,#1979,.F.);
#1979 = EDGE_CURVE('',#1980,#1972,#1982,.T.);
#1980 = VERTEX_POINT('',#1981);
#1981 = CARTESIAN_POINT('',(-3.5,3.45,0.5));
#1982 = LINE('',#1983,#1984);
#1983 = CARTESIAN_POINT('',(-3.5,3.45,0.5));
#1984 = VECTOR('',#1985,1.);
#1985 = DIRECTION('',(1.,0.,0.));
#1986 = ORIENTED_EDGE('',*,*,#1987,.F.);
#1987 = EDGE_CURVE('',#1988,#1980,#1990,.T.);
#1988 = VERTEX_POINT('',#1989);
#1989 = CARTESIAN_POINT('',(-3.5,0.75,0.5));
#1990 = LINE('',#1991,#1992);
#1991 = CARTESIAN_POINT('',(-3.5,-3.95,0.5));
#1992 = VECTOR('',#1993,1.);
#1993 = DIRECTION('',(-0.,1.,0.));
#1994 = ORIENTED_EDGE('',*,*,#1995,.F.);
#1995 = EDGE_CURVE('',#1996,#1988,#1998,.T.);
#1996 = VERTEX_POINT('',#1997);
#1997 = CARTESIAN_POINT('',(-4.05,0.75,0.5));
#1998 = LINE('',#1999,#2000);
#1999 = CARTESIAN_POINT('',(-4.05,0.75,0.5));
#2000 = VECTOR('',#2001,1.);
#2001 = DIRECTION('',(1.,0.,-0.));
#2002 = ORIENTED_EDGE('',*,*,#2003,.F.);
#2003 = EDGE_CURVE('',#2004,#1996,#2006,.T.);
#2004 = VERTEX_POINT('',#2005);
#2005 = CARTESIAN_POINT('',(-4.05,-0.75,0.5));
#2006 = LINE('',#2007,#2008);
#2007 = CARTESIAN_POINT('',(-4.05,-0.75,0.5));
#2008 = VECTOR('',#2009,1.);
#2009 = DIRECTION('',(-0.,1.,0.));
#2010 = ORIENTED_EDGE('',*,*,#2011,.T.);
#2011 = EDGE_CURVE('',#2004,#1940,#2012,.T.);
#2012 = LINE('',#2013,#2014);
#2013 = CARTESIAN_POINT('',(-4.05,-0.75,0.5));
#2014 = VECTOR('',#2015,1.);
#2015 = DIRECTION('',(1.,0.,-0.));
#2016 = PLANE('',#2017);
#2017 = AXIS2_PLACEMENT_3D('',#2018,#2019,#2020);
#2018 = CARTESIAN_POINT('',(-3.74700270811E-17,1.480297366167E-16,0.5));
#2019 = DIRECTION('',(0.,0.,1.));
#2020 = DIRECTION('',(1.,0.,-0.));
#2021 = ADVANCED_FACE('',(#2022),#2047,.T.);
#2022 = FACE_BOUND('',#2023,.T.);
#2023 = EDGE_LOOP('',(#2024,#2025,#2033,#2041));
#2024 = ORIENTED_EDGE('',*,*,#1979,.T.);
#2025 = ORIENTED_EDGE('',*,*,#2026,.T.);
#2026 = EDGE_CURVE('',#1972,#2027,#2029,.T.);
#2027 = VERTEX_POINT('',#2028);
#2028 = CARTESIAN_POINT('',(3.5,3.45,1.25));
#2029 = LINE('',#2030,#2031);
#2030 = CARTESIAN_POINT('',(3.5,3.45,0.5));
#2031 = VECTOR('',#2032,1.);
#2032 = DIRECTION('',(0.,0.,1.));
#2033 = ORIENTED_EDGE('',*,*,#2034,.F.);
#2034 = EDGE_CURVE('',#2035,#2027,#2037,.T.);
#2035 = VERTEX_POINT('',#2036);
#2036 = CARTESIAN_POINT('',(-3.5,3.45,1.25));
#2037 = LINE('',#2038,#2039);
#2038 = CARTESIAN_POINT('',(-3.5,3.45,1.25));
#2039 = VECTOR('',#2040,1.);
#2040 = DIRECTION('',(1.,0.,0.));
#2041 = ORIENTED_EDGE('',*,*,#2042,.F.);
#2042 = EDGE_CURVE('',#1980,#2035,#2043,.T.);
#2043 = LINE('',#2044,#2045);
#2044 = CARTESIAN_POINT('',(-3.5,3.45,0.5));
#2045 = VECTOR('',#2046,1.);
#2046 = DIRECTION('',(0.,0.,1.));
#2047 = PLANE('',#2048);
#2048 = AXIS2_PLACEMENT_3D('',#2049,#2050,#2051);
#2049 = CARTESIAN_POINT('',(-3.5,3.45,0.5));
#2050 = DIRECTION('',(0.,-1.,0.));
#2051 = DIRECTION('',(0.,0.,1.));
#2052 = ADVANCED_FACE('',(#2053),#2078,.T.);
#2053 = FACE_BOUND('',#2054,.T.);
#2054 = EDGE_LOOP('',(#2055,#2056,#2064,#2072));
#2055 = ORIENTED_EDGE('',*,*,#2034,.T.);
#2056 = ORIENTED_EDGE('',*,*,#2057,.T.);
#2057 = EDGE_CURVE('',#2027,#2058,#2060,.T.);
#2058 = VERTEX_POINT('',#2059);
#2059 = CARTESIAN_POINT('',(3.5,2.5,2.8));
#2060 = LINE('',#2061,#2062);
#2061 = CARTESIAN_POINT('',(3.5,3.45,1.25));
#2062 = VECTOR('',#2063,1.);
#2063 = DIRECTION('',(0.,-0.522562057929,0.852601252411));
#2064 = ORIENTED_EDGE('',*,*,#2065,.F.);
#2065 = EDGE_CURVE('',#2066,#2058,#2068,.T.);
#2066 = VERTEX_POINT('',#2067);
#2067 = CARTESIAN_POINT('',(-3.5,2.5,2.8));
#2068 = LINE('',#2069,#2070);
#2069 = CARTESIAN_POINT('',(-3.5,2.5,2.8));
#2070 = VECTOR('',#2071,1.);
#2071 = DIRECTION('',(1.,0.,0.));
#2072 = ORIENTED_EDGE('',*,*,#2073,.F.);
#2073 = EDGE_CURVE('',#2035,#2066,#2074,.T.);
#2074 = LINE('',#2075,#2076);
#2075 = CARTESIAN_POINT('',(-3.5,3.45,1.25));
#2076 = VECTOR('',#2077,1.);
#2077 = DIRECTION('',(0.,-0.522562057929,0.852601252411));
#2078 = PLANE('',#2079);
#2079 = AXIS2_PLACEMENT_3D('',#2080,#2081,#2082);
#2080 = CARTESIAN_POINT('',(-3.5,3.45,1.25));
#2081 = DIRECTION('',(0.,-0.852601252411,-0.522562057929));
#2082 = DIRECTION('',(0.,-0.522562057929,0.852601252411));
#2083 = ADVANCED_FACE('',(#2084),#2109,.T.);
#2084 = FACE_BOUND('',#2085,.T.);
#2085 = EDGE_LOOP('',(#2086,#2087,#2095,#2103));
#2086 = ORIENTED_EDGE('',*,*,#2065,.T.);
#2087 = ORIENTED_EDGE('',*,*,#2088,.T.);
#2088 = EDGE_CURVE('',#2058,#2089,#2091,.T.);
#2089 = VERTEX_POINT('',#2090);
#2090 = CARTESIAN_POINT('',(3.5,1.835444596323,4.578713458275));
#2091 = LINE('',#2092,#2093);
#2092 = CARTESIAN_POINT('',(3.5,2.5,2.8));
#2093 = VECTOR('',#2094,1.);
#2094 = DIRECTION('',(0.,-0.34998636634,0.936754793623));
#2095 = ORIENTED_EDGE('',*,*,#2096,.F.);
#2096 = EDGE_CURVE('',#2097,#2089,#2099,.T.);
#2097 = VERTEX_POINT('',#2098);
#2098 = CARTESIAN_POINT('',(-3.5,1.835444596323,4.578713458275));
#2099 = LINE('',#2100,#2101);
#2100 = CARTESIAN_POINT('',(-3.5,1.835444596323,4.578713458275));
#2101 = VECTOR('',#2102,1.);
#2102 = DIRECTION('',(1.,0.,0.));
#2103 = ORIENTED_EDGE('',*,*,#2104,.F.);
#2104 = EDGE_CURVE('',#2066,#2097,#2105,.T.);
#2105 = LINE('',#2106,#2107);
#2106 = CARTESIAN_POINT('',(-3.5,2.5,2.8));
#2107 = VECTOR('',#2108,1.);
#2108 = DIRECTION('',(0.,-0.34998636634,0.936754793623));
#2109 = PLANE('',#2110);
#2110 = AXIS2_PLACEMENT_3D('',#2111,#2112,#2113);
#2111 = CARTESIAN_POINT('',(-3.5,2.5,2.8));
#2112 = DIRECTION('',(0.,-0.936754793623,-0.34998636634));
#2113 = DIRECTION('',(0.,-0.34998636634,0.936754793623));
#2114 = ADVANCED_FACE('',(#2115),#2140,.T.);
#2115 = FACE_BOUND('',#2116,.T.);
#2116 = EDGE_LOOP('',(#2117,#2118,#2126,#2134));
#2117 = ORIENTED_EDGE('',*,*,#2096,.T.);
#2118 = ORIENTED_EDGE('',*,*,#2119,.T.);
#2119 = EDGE_CURVE('',#2089,#2120,#2122,.T.);
#2120 = VERTEX_POINT('',#2121);
#2121 = CARTESIAN_POINT('',(3.5,2.042355578021,4.736509855322));
#2122 = LINE('',#2123,#2124);
#2123 = CARTESIAN_POINT('',(3.5,1.835444596323,4.578713458275));
#2124 = VECTOR('',#2125,1.);
#2125 = DIRECTION('',(0.,0.795153872088,0.606407717385));
#2126 = ORIENTED_EDGE('',*,*,#2127,.F.);
#2127 = EDGE_CURVE('',#2128,#2120,#2130,.T.);
#2128 = VERTEX_POINT('',#2129);
#2129 = CARTESIAN_POINT('',(-3.5,2.042355578021,4.736509855322));
#2130 = LINE('',#2131,#2132);
#2131 = CARTESIAN_POINT('',(-3.5,2.042355578021,4.736509855322));
#2132 = VECTOR('',#2133,1.);
#2133 = DIRECTION('',(1.,0.,0.));
#2134 = ORIENTED_EDGE('',*,*,#2135,.F.);
#2135 = EDGE_CURVE('',#2097,#2128,#2136,.T.);
#2136 = LINE('',#2137,#2138);
#2137 = CARTESIAN_POINT('',(-3.5,1.835444596323,4.578713458275));
#2138 = VECTOR('',#2139,1.);
#2139 = DIRECTION('',(0.,0.795153872088,0.606407717385));
#2140 = PLANE('',#2141);
#2141 = AXIS2_PLACEMENT_3D('',#2142,#2143,#2144);
#2142 = CARTESIAN_POINT('',(-3.5,1.835444596323,4.578713458275));
#2143 = DIRECTION('',(0.,-0.606407717385,0.795153872088));
#2144 = DIRECTION('',(0.,0.795153872088,0.606407717385));
#2145 = ADVANCED_FACE('',(#2146),#2171,.T.);
#2146 = FACE_BOUND('',#2147,.T.);
#2147 = EDGE_LOOP('',(#2148,#2149,#2157,#2165));
#2148 = ORIENTED_EDGE('',*,*,#2127,.T.);
#2149 = ORIENTED_EDGE('',*,*,#2150,.T.);
#2150 = EDGE_CURVE('',#2120,#2151,#2153,.T.);
#2151 = VERTEX_POINT('',#2152);
#2152 = CARTESIAN_POINT('',(3.5,2.235761511927,4.910596046613));
#2153 = LINE('',#2154,#2155);
#2154 = CARTESIAN_POINT('',(3.5,2.042355578021,4.736509855322));
#2155 = VECTOR('',#2156,1.);
#2156 = DIRECTION('',(0.,0.743254301768,0.669009000614));
#2157 = ORIENTED_EDGE('',*,*,#2158,.F.);
#2158 = EDGE_CURVE('',#2159,#2151,#2161,.T.);
#2159 = VERTEX_POINT('',#2160);
#2160 = CARTESIAN_POINT('',(-3.5,2.235761511927,4.910596046613));
#2161 = LINE('',#2162,#2163);
#2162 = CARTESIAN_POINT('',(-3.5,2.235761511927,4.910596046613));
#2163 = VECTOR('',#2164,1.);
#2164 = DIRECTION('',(1.,0.,0.));
#2165 = ORIENTED_EDGE('',*,*,#2166,.F.);
#2166 = EDGE_CURVE('',#2128,#2159,#2167,.T.);
#2167 = LINE('',#2168,#2169);
#2168 = CARTESIAN_POINT('',(-3.5,2.042355578021,4.736509855322));
#2169 = VECTOR('',#2170,1.);
#2170 = DIRECTION('',(0.,0.743254301768,0.669009000614));
#2171 = PLANE('',#2172);
#2172 = AXIS2_PLACEMENT_3D('',#2173,#2174,#2175);
#2173 = CARTESIAN_POINT('',(-3.5,2.042355578021,4.736509855322));
#2174 = DIRECTION('',(0.,-0.669009000614,0.743254301768));
#2175 = DIRECTION('',(0.,0.743254301768,0.669009000614));
#2176 = ADVANCED_FACE('',(#2177),#2202,.T.);
#2177 = FACE_BOUND('',#2178,.T.);
#2178 = EDGE_LOOP('',(#2179,#2180,#2188,#2196));
#2179 = ORIENTED_EDGE('',*,*,#2158,.T.);
#2180 = ORIENTED_EDGE('',*,*,#2181,.T.);
#2181 = EDGE_CURVE('',#2151,#2182,#2184,.T.);
#2182 = VERTEX_POINT('',#2183);
#2183 = CARTESIAN_POINT('',(3.5,2.414383503999,5.099820889634));
#2184 = LINE('',#2185,#2186);
#2185 = CARTESIAN_POINT('',(3.5,2.235761511927,4.910596046613));
#2186 = VECTOR('',#2187,1.);
#2187 = DIRECTION('',(0.,0.686439972738,0.727186471152));
#2188 = ORIENTED_EDGE('',*,*,#2189,.F.);
#2189 = EDGE_CURVE('',#2190,#2182,#2192,.T.);
#2190 = VERTEX_POINT('',#2191);
#2191 = CARTESIAN_POINT('',(-3.5,2.414383503999,5.099820889634));
#2192 = LINE('',#2193,#2194);
#2193 = CARTESIAN_POINT('',(-3.5,2.414383503999,5.099820889634));
#2194 = VECTOR('',#2195,1.);
#2195 = DIRECTION('',(1.,0.,0.));
#2196 = ORIENTED_EDGE('',*,*,#2197,.F.);
#2197 = EDGE_CURVE('',#2159,#2190,#2198,.T.);
#2198 = LINE('',#2199,#2200);
#2199 = CARTESIAN_POINT('',(-3.5,2.235761511927,4.910596046613));
#2200 = VECTOR('',#2201,1.);
#2201 = DIRECTION('',(0.,0.686439972738,0.727186471152));
#2202 = PLANE('',#2203);
#2203 = AXIS2_PLACEMENT_3D('',#2204,#2205,#2206);
#2204 = CARTESIAN_POINT('',(-3.5,2.235761511927,4.910596046613));
#2205 = DIRECTION('',(0.,-0.727186471152,0.686439972738));
#2206 = DIRECTION('',(0.,0.686439972738,0.727186471152));
#2207 = ADVANCED_FACE('',(#2208),#2233,.T.);
#2208 = FACE_BOUND('',#2209,.T.);
#2209 = EDGE_LOOP('',(#2210,#2211,#2219,#2227));
#2210 = ORIENTED_EDGE('',*,*,#2189,.T.);
#2211 = ORIENTED_EDGE('',*,*,#2212,.T.);
#2212 = EDGE_CURVE('',#2182,#2213,#2215,.T.);
#2213 = VERTEX_POINT('',#2214);
#2214 = CARTESIAN_POINT('',(3.5,2.577040418804,5.302933137749));
#2215 = LINE('',#2216,#2217);
#2216 = CARTESIAN_POINT('',(3.5,2.414383503999,5.099820889634));
#2217 = VECTOR('',#2218,1.);
#2218 = DIRECTION('',(0.,0.625086568957,0.780555431286));
#2219 = ORIENTED_EDGE('',*,*,#2220,.F.);
#2220 = EDGE_CURVE('',#2221,#2213,#2223,.T.);
#2221 = VERTEX_POINT('',#2222);
#2222 = CARTESIAN_POINT('',(-3.5,2.577040418804,5.302933137749));
#2223 = LINE('',#2224,#2225);
#2224 = CARTESIAN_POINT('',(-3.5,2.577040418804,5.302933137749));
#2225 = VECTOR('',#2226,1.);
#2226 = DIRECTION('',(1.,0.,0.));
#2227 = ORIENTED_EDGE('',*,*,#2228,.F.);
#2228 = EDGE_CURVE('',#2190,#2221,#2229,.T.);
#2229 = LINE('',#2230,#2231);
#2230 = CARTESIAN_POINT('',(-3.5,2.414383503999,5.099820889634));
#2231 = VECTOR('',#2232,1.);
#2232 = DIRECTION('',(0.,0.625086568957,0.780555431286));
#2233 = PLANE('',#2234);
#2234 = AXIS2_PLACEMENT_3D('',#2235,#2236,#2237);
#2235 = CARTESIAN_POINT('',(-3.5,2.414383503999,5.099820889634));
#2236 = DIRECTION('',(0.,-0.780555431286,0.625086568957));
#2237 = DIRECTION('',(0.,0.625086568957,0.780555431286));
#2238 = ADVANCED_FACE('',(#2239),#2264,.T.);
#2239 = FACE_BOUND('',#2240,.T.);
#2240 = EDGE_LOOP('',(#2241,#2242,#2250,#2258));
#2241 = ORIENTED_EDGE('',*,*,#2220,.T.);
#2242 = ORIENTED_EDGE('',*,*,#2243,.T.);
#2243 = EDGE_CURVE('',#2213,#2244,#2246,.T.);
#2244 = VERTEX_POINT('',#2245);
#2245 = CARTESIAN_POINT('',(3.5,2.72265668976,5.518589714048));
#2246 = LINE('',#2247,#2248);
#2247 = CARTESIAN_POINT('',(3.5,2.577040418804,5.302933137749));
#2248 = VECTOR('',#2249,1.);
#2249 = DIRECTION('',(0.,0.55959978895,0.82876297951));
#2250 = ORIENTED_EDGE('',*,*,#2251,.F.);
#2251 = EDGE_CURVE('',#2252,#2244,#2254,.T.);
#2252 = VERTEX_POINT('',#2253);
#2253 = CARTESIAN_POINT('',(-3.5,2.72265668976,5.518589714048));
#2254 = LINE('',#2255,#2256);
#2255 = CARTESIAN_POINT('',(-3.5,2.72265668976,5.518589714048));
#2256 = VECTOR('',#2257,1.);
#2257 = DIRECTION('',(1.,0.,0.));
#2258 = ORIENTED_EDGE('',*,*,#2259,.F.);
#2259 = EDGE_CURVE('',#2221,#2252,#2260,.T.);
#2260 = LINE('',#2261,#2262);
#2261 = CARTESIAN_POINT('',(-3.5,2.577040418804,5.302933137749));
#2262 = VECTOR('',#2263,1.);
#2263 = DIRECTION('',(0.,0.55959978895,0.82876297951));
#2264 = PLANE('',#2265);
#2265 = AXIS2_PLACEMENT_3D('',#2266,#2267,#2268);
#2266 = CARTESIAN_POINT('',(-3.5,2.577040418804,5.302933137749));
#2267 = DIRECTION('',(0.,-0.82876297951,0.55959978895));
#2268 = DIRECTION('',(0.,0.55959978895,0.82876297951));
#2269 = ADVANCED_FACE('',(#2270),#2295,.T.);
#2270 = FACE_BOUND('',#2271,.T.);
#2271 = EDGE_LOOP('',(#2272,#2273,#2281,#2289));
#2272 = ORIENTED_EDGE('',*,*,#2251,.T.);
#2273 = ORIENTED_EDGE('',*,*,#2274,.T.);
#2274 = EDGE_CURVE('',#2244,#2275,#2277,.T.);
#2275 = VERTEX_POINT('',#2276);
#2276 = CARTESIAN_POINT('',(3.5,2.850269431305,5.745364592426));
#2277 = LINE('',#2278,#2279);
#2278 = CARTESIAN_POINT('',(3.5,2.72265668976,5.518589714048));
#2279 = VECTOR('',#2280,1.);
#2280 = DIRECTION('',(0.,0.49041266314,0.871490344084));
#2281 = ORIENTED_EDGE('',*,*,#2282,.F.);
#2282 = EDGE_CURVE('',#2283,#2275,#2285,.T.);
#2283 = VERTEX_POINT('',#2284);
#2284 = CARTESIAN_POINT('',(-3.5,2.850269431305,5.745364592426));
#2285 = LINE('',#2286,#2287);
#2286 = CARTESIAN_POINT('',(-3.5,2.850269431305,5.745364592426));
#2287 = VECTOR('',#2288,1.);
#2288 = DIRECTION('',(1.,0.,0.));
#2289 = ORIENTED_EDGE('',*,*,#2290,.F.);
#2290 = EDGE_CURVE('',#2252,#2283,#2291,.T.);
#2291 = LINE('',#2292,#2293);
#2292 = CARTESIAN_POINT('',(-3.5,2.72265668976,5.518589714048));
#2293 = VECTOR('',#2294,1.);
#2294 = DIRECTION('',(0.,0.49041266314,0.871490344084));
#2295 = PLANE('',#2296);
#2296 = AXIS2_PLACEMENT_3D('',#2297,#2298,#2299);
#2297 = CARTESIAN_POINT('',(-3.5,2.72265668976,5.518589714048));
#2298 = DIRECTION('',(0.,-0.871490344084,0.49041266314));
#2299 = DIRECTION('',(0.,0.49041266314,0.871490344084));
#2300 = ADVANCED_FACE('',(#2301),#2326,.T.);
#2301 = FACE_BOUND('',#2302,.T.);
#2302 = EDGE_LOOP('',(#2303,#2304,#2312,#2320));
#2303 = ORIENTED_EDGE('',*,*,#2282,.T.);
#2304 = ORIENTED_EDGE('',*,*,#2305,.T.);
#2305 = EDGE_CURVE('',#2275,#2306,#2308,.T.);
#2306 = VERTEX_POINT('',#2307);
#2307 = CARTESIAN_POINT('',(3.5,2.959034805965,5.981758227162));
#2308 = LINE('',#2309,#2310);
#2309 = CARTESIAN_POINT('',(3.5,2.850269431305,5.745364592426));
#2310 = VECTOR('',#2311,1.);
#2311 = DIRECTION('',(0.,0.41798269043,0.908454990905));
#2312 = ORIENTED_EDGE('',*,*,#2313,.F.);
#2313 = EDGE_CURVE('',#2314,#2306,#2316,.T.);
#2314 = VERTEX_POINT('',#2315);
#2315 = CARTESIAN_POINT('',(-3.5,2.959034805965,5.981758227162));
#2316 = LINE('',#2317,#2318);
#2317 = CARTESIAN_POINT('',(-3.5,2.959034805965,5.981758227162));
#2318 = VECTOR('',#2319,1.);
#2319 = DIRECTION('',(1.,0.,0.));
#2320 = ORIENTED_EDGE('',*,*,#2321,.F.);
#2321 = EDGE_CURVE('',#2283,#2314,#2322,.T.);
#2322 = LINE('',#2323,#2324);
#2323 = CARTESIAN_POINT('',(-3.5,2.850269431305,5.745364592426));
#2324 = VECTOR('',#2325,1.);
#2325 = DIRECTION('',(0.,0.41798269043,0.908454990905));
#2326 = PLANE('',#2327);
#2327 = AXIS2_PLACEMENT_3D('',#2328,#2329,#2330);
#2328 = CARTESIAN_POINT('',(-3.5,2.850269431305,5.745364592426));
#2329 = DIRECTION('',(0.,-0.908454990905,0.41798269043));
#2330 = DIRECTION('',(0.,0.41798269043,0.908454990905));
#2331 = ADVANCED_FACE('',(#2332),#2357,.T.);
#2332 = FACE_BOUND('',#2333,.T.);
#2333 = EDGE_LOOP('',(#2334,#2335,#2343,#2351));
#2334 = ORIENTED_EDGE('',*,*,#2313,.T.);
#2335 = ORIENTED_EDGE('',*,*,#2336,.T.);
#2336 = EDGE_CURVE('',#2306,#2337,#2339,.T.);
#2337 = VERTEX_POINT('',#2338);
#2338 = CARTESIAN_POINT('',(3.5,3.048233604215,6.226207468639));
#2339 = LINE('',#2340,#2341);
#2340 = CARTESIAN_POINT('',(3.5,2.959034805965,5.981758227162));
#2341 = VECTOR('',#2342,1.);
#2342 = DIRECTION('',(0.,0.342788813006,0.939412491762));
#2343 = ORIENTED_EDGE('',*,*,#2344,.F.);
#2344 = EDGE_CURVE('',#2345,#2337,#2347,.T.);
#2345 = VERTEX_POINT('',#2346);
#2346 = CARTESIAN_POINT('',(-3.5,3.048233604215,6.226207468639));
#2347 = LINE('',#2348,#2349);
#2348 = CARTESIAN_POINT('',(-3.5,3.048233604215,6.226207468639));
#2349 = VECTOR('',#2350,1.);
#2350 = DIRECTION('',(1.,0.,0.));
#2351 = ORIENTED_EDGE('',*,*,#2352,.F.);
#2352 = EDGE_CURVE('',#2314,#2345,#2353,.T.);
#2353 = LINE('',#2354,#2355);
#2354 = CARTESIAN_POINT('',(-3.5,2.959034805965,5.981758227162));
#2355 = VECTOR('',#2356,1.);
#2356 = DIRECTION('',(0.,0.342788813006,0.939412491762));
#2357 = PLANE('',#2358);
#2358 = AXIS2_PLACEMENT_3D('',#2359,#2360,#2361);
#2359 = CARTESIAN_POINT('',(-3.5,2.959034805965,5.981758227162));
#2360 = DIRECTION('',(0.,-0.939412491762,0.342788813006));
#2361 = DIRECTION('',(0.,0.342788813006,0.939412491762));
#2362 = ADVANCED_FACE('',(#2363),#2388,.T.);
#2363 = FACE_BOUND('',#2364,.T.);
#2364 = EDGE_LOOP('',(#2365,#2366,#2374,#2382));
#2365 = ORIENTED_EDGE('',*,*,#2344,.T.);
#2366 = ORIENTED_EDGE('',*,*,#2367,.T.);
#2367 = EDGE_CURVE('',#2337,#2368,#2370,.T.);
#2368 = VERTEX_POINT('',#2369);
#2369 = CARTESIAN_POINT('',(3.5,3.117276000246,6.477095899657));
#2370 = LINE('',#2371,#2372);
#2371 = CARTESIAN_POINT('',(3.5,3.048233604215,6.226207468639));
#2372 = VECTOR('',#2373,1.);
#2373 = DIRECTION('',(0.,0.265328249334,0.96415814061));
#2374 = ORIENTED_EDGE('',*,*,#2375,.F.);
#2375 = EDGE_CURVE('',#2376,#2368,#2378,.T.);
#2376 = VERTEX_POINT('',#2377);
#2377 = CARTESIAN_POINT('',(-3.5,3.117276000246,6.477095899657));
#2378 = LINE('',#2379,#2380);
#2379 = CARTESIAN_POINT('',(-3.5,3.117276000246,6.477095899657));
#2380 = VECTOR('',#2381,1.);
#2381 = DIRECTION('',(1.,0.,0.));
#2382 = ORIENTED_EDGE('',*,*,#2383,.F.);
#2383 = EDGE_CURVE('',#2345,#2376,#2384,.T.);
#2384 = LINE('',#2385,#2386);
#2385 = CARTESIAN_POINT('',(-3.5,3.048233604215,6.226207468639));
#2386 = VECTOR('',#2387,1.);
#2387 = DIRECTION('',(0.,0.265328249334,0.96415814061));
#2388 = PLANE('',#2389);
#2389 = AXIS2_PLACEMENT_3D('',#2390,#2391,#2392);
#2390 = CARTESIAN_POINT('',(-3.5,3.048233604215,6.226207468639));
#2391 = DIRECTION('',(0.,-0.96415814061,0.265328249334));
#2392 = DIRECTION('',(0.,0.265328249334,0.96415814061));
#2393 = ADVANCED_FACE('',(#2394),#2419,.T.);
#2394 = FACE_BOUND('',#2395,.T.);
#2395 = EDGE_LOOP('',(#2396,#2397,#2405,#2413));
#2396 = ORIENTED_EDGE('',*,*,#2375,.T.);
#2397 = ORIENTED_EDGE('',*,*,#2398,.T.);
#2398 = EDGE_CURVE('',#2368,#2399,#2401,.T.);
#2399 = VERTEX_POINT('',#2400);
#2400 = CARTESIAN_POINT('',(3.5,3.165705452175,6.732764523962));
#2401 = LINE('',#2402,#2403);
#2402 = CARTESIAN_POINT('',(3.5,3.117276000246,6.477095899657));
#2403 = VECTOR('',#2404,1.);
#2404 = DIRECTION('',(0.,0.186113206312,0.982528307193));
#2405 = ORIENTED_EDGE('',*,*,#2406,.F.);
#2406 = EDGE_CURVE('',#2407,#2399,#2409,.T.);
#2407 = VERTEX_POINT('',#2408);
#2408 = CARTESIAN_POINT('',(-3.5,3.165705452175,6.732764523962));
#2409 = LINE('',#2410,#2411);
#2410 = CARTESIAN_POINT('',(-3.5,3.165705452175,6.732764523962));
#2411 = VECTOR('',#2412,1.);
#2412 = DIRECTION('',(1.,0.,0.));
#2413 = ORIENTED_EDGE('',*,*,#2414,.F.);
#2414 = EDGE_CURVE('',#2376,#2407,#2415,.T.);
#2415 = LINE('',#2416,#2417);
#2416 = CARTESIAN_POINT('',(-3.5,3.117276000246,6.477095899657));
#2417 = VECTOR('',#2418,1.);
#2418 = DIRECTION('',(0.,0.186113206312,0.982528307193));
#2419 = PLANE('',#2420);
#2420 = AXIS2_PLACEMENT_3D('',#2421,#2422,#2423);
#2421 = CARTESIAN_POINT('',(-3.5,3.117276000246,6.477095899657));
#2422 = DIRECTION('',(0.,-0.982528307193,0.186113206312));
#2423 = DIRECTION('',(0.,0.186113206312,0.982528307193));
#2424 = ADVANCED_FACE('',(#2425),#2450,.T.);
#2425 = FACE_BOUND('',#2426,.T.);
#2426 = EDGE_LOOP('',(#2427,#2428,#2436,#2444));
#2427 = ORIENTED_EDGE('',*,*,#2406,.T.);
#2428 = ORIENTED_EDGE('',*,*,#2429,.T.);
#2429 = EDGE_CURVE('',#2399,#2430,#2432,.T.);
#2430 = VERTEX_POINT('',#2431);
#2431 = CARTESIAN_POINT('',(3.5,3.193201720928,6.991522736339));
#2432 = LINE('',#2433,#2434);
#2433 = CARTESIAN_POINT('',(3.5,3.165705452175,6.732764523962));
#2434 = VECTOR('',#2435,1.);
#2435 = DIRECTION('',(0.,0.105667492307,0.99440151904));
#2436 = ORIENTED_EDGE('',*,*,#2437,.F.);
#2437 = EDGE_CURVE('',#2438,#2430,#2440,.T.);
#2438 = VERTEX_POINT('',#2439);
#2439 = CARTESIAN_POINT('',(-3.5,3.193201720928,6.991522736339));
#2440 = LINE('',#2441,#2442);
#2441 = CARTESIAN_POINT('',(-3.5,3.193201720928,6.991522736339));
#2442 = VECTOR('',#2443,1.);
#2443 = DIRECTION('',(1.,0.,0.));
#2444 = ORIENTED_EDGE('',*,*,#2445,.F.);
#2445 = EDGE_CURVE('',#2407,#2438,#2446,.T.);
#2446 = LINE('',#2447,#2448);
#2447 = CARTESIAN_POINT('',(-3.5,3.165705452175,6.732764523962));
#2448 = VECTOR('',#2449,1.);
#2449 = DIRECTION('',(0.,0.105667492307,0.99440151904));
#2450 = PLANE('',#2451);
#2451 = AXIS2_PLACEMENT_3D('',#2452,#2453,#2454);
#2452 = CARTESIAN_POINT('',(-3.5,3.165705452175,6.732764523962));
#2453 = DIRECTION('',(0.,-0.99440151904,0.105667492307));
#2454 = DIRECTION('',(0.,0.105667492307,0.99440151904));
#2455 = ADVANCED_FACE('',(#2456),#2481,.T.);
#2456 = FACE_BOUND('',#2457,.T.);
#2457 = EDGE_LOOP('',(#2458,#2459,#2467,#2475));
#2458 = ORIENTED_EDGE('',*,*,#2437,.T.);
#2459 = ORIENTED_EDGE('',*,*,#2460,.T.);
#2460 = EDGE_CURVE('',#2430,#2461,#2463,.T.);
#2461 = VERTEX_POINT('',#2462);
#2462 = CARTESIAN_POINT('',(3.5,3.19958298781,7.251659501717));
#2463 = LINE('',#2464,#2465);
#2464 = CARTESIAN_POINT('',(3.5,3.193201720928,6.991522736339));
#2465 = VECTOR('',#2466,1.);
#2466 = DIRECTION('',(0.,2.452305348145E-02,0.999699264703));
#2467 = ORIENTED_EDGE('',*,*,#2468,.F.);
#2468 = EDGE_CURVE('',#2469,#2461,#2471,.T.);
#2469 = VERTEX_POINT('',#2470);
#2470 = CARTESIAN_POINT('',(-3.5,3.19958298781,7.251659501717));
#2471 = LINE('',#2472,#2473);
#2472 = CARTESIAN_POINT('',(-3.5,3.19958298781,7.251659501717));
#2473 = VECTOR('',#2474,1.);
#2474 = DIRECTION('',(1.,0.,0.));
#2475 = ORIENTED_EDGE('',*,*,#2476,.F.);
#2476 = EDGE_CURVE('',#2438,#2469,#2477,.T.);
#2477 = LINE('',#2478,#2479);
#2478 = CARTESIAN_POINT('',(-3.5,3.193201720928,6.991522736339));
#2479 = VECTOR('',#2480,1.);
#2480 = DIRECTION('',(0.,2.452305348145E-02,0.999699264703));
#2481 = PLANE('',#2482);
#2482 = AXIS2_PLACEMENT_3D('',#2483,#2484,#2485);
#2483 = CARTESIAN_POINT('',(-3.5,3.193201720928,6.991522736339));
#2484 = DIRECTION('',(0.,-0.999699264703,2.452305348145E-02));
#2485 = DIRECTION('',(0.,2.452305348145E-02,0.999699264703));
#2486 = ADVANCED_FACE('',(#2487),#2512,.T.);
#2487 = FACE_BOUND('',#2488,.T.);
#2488 = EDGE_LOOP('',(#2489,#2490,#2498,#2506));
#2489 = ORIENTED_EDGE('',*,*,#2468,.T.);
#2490 = ORIENTED_EDGE('',*,*,#2491,.T.);
#2491 = EDGE_CURVE('',#2461,#2492,#2494,.T.);
#2492 = VERTEX_POINT('',#2493);
#2493 = CARTESIAN_POINT('',(3.5,3.184807056783,7.511454669359));
#2494 = LINE('',#2495,#2496);
#2495 = CARTESIAN_POINT('',(3.5,3.19958298781,7.251659501717));
#2496 = VECTOR('',#2497,1.);
#2497 = DIRECTION('',(0.,-5.678354369295E-02,0.998386512913));
#2498 = ORIENTED_EDGE('',*,*,#2499,.F.);
#2499 = EDGE_CURVE('',#2500,#2492,#2502,.T.);
#2500 = VERTEX_POINT('',#2501);
#2501 = CARTESIAN_POINT('',(-3.5,3.184807056783,7.511454669359));
#2502 = LINE('',#2503,#2504);
#2503 = CARTESIAN_POINT('',(-3.5,3.184807056783,7.511454669359));
#2504 = VECTOR('',#2505,1.);
#2505 = DIRECTION('',(1.,0.,0.));
#2506 = ORIENTED_EDGE('',*,*,#2507,.F.);
#2507 = EDGE_CURVE('',#2469,#2500,#2508,.T.);
#2508 = LINE('',#2509,#2510);
#2509 = CARTESIAN_POINT('',(-3.5,3.19958298781,7.251659501717));
#2510 = VECTOR('',#2511,1.);
#2511 = DIRECTION('',(0.,-5.678354369295E-02,0.998386512913));
#2512 = PLANE('',#2513);
#2513 = AXIS2_PLACEMENT_3D('',#2514,#2515,#2516);
#2514 = CARTESIAN_POINT('',(-3.5,3.19958298781,7.251659501717));
#2515 = DIRECTION('',(0.,-0.998386512913,-5.678354369295E-02));
#2516 = DIRECTION('',(0.,-5.678354369295E-02,0.998386512913));
#2517 = ADVANCED_FACE('',(#2518),#2543,.T.);
#2518 = FACE_BOUND('',#2519,.T.);
#2519 = EDGE_LOOP('',(#2520,#2521,#2529,#2537));
#2520 = ORIENTED_EDGE('',*,*,#2499,.T.);
#2521 = ORIENTED_EDGE('',*,*,#2522,.T.);
#2522 = EDGE_CURVE('',#2492,#2523,#2525,.T.);
#2523 = VERTEX_POINT('',#2524);
#2524 = CARTESIAN_POINT('',(3.5,3.148971633485,7.769190347342));
#2525 = LINE('',#2526,#2527);
#2526 = CARTESIAN_POINT('',(3.5,3.184807056783,7.511454669359));
#2527 = VECTOR('',#2528,1.);
#2528 = DIRECTION('',(0.,-0.137714660476,0.990471944222));
#2529 = ORIENTED_EDGE('',*,*,#2530,.F.);
#2530 = EDGE_CURVE('',#2531,#2523,#2533,.T.);
#2531 = VERTEX_POINT('',#2532);
#2532 = CARTESIAN_POINT('',(-3.5,3.148971633485,7.769190347342));
#2533 = LINE('',#2534,#2535);
#2534 = CARTESIAN_POINT('',(-3.5,3.148971633485,7.769190347342));
#2535 = VECTOR('',#2536,1.);
#2536 = DIRECTION('',(1.,0.,0.));
#2537 = ORIENTED_EDGE('',*,*,#2538,.F.);
#2538 = EDGE_CURVE('',#2500,#2531,#2539,.T.);
#2539 = LINE('',#2540,#2541);
#2540 = CARTESIAN_POINT('',(-3.5,3.184807056783,7.511454669359));
#2541 = VECTOR('',#2542,1.);
#2542 = DIRECTION('',(0.,-0.137714660476,0.990471944222));
#2543 = PLANE('',#2544);
#2544 = AXIS2_PLACEMENT_3D('',#2545,#2546,#2547);
#2545 = CARTESIAN_POINT('',(-3.5,3.184807056783,7.511454669359));
#2546 = DIRECTION('',(0.,-0.990471944222,-0.137714660476));
#2547 = DIRECTION('',(0.,-0.137714660476,0.990471944222));
#2548 = ADVANCED_FACE('',(#2549),#2574,.T.);
#2549 = FACE_BOUND('',#2550,.T.);
#2550 = EDGE_LOOP('',(#2551,#2552,#2560,#2568));
#2551 = ORIENTED_EDGE('',*,*,#2530,.T.);
#2552 = ORIENTED_EDGE('',*,*,#2553,.T.);
#2553 = EDGE_CURVE('',#2523,#2554,#2556,.T.);
#2554 = VERTEX_POINT('',#2555);
#2555 = CARTESIAN_POINT('',(3.5,3.092313679153,8.023162262087));
#2556 = LINE('',#2557,#2558);
#2557 = CARTESIAN_POINT('',(3.5,3.148971633485,7.769190347342));
#2558 = VECTOR('',#2559,1.);
#2559 = DIRECTION('',(0.,-0.217735140987,0.976007893605));
#2560 = ORIENTED_EDGE('',*,*,#2561,.F.);
#2561 = EDGE_CURVE('',#2562,#2554,#2564,.T.);
#2562 = VERTEX_POINT('',#2563);
#2563 = CARTESIAN_POINT('',(-3.5,3.092313679153,8.023162262087));
#2564 = LINE('',#2565,#2566);
#2565 = CARTESIAN_POINT('',(-3.5,3.092313679153,8.023162262087));
#2566 = VECTOR('',#2567,1.);
#2567 = DIRECTION('',(1.,0.,0.));
#2568 = ORIENTED_EDGE('',*,*,#2569,.F.);
#2569 = EDGE_CURVE('',#2531,#2562,#2570,.T.);
#2570 = LINE('',#2571,#2572);
#2571 = CARTESIAN_POINT('',(-3.5,3.148971633485,7.769190347342));
#2572 = VECTOR('',#2573,1.);
#2573 = DIRECTION('',(0.,-0.217735140987,0.976007893605));
#2574 = PLANE('',#2575);
#2575 = AXIS2_PLACEMENT_3D('',#2576,#2577,#2578);
#2576 = CARTESIAN_POINT('',(-3.5,3.148971633485,7.769190347342));
#2577 = DIRECTION('',(0.,-0.976007893605,-0.217735140987));
#2578 = DIRECTION('',(0.,-0.217735140987,0.976007893605));
#2579 = ADVANCED_FACE('',(#2580),#2605,.T.);
#2580 = FACE_BOUND('',#2581,.T.);
#2581 = EDGE_LOOP('',(#2582,#2583,#2591,#2599));
#2582 = ORIENTED_EDGE('',*,*,#2561,.T.);
#2583 = ORIENTED_EDGE('',*,*,#2584,.T.);
#2584 = EDGE_CURVE('',#2554,#2585,#2587,.T.);
#2585 = VERTEX_POINT('',#2586);
#2586 = CARTESIAN_POINT('',(3.5,3.01520784372,8.271691027847));
#2587 = LINE('',#2588,#2589);
#2588 = CARTESIAN_POINT('',(3.5,3.092313679153,8.023162262087));
#2589 = VECTOR('',#2590,1.);
#2590 = DIRECTION('',(0.,-0.296315850912,0.955090004397));
#2591 = ORIENTED_EDGE('',*,*,#2592,.F.);
#2592 = EDGE_CURVE('',#2593,#2585,#2595,.T.);
#2593 = VERTEX_POINT('',#2594);
#2594 = CARTESIAN_POINT('',(-3.5,3.01520784372,8.271691027847));
#2595 = LINE('',#2596,#2597);
#2596 = CARTESIAN_POINT('',(-3.5,3.01520784372,8.271691027847));
#2597 = VECTOR('',#2598,1.);
#2598 = DIRECTION('',(1.,0.,0.));
#2599 = ORIENTED_EDGE('',*,*,#2600,.F.);
#2600 = EDGE_CURVE('',#2562,#2593,#2601,.T.);
#2601 = LINE('',#2602,#2603);
#2602 = CARTESIAN_POINT('',(-3.5,3.092313679153,8.023162262087));
#2603 = VECTOR('',#2604,1.);
#2604 = DIRECTION('',(0.,-0.296315850912,0.955090004397));
#2605 = PLANE('',#2606);
#2606 = AXIS2_PLACEMENT_3D('',#2607,#2608,#2609);
#2607 = CARTESIAN_POINT('',(-3.5,3.092313679153,8.023162262087));
#2608 = DIRECTION('',(0.,-0.955090004397,-0.296315850912));
#2609 = DIRECTION('',(0.,-0.296315850912,0.955090004397));
#2610 = ADVANCED_FACE('',(#2611),#2636,.T.);
#2611 = FACE_BOUND('',#2612,.T.);
#2612 = EDGE_LOOP('',(#2613,#2614,#2622,#2630));
#2613 = ORIENTED_EDGE('',*,*,#2592,.T.);
#2614 = ORIENTED_EDGE('',*,*,#2615,.T.);
#2615 = EDGE_CURVE('',#2585,#2616,#2618,.T.);
#2616 = VERTEX_POINT('',#2617);
#2617 = CARTESIAN_POINT('',(3.5,2.918163988449,8.513133251624));
#2618 = LINE('',#2619,#2620);
#2619 = CARTESIAN_POINT('',(3.5,3.01520784372,8.271691027847));
#2620 = VECTOR('',#2621,1.);
#2621 = DIRECTION('',(0.,-0.372937176404,0.927856595847));
#2622 = ORIENTED_EDGE('',*,*,#2623,.F.);
#2623 = EDGE_CURVE('',#2624,#2616,#2626,.T.);
#2624 = VERTEX_POINT('',#2625);
#2625 = CARTESIAN_POINT('',(-3.5,2.918163988449,8.513133251624));
#2626 = LINE('',#2627,#2628);
#2627 = CARTESIAN_POINT('',(-3.5,2.918163988449,8.513133251624));
#2628 = VECTOR('',#2629,1.);
#2629 = DIRECTION('',(1.,0.,0.));
#2630 = ORIENTED_EDGE('',*,*,#2631,.F.);
#2631 = EDGE_CURVE('',#2593,#2624,#2632,.T.);
#2632 = LINE('',#2633,#2634);
#2633 = CARTESIAN_POINT('',(-3.5,3.01520784372,8.271691027847));
#2634 = VECTOR('',#2635,1.);
#2635 = DIRECTION('',(0.,-0.372937176404,0.927856595847));
#2636 = PLANE('',#2637);
#2637 = AXIS2_PLACEMENT_3D('',#2638,#2639,#2640);
#2638 = CARTESIAN_POINT('',(-3.5,3.01520784372,8.271691027847));
#2639 = DIRECTION('',(0.,-0.927856595847,-0.372937176404));
#2640 = DIRECTION('',(0.,-0.372937176404,0.927856595847));
#2641 = ADVANCED_FACE('',(#2642),#2667,.T.);
#2642 = FACE_BOUND('',#2643,.T.);
#2643 = EDGE_LOOP('',(#2644,#2645,#2653,#2661));
#2644 = ORIENTED_EDGE('',*,*,#2623,.T.);
#2645 = ORIENTED_EDGE('',*,*,#2646,.T.);
#2646 = EDGE_CURVE('',#2616,#2647,#2649,.T.);
#2647 = VERTEX_POINT('',#2648);
#2648 = CARTESIAN_POINT('',(3.5,2.801823814479,8.745892400078));
#2649 = LINE('',#2650,#2651);
#2650 = CARTESIAN_POINT('',(3.5,2.918163988449,8.513133251624));
#2651 = VECTOR('',#2652,1.);
#2652 = DIRECTION('',(0.,-0.447092460015,0.89448774849));
#2653 = ORIENTED_EDGE('',*,*,#2654,.F.);
#2654 = EDGE_CURVE('',#2655,#2647,#2657,.T.);
#2655 = VERTEX_POINT('',#2656);
#2656 = CARTESIAN_POINT('',(-3.5,2.801823814479,8.745892400078));
#2657 = LINE('',#2658,#2659);
#2658 = CARTESIAN_POINT('',(-3.5,2.801823814479,8.745892400078));
#2659 = VECTOR('',#2660,1.);
#2660 = DIRECTION('',(1.,0.,0.));
#2661 = ORIENTED_EDGE('',*,*,#2662,.F.);
#2662 = EDGE_CURVE('',#2624,#2655,#2663,.T.);
#2663 = LINE('',#2664,#2665);
#2664 = CARTESIAN_POINT('',(-3.5,2.918163988449,8.513133251624));
#2665 = VECTOR('',#2666,1.);
#2666 = DIRECTION('',(0.,-0.447092460015,0.89448774849));
#2667 = PLANE('',#2668);
#2668 = AXIS2_PLACEMENT_3D('',#2669,#2670,#2671);
#2669 = CARTESIAN_POINT('',(-3.5,2.918163988449,8.513133251624));
#2670 = DIRECTION('',(0.,-0.89448774849,-0.447092460015));
#2671 = DIRECTION('',(0.,-0.447092460015,0.89448774849));
#2672 = ADVANCED_FACE('',(#2673),#2698,.T.);
#2673 = FACE_BOUND('',#2674,.T.);
#2674 = EDGE_LOOP('',(#2675,#2676,#2684,#2692));
#2675 = ORIENTED_EDGE('',*,*,#2654,.T.);
#2676 = ORIENTED_EDGE('',*,*,#2677,.T.);
#2677 = EDGE_CURVE('',#2647,#2678,#2680,.T.);
#2678 = VERTEX_POINT('',#2679);
#2679 = CARTESIAN_POINT('',(3.5,2.66695661959,8.968429356583));
#2680 = LINE('',#2681,#2682);
#2681 = CARTESIAN_POINT('',(3.5,2.801823814479,8.745892400078));
#2682 = VECTOR('',#2683,1.);
#2683 = DIRECTION('',(0.,-0.518291350966,0.855204113364));
#2684 = ORIENTED_EDGE('',*,*,#2685,.F.);
#2685 = EDGE_CURVE('',#2686,#2678,#2688,.T.);
#2686 = VERTEX_POINT('',#2687);
#2687 = CARTESIAN_POINT('',(-3.5,2.66695661959,8.968429356583));
#2688 = LINE('',#2689,#2690);
#2689 = CARTESIAN_POINT('',(-3.5,2.66695661959,8.968429356583));
#2690 = VECTOR('',#2691,1.);
#2691 = DIRECTION('',(1.,0.,0.));
#2692 = ORIENTED_EDGE('',*,*,#2693,.F.);
#2693 = EDGE_CURVE('',#2655,#2686,#2694,.T.);
#2694 = LINE('',#2695,#2696);
#2695 = CARTESIAN_POINT('',(-3.5,2.801823814479,8.745892400078));
#2696 = VECTOR('',#2697,1.);
#2697 = DIRECTION('',(0.,-0.518291350966,0.855204113364));
#2698 = PLANE('',#2699);
#2699 = AXIS2_PLACEMENT_3D('',#2700,#2701,#2702);
#2700 = CARTESIAN_POINT('',(-3.5,2.801823814479,8.745892400078));
#2701 = DIRECTION('',(0.,-0.855204113364,-0.518291350966));
#2702 = DIRECTION('',(0.,-0.518291350966,0.855204113364));
#2703 = ADVANCED_FACE('',(#2704),#2729,.T.);
#2704 = FACE_BOUND('',#2705,.T.);
#2705 = EDGE_LOOP('',(#2706,#2707,#2715,#2723));
#2706 = ORIENTED_EDGE('',*,*,#2685,.T.);
#2707 = ORIENTED_EDGE('',*,*,#2708,.T.);
#2708 = EDGE_CURVE('',#2678,#2709,#2711,.T.);
#2709 = VERTEX_POINT('',#2710);
#2710 = CARTESIAN_POINT('',(3.5,2.514454211227,9.179272598618));
#2711 = LINE('',#2712,#2713);
#2712 = CARTESIAN_POINT('',(3.5,2.66695661959,8.968429356583));
#2713 = VECTOR('',#2714,1.);
#2714 = DIRECTION('',(0.,-0.586063047582,0.810265452959));
#2715 = ORIENTED_EDGE('',*,*,#2716,.F.);
#2716 = EDGE_CURVE('',#2717,#2709,#2719,.T.);
#2717 = VERTEX_POINT('',#2718);
#2718 = CARTESIAN_POINT('',(-3.5,2.514454211227,9.179272598618));
#2719 = LINE('',#2720,#2721);
#2720 = CARTESIAN_POINT('',(-3.5,2.514454211227,9.179272598618));
#2721 = VECTOR('',#2722,1.);
#2722 = DIRECTION('',(1.,0.,0.));
#2723 = ORIENTED_EDGE('',*,*,#2724,.F.);
#2724 = EDGE_CURVE('',#2686,#2717,#2725,.T.);
#2725 = LINE('',#2726,#2727);
#2726 = CARTESIAN_POINT('',(-3.5,2.66695661959,8.968429356583));
#2727 = VECTOR('',#2728,1.);
#2728 = DIRECTION('',(0.,-0.586063047582,0.810265452959));
#2729 = PLANE('',#2730);
#2730 = AXIS2_PLACEMENT_3D('',#2731,#2732,#2733);
#2731 = CARTESIAN_POINT('',(-3.5,2.66695661959,8.968429356583));
#2732 = DIRECTION('',(0.,-0.810265452959,-0.586063047582));
#2733 = DIRECTION('',(0.,-0.586063047582,0.810265452959));
#2734 = ADVANCED_FACE('',(#2735),#2760,.T.);
#2735 = FACE_BOUND('',#2736,.T.);
#2736 = EDGE_LOOP('',(#2737,#2738,#2746,#2754));
#2737 = ORIENTED_EDGE('',*,*,#2716,.T.);
#2738 = ORIENTED_EDGE('',*,*,#2739,.T.);
#2739 = EDGE_CURVE('',#2709,#2740,#2742,.T.);
#2740 = VERTEX_POINT('',#2741);
#2741 = CARTESIAN_POINT('',(3.5,2.345325009441,9.377027928183));
#2742 = LINE('',#2743,#2744);
#2743 = CARTESIAN_POINT('',(3.5,2.514454211227,9.179272598618));
#2744 = VECTOR('',#2745,1.);
#2745 = DIRECTION('',(0.,-0.649959410466,0.75996892354));
#2746 = ORIENTED_EDGE('',*,*,#2747,.F.);
#2747 = EDGE_CURVE('',#2748,#2740,#2750,.T.);
#2748 = VERTEX_POINT('',#2749);
#2749 = CARTESIAN_POINT('',(-3.5,2.345325009441,9.377027928183));
#2750 = LINE('',#2751,#2752);
#2751 = CARTESIAN_POINT('',(-3.5,2.345325009441,9.377027928183));
#2752 = VECTOR('',#2753,1.);
#2753 = DIRECTION('',(1.,0.,0.));
#2754 = ORIENTED_EDGE('',*,*,#2755,.F.);
#2755 = EDGE_CURVE('',#2717,#2748,#2756,.T.);
#2756 = LINE('',#2757,#2758);
#2757 = CARTESIAN_POINT('',(-3.5,2.514454211227,9.179272598618));
#2758 = VECTOR('',#2759,1.);
#2759 = DIRECTION('',(0.,-0.649959410466,0.75996892354));
#2760 = PLANE('',#2761);
#2761 = AXIS2_PLACEMENT_3D('',#2762,#2763,#2764);
#2762 = CARTESIAN_POINT('',(-3.5,2.514454211227,9.179272598618));
#2763 = DIRECTION('',(0.,-0.75996892354,-0.649959410466));
#2764 = DIRECTION('',(0.,-0.649959410466,0.75996892354));
#2765 = ADVANCED_FACE('',(#2766),#2791,.T.);
#2766 = FACE_BOUND('',#2767,.T.);
#2767 = EDGE_LOOP('',(#2768,#2769,#2777,#2785));
#2768 = ORIENTED_EDGE('',*,*,#2747,.T.);
#2769 = ORIENTED_EDGE('',*,*,#2770,.T.);
#2770 = EDGE_CURVE('',#2740,#2771,#2773,.T.);
#2771 = VERTEX_POINT('',#2772);
#2772 = CARTESIAN_POINT('',(3.5,2.160687378721,9.560387690918));
#2773 = LINE('',#2774,#2775);
#2774 = CARTESIAN_POINT('',(3.5,2.345325009441,9.377027928183));
#2775 = VECTOR('',#2776,1.);
#2776 = DIRECTION('',(0.,-0.709557925808,0.704647110207));
#2777 = ORIENTED_EDGE('',*,*,#2778,.F.);
#2778 = EDGE_CURVE('',#2779,#2771,#2781,.T.);
#2779 = VERTEX_POINT('',#2780);
#2780 = CARTESIAN_POINT('',(-3.5,2.160687378721,9.560387690918));
#2781 = LINE('',#2782,#2783);
#2782 = CARTESIAN_POINT('',(-3.5,2.160687378721,9.560387690918));
#2783 = VECTOR('',#2784,1.);
#2784 = DIRECTION('',(1.,0.,0.));
#2785 = ORIENTED_EDGE('',*,*,#2786,.F.);
#2786 = EDGE_CURVE('',#2748,#2779,#2787,.T.);
#2787 = LINE('',#2788,#2789);
#2788 = CARTESIAN_POINT('',(-3.5,2.345325009441,9.377027928183));
#2789 = VECTOR('',#2790,1.);
#2790 = DIRECTION('',(0.,-0.709557925808,0.704647110207));
#2791 = PLANE('',#2792);
#2792 = AXIS2_PLACEMENT_3D('',#2793,#2794,#2795);
#2793 = CARTESIAN_POINT('',(-3.5,2.345325009441,9.377027928183));
#2794 = DIRECTION('',(0.,-0.704647110207,-0.709557925808));
#2795 = DIRECTION('',(0.,-0.709557925808,0.704647110207));
#2796 = ADVANCED_FACE('',(#2797),#2822,.T.);
#2797 = FACE_BOUND('',#2798,.T.);
#2798 = EDGE_LOOP('',(#2799,#2800,#2808,#2816));
#2799 = ORIENTED_EDGE('',*,*,#2778,.T.);
#2800 = ORIENTED_EDGE('',*,*,#2801,.T.);
#2801 = EDGE_CURVE('',#2771,#2802,#2804,.T.);
#2802 = VERTEX_POINT('',#2803);
#2803 = CARTESIAN_POINT('',(3.5,1.961762232826,9.728139422947));
#2804 = LINE('',#2805,#2806);
#2805 = CARTESIAN_POINT('',(3.5,2.160687378721,9.560387690918));
#2806 = VECTOR('',#2807,1.);
#2807 = DIRECTION('',(0.,-0.764464499255,0.64466582768));
#2808 = ORIENTED_EDGE('',*,*,#2809,.F.);
#2809 = EDGE_CURVE('',#2810,#2802,#2812,.T.);
#2810 = VERTEX_POINT('',#2811);
#2811 = CARTESIAN_POINT('',(-3.5,1.961762232826,9.728139422947));
#2812 = LINE('',#2813,#2814);
#2813 = CARTESIAN_POINT('',(-3.5,1.961762232826,9.728139422947));
#2814 = VECTOR('',#2815,1.);
#2815 = DIRECTION('',(1.,0.,0.));
#2816 = ORIENTED_EDGE('',*,*,#2817,.F.);
#2817 = EDGE_CURVE('',#2779,#2810,#2818,.T.);
#2818 = LINE('',#2819,#2820);
#2819 = CARTESIAN_POINT('',(-3.5,2.160687378721,9.560387690918));
#2820 = VECTOR('',#2821,1.);
#2821 = DIRECTION('',(0.,-0.764464499255,0.64466582768));
#2822 = PLANE('',#2823);
#2823 = AXIS2_PLACEMENT_3D('',#2824,#2825,#2826);
#2824 = CARTESIAN_POINT('',(-3.5,2.160687378721,9.560387690918));
#2825 = DIRECTION('',(0.,-0.64466582768,-0.764464499255));
#2826 = DIRECTION('',(0.,-0.764464499255,0.64466582768));
#2827 = ADVANCED_FACE('',(#2828),#2853,.T.);
#2828 = FACE_BOUND('',#2829,.T.);
#2829 = EDGE_LOOP('',(#2830,#2831,#2839,#2847));
#2830 = ORIENTED_EDGE('',*,*,#2809,.T.);
#2831 = ORIENTED_EDGE('',*,*,#2832,.T.);
#2832 = EDGE_CURVE('',#2802,#2833,#2835,.T.);
#2833 = VERTEX_POINT('',#2834);
#2834 = CARTESIAN_POINT('',(3.5,1.74986496151,9.879173868281));
#2835 = LINE('',#2836,#2837);
#2836 = CARTESIAN_POINT('',(3.5,1.961762232826,9.728139422947));
#2837 = VECTOR('',#2838,1.);
#2838 = DIRECTION('',(0.,-0.814316061857,0.580421701353));
#2839 = ORIENTED_EDGE('',*,*,#2840,.F.);
#2840 = EDGE_CURVE('',#2841,#2833,#2843,.T.);
#2841 = VERTEX_POINT('',#2842);
#2842 = CARTESIAN_POINT('',(-3.5,1.74986496151,9.879173868281));
#2843 = LINE('',#2844,#2845);
#2844 = CARTESIAN_POINT('',(-3.5,1.74986496151,9.879173868281));
#2845 = VECTOR('',#2846,1.);
#2846 = DIRECTION('',(1.,0.,0.));
#2847 = ORIENTED_EDGE('',*,*,#2848,.F.);
#2848 = EDGE_CURVE('',#2810,#2841,#2849,.T.);
#2849 = LINE('',#2850,#2851);
#2850 = CARTESIAN_POINT('',(-3.5,1.961762232826,9.728139422947));
#2851 = VECTOR('',#2852,1.);
#2852 = DIRECTION('',(0.,-0.814316061857,0.580421701353));
#2853 = PLANE('',#2854);
#2854 = AXIS2_PLACEMENT_3D('',#2855,#2856,#2857);
#2855 = CARTESIAN_POINT('',(-3.5,1.961762232826,9.728139422947));
#2856 = DIRECTION('',(0.,-0.580421701353,-0.814316061857));
#2857 = DIRECTION('',(0.,-0.814316061857,0.580421701353));
#2858 = ADVANCED_FACE('',(#2859),#2884,.T.);
#2859 = FACE_BOUND('',#2860,.T.);
#2860 = EDGE_LOOP('',(#2861,#2862,#2870,#2878));
#2861 = ORIENTED_EDGE('',*,*,#2840,.T.);
#2862 = ORIENTED_EDGE('',*,*,#2863,.T.);
#2863 = EDGE_CURVE('',#2833,#2864,#2866,.T.);
#2864 = VERTEX_POINT('',#2865);
#2865 = CARTESIAN_POINT('',(3.5,1.75,10.25));
#2866 = LINE('',#2867,#2868);
#2867 = CARTESIAN_POINT('',(3.5,1.74986496151,9.879173868281));
#2868 = VECTOR('',#2869,1.);
#2869 = DIRECTION('',(0.,3.641557840259E-04,0.999999933695));
#2870 = ORIENTED_EDGE('',*,*,#2871,.F.);
#2871 = EDGE_CURVE('',#2872,#2864,#2874,.T.);
#2872 = VERTEX_POINT('',#2873);
#2873 = CARTESIAN_POINT('',(-3.5,1.75,10.25));
#2874 = LINE('',#2875,#2876);
#2875 = CARTESIAN_POINT('',(-3.5,1.75,10.25));
#2876 = VECTOR('',#2877,1.);
#2877 = DIRECTION('',(1.,0.,0.));
#2878 = ORIENTED_EDGE('',*,*,#2879,.F.);
#2879 = EDGE_CURVE('',#2841,#2872,#2880,.T.);
#2880 = LINE('',#2881,#2882);
#2881 = CARTESIAN_POINT('',(-3.5,1.74986496151,9.879173868281));
#2882 = VECTOR('',#2883,1.);
#2883 = DIRECTION('',(0.,3.641557840259E-04,0.999999933695));
#2884 = PLANE('',#2885);
#2885 = AXIS2_PLACEMENT_3D('',#2886,#2887,#2888);
#2886 = CARTESIAN_POINT('',(-3.5,1.74986496151,9.879173868281));
#2887 = DIRECTION('',(0.,-0.999999933695,3.641557840259E-04));
#2888 = DIRECTION('',(0.,3.641557840259E-04,0.999999933695));
#2889 = ADVANCED_FACE('',(#2890),#2915,.T.);
#2890 = FACE_BOUND('',#2891,.T.);
#2891 = EDGE_LOOP('',(#2892,#2893,#2901,#2909));
#2892 = ORIENTED_EDGE('',*,*,#2871,.T.);
#2893 = ORIENTED_EDGE('',*,*,#2894,.T.);
#2894 = EDGE_CURVE('',#2864,#2895,#2897,.T.);
#2895 = VERTEX_POINT('',#2896);
#2896 = CARTESIAN_POINT('',(3.5,2.25,10.9));
#2897 = LINE('',#2898,#2899);
#2898 = CARTESIAN_POINT('',(3.5,1.75,10.25));
#2899 = VECTOR('',#2900,1.);
#2900 = DIRECTION('',(0.,0.60971076085,0.792623989105));
#2901 = ORIENTED_EDGE('',*,*,#2902,.F.);
#2902 = EDGE_CURVE('',#2903,#2895,#2905,.T.);
#2903 = VERTEX_POINT('',#2904);
#2904 = CARTESIAN_POINT('',(-3.5,2.25,10.9));
#2905 = LINE('',#2906,#2907);
#2906 = CARTESIAN_POINT('',(-3.5,2.25,10.9));
#2907 = VECTOR('',#2908,1.);
#2908 = DIRECTION('',(1.,0.,0.));
#2909 = ORIENTED_EDGE('',*,*,#2910,.F.);
#2910 = EDGE_CURVE('',#2872,#2903,#2911,.T.);
#2911 = LINE('',#2912,#2913);
#2912 = CARTESIAN_POINT('',(-3.5,1.75,10.25));
#2913 = VECTOR('',#2914,1.);
#2914 = DIRECTION('',(0.,0.60971076085,0.792623989105));
#2915 = PLANE('',#2916);
#2916 = AXIS2_PLACEMENT_3D('',#2917,#2918,#2919);
#2917 = CARTESIAN_POINT('',(-3.5,1.75,10.25));
#2918 = DIRECTION('',(0.,-0.792623989105,0.60971076085));
#2919 = DIRECTION('',(0.,0.60971076085,0.792623989105));
#2920 = ADVANCED_FACE('',(#2921),#2946,.T.);
#2921 = FACE_BOUND('',#2922,.T.);
#2922 = EDGE_LOOP('',(#2923,#2924,#2932,#2940));
#2923 = ORIENTED_EDGE('',*,*,#2902,.T.);
#2924 = ORIENTED_EDGE('',*,*,#2925,.T.);
#2925 = EDGE_CURVE('',#2895,#2926,#2928,.T.);
#2926 = VERTEX_POINT('',#2927);
#2927 = CARTESIAN_POINT('',(3.5,2.75,10.9));
#2928 = LINE('',#2929,#2930);
#2929 = CARTESIAN_POINT('',(3.5,2.25,10.9));
#2930 = VECTOR('',#2931,1.);
#2931 = DIRECTION('',(0.,1.,0.));
#2932 = ORIENTED_EDGE('',*,*,#2933,.F.);
#2933 = EDGE_CURVE('',#2934,#2926,#2936,.T.);
#2934 = VERTEX_POINT('',#2935);
#2935 = CARTESIAN_POINT('',(-3.5,2.75,10.9));
#2936 = LINE('',#2937,#2938);
#2937 = CARTESIAN_POINT('',(-3.5,2.75,10.9));
#2938 = VECTOR('',#2939,1.);
#2939 = DIRECTION('',(1.,0.,0.));
#2940 = ORIENTED_EDGE('',*,*,#2941,.F.);
#2941 = EDGE_CURVE('',#2903,#2934,#2942,.T.);
#2942 = LINE('',#2943,#2944);
#2943 = CARTESIAN_POINT('',(-3.5,2.25,10.9));
#2944 = VECTOR('',#2945,1.);
#2945 = DIRECTION('',(0.,1.,0.));
#2946 = PLANE('',#2947);
#2947 = AXIS2_PLACEMENT_3D('',#2948,#2949,#2950);
#2948 = CARTESIAN_POINT('',(-3.5,2.25,10.9));
#2949 = DIRECTION('',(0.,0.,1.));
#2950 = DIRECTION('',(0.,1.,0.));
#2951 = ADVANCED_FACE('',(#2952),#2977,.T.);
#2952 = FACE_BOUND('',#2953,.T.);
#2953 = EDGE_LOOP('',(#2954,#2955,#2963,#2971));
#2954 = ORIENTED_EDGE('',*,*,#2933,.T.);
#2955 = ORIENTED_EDGE('',*,*,#2956,.T.);
#2956 = EDGE_CURVE('',#2926,#2957,#2959,.T.);
#2957 = VERTEX_POINT('',#2958);
#2958 = CARTESIAN_POINT('',(3.5,2.25,10.25));
#2959 = LINE('',#2960,#2961);
#2960 = CARTESIAN_POINT('',(3.5,2.75,10.9));
#2961 = VECTOR('',#2962,1.);
#2962 = DIRECTION('',(0.,-0.60971076085,-0.792623989105));
#2963 = ORIENTED_EDGE('',*,*,#2964,.F.);
#2964 = EDGE_CURVE('',#2965,#2957,#2967,.T.);
#2965 = VERTEX_POINT('',#2966);
#2966 = CARTESIAN_POINT('',(-3.5,2.25,10.25));
#2967 = LINE('',#2968,#2969);
#2968 = CARTESIAN_POINT('',(-3.5,2.25,10.25));
#2969 = VECTOR('',#2970,1.);
#2970 = DIRECTION('',(1.,0.,0.));
#2971 = ORIENTED_EDGE('',*,*,#2972,.F.);
#2972 = EDGE_CURVE('',#2934,#2965,#2973,.T.);
#2973 = LINE('',#2974,#2975);
#2974 = CARTESIAN_POINT('',(-3.5,2.75,10.9));
#2975 = VECTOR('',#2976,1.);
#2976 = DIRECTION('',(0.,-0.60971076085,-0.792623989105));
#2977 = PLANE('',#2978);
#2978 = AXIS2_PLACEMENT_3D('',#2979,#2980,#2981);
#2979 = CARTESIAN_POINT('',(-3.5,2.75,10.9));
#2980 = DIRECTION('',(0.,0.792623989105,-0.60971076085));
#2981 = DIRECTION('',(0.,-0.60971076085,-0.792623989105));
#2982 = ADVANCED_FACE('',(#2983),#3008,.T.);
#2983 = FACE_BOUND('',#2984,.T.);
#2984 = EDGE_LOOP('',(#2985,#2986,#2994,#3002));
#2985 = ORIENTED_EDGE('',*,*,#2964,.T.);
#2986 = ORIENTED_EDGE('',*,*,#2987,.T.);
#2987 = EDGE_CURVE('',#2957,#2988,#2990,.T.);
#2988 = VERTEX_POINT('',#2989);
#2989 = CARTESIAN_POINT('',(3.5,2.24986496151,9.879173868281));
#2990 = LINE('',#2991,#2992);
#2991 = CARTESIAN_POINT('',(3.5,2.25,10.25));
#2992 = VECTOR('',#2993,1.);
#2993 = DIRECTION('',(0.,-3.641557840259E-04,-0.999999933695));
#2994 = ORIENTED_EDGE('',*,*,#2995,.F.);
#2995 = EDGE_CURVE('',#2996,#2988,#2998,.T.);
#2996 = VERTEX_POINT('',#2997);
#2997 = CARTESIAN_POINT('',(-3.5,2.24986496151,9.879173868281));
#2998 = LINE('',#2999,#3000);
#2999 = CARTESIAN_POINT('',(-3.5,2.24986496151,9.879173868281));
#3000 = VECTOR('',#3001,1.);
#3001 = DIRECTION('',(1.,0.,0.));
#3002 = ORIENTED_EDGE('',*,*,#3003,.F.);
#3003 = EDGE_CURVE('',#2965,#2996,#3004,.T.);
#3004 = LINE('',#3005,#3006);
#3005 = CARTESIAN_POINT('',(-3.5,2.25,10.25));
#3006 = VECTOR('',#3007,1.);
#3007 = DIRECTION('',(0.,-3.641557840259E-04,-0.999999933695));
#3008 = PLANE('',#3009);
#3009 = AXIS2_PLACEMENT_3D('',#3010,#3011,#3012);
#3010 = CARTESIAN_POINT('',(-3.5,2.25,10.25));
#3011 = DIRECTION('',(0.,0.999999933695,-3.641557840259E-04));
#3012 = DIRECTION('',(0.,-3.641557840259E-04,-0.999999933695));
#3013 = ADVANCED_FACE('',(#3014),#3039,.T.);
#3014 = FACE_BOUND('',#3015,.T.);
#3015 = EDGE_LOOP('',(#3016,#3017,#3025,#3033));
#3016 = ORIENTED_EDGE('',*,*,#2995,.T.);
#3017 = ORIENTED_EDGE('',*,*,#3018,.T.);
#3018 = EDGE_CURVE('',#2988,#3019,#3021,.T.);
#3019 = VERTEX_POINT('',#3020);
#3020 = CARTESIAN_POINT('',(3.5,2.461762232826,9.728139422947));
#3021 = LINE('',#3022,#3023);
#3022 = CARTESIAN_POINT('',(3.5,2.24986496151,9.879173868281));
#3023 = VECTOR('',#3024,1.);
#3024 = DIRECTION('',(0.,0.814316061857,-0.580421701353));
#3025 = ORIENTED_EDGE('',*,*,#3026,.F.);
#3026 = EDGE_CURVE('',#3027,#3019,#3029,.T.);
#3027 = VERTEX_POINT('',#3028);
#3028 = CARTESIAN_POINT('',(-3.5,2.461762232826,9.728139422947));
#3029 = LINE('',#3030,#3031);
#3030 = CARTESIAN_POINT('',(-3.5,2.461762232826,9.728139422947));
#3031 = VECTOR('',#3032,1.);
#3032 = DIRECTION('',(1.,0.,0.));
#3033 = ORIENTED_EDGE('',*,*,#3034,.F.);
#3034 = EDGE_CURVE('',#2996,#3027,#3035,.T.);
#3035 = LINE('',#3036,#3037);
#3036 = CARTESIAN_POINT('',(-3.5,2.24986496151,9.879173868281));
#3037 = VECTOR('',#3038,1.);
#3038 = DIRECTION('',(0.,0.814316061857,-0.580421701353));
#3039 = PLANE('',#3040);
#3040 = AXIS2_PLACEMENT_3D('',#3041,#3042,#3043);
#3041 = CARTESIAN_POINT('',(-3.5,2.24986496151,9.879173868281));
#3042 = DIRECTION('',(-0.,0.580421701353,0.814316061857));
#3043 = DIRECTION('',(0.,0.814316061857,-0.580421701353));
#3044 = ADVANCED_FACE('',(#3045),#3070,.T.);
#3045 = FACE_BOUND('',#3046,.T.);
#3046 = EDGE_LOOP('',(#3047,#3048,#3056,#3064));
#3047 = ORIENTED_EDGE('',*,*,#3026,.T.);
#3048 = ORIENTED_EDGE('',*,*,#3049,.T.);
#3049 = EDGE_CURVE('',#3019,#3050,#3052,.T.);
#3050 = VERTEX_POINT('',#3051);
#3051 = CARTESIAN_POINT('',(3.5,2.660687378721,9.560387690918));
#3052 = LINE('',#3053,#3054);
#3053 = CARTESIAN_POINT('',(3.5,2.461762232826,9.728139422947));
#3054 = VECTOR('',#3055,1.);
#3055 = DIRECTION('',(0.,0.764464499255,-0.64466582768));
#3056 = ORIENTED_EDGE('',*,*,#3057,.F.);
#3057 = EDGE_CURVE('',#3058,#3050,#3060,.T.);
#3058 = VERTEX_POINT('',#3059);
#3059 = CARTESIAN_POINT('',(-3.5,2.660687378721,9.560387690918));
#3060 = LINE('',#3061,#3062);
#3061 = CARTESIAN_POINT('',(-3.5,2.660687378721,9.560387690918));
#3062 = VECTOR('',#3063,1.);
#3063 = DIRECTION('',(1.,0.,0.));
#3064 = ORIENTED_EDGE('',*,*,#3065,.F.);
#3065 = EDGE_CURVE('',#3027,#3058,#3066,.T.);
#3066 = LINE('',#3067,#3068);
#3067 = CARTESIAN_POINT('',(-3.5,2.461762232826,9.728139422947));
#3068 = VECTOR('',#3069,1.);
#3069 = DIRECTION('',(0.,0.764464499255,-0.64466582768));
#3070 = PLANE('',#3071);
#3071 = AXIS2_PLACEMENT_3D('',#3072,#3073,#3074);
#3072 = CARTESIAN_POINT('',(-3.5,2.461762232826,9.728139422947));
#3073 = DIRECTION('',(-0.,0.64466582768,0.764464499255));
#3074 = DIRECTION('',(0.,0.764464499255,-0.64466582768));
#3075 = ADVANCED_FACE('',(#3076),#3101,.T.);
#3076 = FACE_BOUND('',#3077,.T.);
#3077 = EDGE_LOOP('',(#3078,#3079,#3087,#3095));
#3078 = ORIENTED_EDGE('',*,*,#3057,.T.);
#3079 = ORIENTED_EDGE('',*,*,#3080,.T.);
#3080 = EDGE_CURVE('',#3050,#3081,#3083,.T.);
#3081 = VERTEX_POINT('',#3082);
#3082 = CARTESIAN_POINT('',(3.5,2.845325009441,9.377027928183));
#3083 = LINE('',#3084,#3085);
#3084 = CARTESIAN_POINT('',(3.5,2.660687378721,9.560387690918));
#3085 = VECTOR('',#3086,1.);
#3086 = DIRECTION('',(0.,0.709557925808,-0.704647110207));
#3087 = ORIENTED_EDGE('',*,*,#3088,.F.);
#3088 = EDGE_CURVE('',#3089,#3081,#3091,.T.);
#3089 = VERTEX_POINT('',#3090);
#3090 = CARTESIAN_POINT('',(-3.5,2.845325009441,9.377027928183));
#3091 = LINE('',#3092,#3093);
#3092 = CARTESIAN_POINT('',(-3.5,2.845325009441,9.377027928183));
#3093 = VECTOR('',#3094,1.);
#3094 = DIRECTION('',(1.,0.,0.));
#3095 = ORIENTED_EDGE('',*,*,#3096,.F.);
#3096 = EDGE_CURVE('',#3058,#3089,#3097,.T.);
#3097 = LINE('',#3098,#3099);
#3098 = CARTESIAN_POINT('',(-3.5,2.660687378721,9.560387690918));
#3099 = VECTOR('',#3100,1.);
#3100 = DIRECTION('',(0.,0.709557925808,-0.704647110207));
#3101 = PLANE('',#3102);
#3102 = AXIS2_PLACEMENT_3D('',#3103,#3104,#3105);
#3103 = CARTESIAN_POINT('',(-3.5,2.660687378721,9.560387690918));
#3104 = DIRECTION('',(-0.,0.704647110207,0.709557925808));
#3105 = DIRECTION('',(0.,0.709557925808,-0.704647110207));
#3106 = ADVANCED_FACE('',(#3107),#3132,.T.);
#3107 = FACE_BOUND('',#3108,.T.);
#3108 = EDGE_LOOP('',(#3109,#3110,#3118,#3126));
#3109 = ORIENTED_EDGE('',*,*,#3088,.T.);
#3110 = ORIENTED_EDGE('',*,*,#3111,.T.);
#3111 = EDGE_CURVE('',#3081,#3112,#3114,.T.);
#3112 = VERTEX_POINT('',#3113);
#3113 = CARTESIAN_POINT('',(3.5,3.014454211227,9.179272598618));
#3114 = LINE('',#3115,#3116);
#3115 = CARTESIAN_POINT('',(3.5,2.845325009441,9.377027928183));
#3116 = VECTOR('',#3117,1.);
#3117 = DIRECTION('',(0.,0.649959410466,-0.75996892354));
#3118 = ORIENTED_EDGE('',*,*,#3119,.F.);
#3119 = EDGE_CURVE('',#3120,#3112,#3122,.T.);
#3120 = VERTEX_POINT('',#3121);
#3121 = CARTESIAN_POINT('',(-3.5,3.014454211227,9.179272598618));
#3122 = LINE('',#3123,#3124);
#3123 = CARTESIAN_POINT('',(-3.5,3.014454211227,9.179272598618));
#3124 = VECTOR('',#3125,1.);
#3125 = DIRECTION('',(1.,0.,0.));
#3126 = ORIENTED_EDGE('',*,*,#3127,.F.);
#3127 = EDGE_CURVE('',#3089,#3120,#3128,.T.);
#3128 = LINE('',#3129,#3130);
#3129 = CARTESIAN_POINT('',(-3.5,2.845325009441,9.377027928183));
#3130 = VECTOR('',#3131,1.);
#3131 = DIRECTION('',(0.,0.649959410466,-0.75996892354));
#3132 = PLANE('',#3133);
#3133 = AXIS2_PLACEMENT_3D('',#3134,#3135,#3136);
#3134 = CARTESIAN_POINT('',(-3.5,2.845325009441,9.377027928183));
#3135 = DIRECTION('',(-0.,0.75996892354,0.649959410466));
#3136 = DIRECTION('',(0.,0.649959410466,-0.75996892354));
#3137 = ADVANCED_FACE('',(#3138),#3163,.T.);
#3138 = FACE_BOUND('',#3139,.T.);
#3139 = EDGE_LOOP('',(#3140,#3141,#3149,#3157));
#3140 = ORIENTED_EDGE('',*,*,#3119,.T.);
#3141 = ORIENTED_EDGE('',*,*,#3142,.T.);
#3142 = EDGE_CURVE('',#3112,#3143,#3145,.T.);
#3143 = VERTEX_POINT('',#3144);
#3144 = CARTESIAN_POINT('',(3.5,3.16695661959,8.968429356583));
#3145 = LINE('',#3146,#3147);
#3146 = CARTESIAN_POINT('',(3.5,3.014454211227,9.179272598618));
#3147 = VECTOR('',#3148,1.);
#3148 = DIRECTION('',(0.,0.586063047582,-0.810265452959));
#3149 = ORIENTED_EDGE('',*,*,#3150,.F.);
#3150 = EDGE_CURVE('',#3151,#3143,#3153,.T.);
#3151 = VERTEX_POINT('',#3152);
#3152 = CARTESIAN_POINT('',(-3.5,3.16695661959,8.968429356583));
#3153 = LINE('',#3154,#3155);
#3154 = CARTESIAN_POINT('',(-3.5,3.16695661959,8.968429356583));
#3155 = VECTOR('',#3156,1.);
#3156 = DIRECTION('',(1.,0.,0.));
#3157 = ORIENTED_EDGE('',*,*,#3158,.F.);
#3158 = EDGE_CURVE('',#3120,#3151,#3159,.T.);
#3159 = LINE('',#3160,#3161);
#3160 = CARTESIAN_POINT('',(-3.5,3.014454211227,9.179272598618));
#3161 = VECTOR('',#3162,1.);
#3162 = DIRECTION('',(0.,0.586063047582,-0.810265452959));
#3163 = PLANE('',#3164);
#3164 = AXIS2_PLACEMENT_3D('',#3165,#3166,#3167);
#3165 = CARTESIAN_POINT('',(-3.5,3.014454211227,9.179272598618));
#3166 = DIRECTION('',(-0.,0.810265452959,0.586063047582));
#3167 = DIRECTION('',(0.,0.586063047582,-0.810265452959));
#3168 = ADVANCED_FACE('',(#3169),#3194,.T.);
#3169 = FACE_BOUND('',#3170,.T.);
#3170 = EDGE_LOOP('',(#3171,#3172,#3180,#3188));
#3171 = ORIENTED_EDGE('',*,*,#3150,.T.);
#3172 = ORIENTED_EDGE('',*,*,#3173,.T.);
#3173 = EDGE_CURVE('',#3143,#3174,#3176,.T.);
#3174 = VERTEX_POINT('',#3175);
#3175 = CARTESIAN_POINT('',(3.5,3.301823814479,8.745892400078));
#3176 = LINE('',#3177,#3178);
#3177 = CARTESIAN_POINT('',(3.5,3.16695661959,8.968429356583));
#3178 = VECTOR('',#3179,1.);
#3179 = DIRECTION('',(0.,0.518291350966,-0.855204113364));
#3180 = ORIENTED_EDGE('',*,*,#3181,.F.);
#3181 = EDGE_CURVE('',#3182,#3174,#3184,.T.);
#3182 = VERTEX_POINT('',#3183);
#3183 = CARTESIAN_POINT('',(-3.5,3.301823814479,8.745892400078));
#3184 = LINE('',#3185,#3186);
#3185 = CARTESIAN_POINT('',(-3.5,3.301823814479,8.745892400078));
#3186 = VECTOR('',#3187,1.);
#3187 = DIRECTION('',(1.,0.,0.));
#3188 = ORIENTED_EDGE('',*,*,#3189,.F.);
#3189 = EDGE_CURVE('',#3151,#3182,#3190,.T.);
#3190 = LINE('',#3191,#3192);
#3191 = CARTESIAN_POINT('',(-3.5,3.16695661959,8.968429356583));
#3192 = VECTOR('',#3193,1.);
#3193 = DIRECTION('',(0.,0.518291350966,-0.855204113364));
#3194 = PLANE('',#3195);
#3195 = AXIS2_PLACEMENT_3D('',#3196,#3197,#3198);
#3196 = CARTESIAN_POINT('',(-3.5,3.16695661959,8.968429356583));
#3197 = DIRECTION('',(-0.,0.855204113364,0.518291350966));
#3198 = DIRECTION('',(0.,0.518291350966,-0.855204113364));
#3199 = ADVANCED_FACE('',(#3200),#3225,.T.);
#3200 = FACE_BOUND('',#3201,.T.);
#3201 = EDGE_LOOP('',(#3202,#3203,#3211,#3219));
#3202 = ORIENTED_EDGE('',*,*,#3181,.T.);
#3203 = ORIENTED_EDGE('',*,*,#3204,.T.);
#3204 = EDGE_CURVE('',#3174,#3205,#3207,.T.);
#3205 = VERTEX_POINT('',#3206);
#3206 = CARTESIAN_POINT('',(3.5,3.418163988449,8.513133251624));
#3207 = LINE('',#3208,#3209);
#3208 = CARTESIAN_POINT('',(3.5,3.301823814479,8.745892400078));
#3209 = VECTOR('',#3210,1.);
#3210 = DIRECTION('',(0.,0.447092460015,-0.89448774849));
#3211 = ORIENTED_EDGE('',*,*,#3212,.F.);
#3212 = EDGE_CURVE('',#3213,#3205,#3215,.T.);
#3213 = VERTEX_POINT('',#3214);
#3214 = CARTESIAN_POINT('',(-3.5,3.418163988449,8.513133251624));
#3215 = LINE('',#3216,#3217);
#3216 = CARTESIAN_POINT('',(-3.5,3.418163988449,8.513133251624));
#3217 = VECTOR('',#3218,1.);
#3218 = DIRECTION('',(1.,0.,0.));
#3219 = ORIENTED_EDGE('',*,*,#3220,.F.);
#3220 = EDGE_CURVE('',#3182,#3213,#3221,.T.);
#3221 = LINE('',#3222,#3223);
#3222 = CARTESIAN_POINT('',(-3.5,3.301823814479,8.745892400078));
#3223 = VECTOR('',#3224,1.);
#3224 = DIRECTION('',(0.,0.447092460015,-0.89448774849));
#3225 = PLANE('',#3226);
#3226 = AXIS2_PLACEMENT_3D('',#3227,#3228,#3229);
#3227 = CARTESIAN_POINT('',(-3.5,3.301823814479,8.745892400078));
#3228 = DIRECTION('',(-0.,0.89448774849,0.447092460015));
#3229 = DIRECTION('',(0.,0.447092460015,-0.89448774849));
#3230 = ADVANCED_FACE('',(#3231),#3256,.T.);
#3231 = FACE_BOUND('',#3232,.T.);
#3232 = EDGE_LOOP('',(#3233,#3234,#3242,#3250));
#3233 = ORIENTED_EDGE('',*,*,#3212,.T.);
#3234 = ORIENTED_EDGE('',*,*,#3235,.T.);
#3235 = EDGE_CURVE('',#3205,#3236,#3238,.T.);
#3236 = VERTEX_POINT('',#3237);
#3237 = CARTESIAN_POINT('',(3.5,3.51520784372,8.271691027847));
#3238 = LINE('',#3239,#3240);
#3239 = CARTESIAN_POINT('',(3.5,3.418163988449,8.513133251624));
#3240 = VECTOR('',#3241,1.);
#3241 = DIRECTION('',(0.,0.372937176404,-0.927856595847));
#3242 = ORIENTED_EDGE('',*,*,#3243,.F.);
#3243 = EDGE_CURVE('',#3244,#3236,#3246,.T.);
#3244 = VERTEX_POINT('',#3245);
#3245 = CARTESIAN_POINT('',(-3.5,3.51520784372,8.271691027847));
#3246 = LINE('',#3247,#3248);
#3247 = CARTESIAN_POINT('',(-3.5,3.51520784372,8.271691027847));
#3248 = VECTOR('',#3249,1.);
#3249 = DIRECTION('',(1.,0.,0.));
#3250 = ORIENTED_EDGE('',*,*,#3251,.F.);
#3251 = EDGE_CURVE('',#3213,#3244,#3252,.T.);
#3252 = LINE('',#3253,#3254);
#3253 = CARTESIAN_POINT('',(-3.5,3.418163988449,8.513133251624));
#3254 = VECTOR('',#3255,1.);
#3255 = DIRECTION('',(0.,0.372937176404,-0.927856595847));
#3256 = PLANE('',#3257);
#3257 = AXIS2_PLACEMENT_3D('',#3258,#3259,#3260);
#3258 = CARTESIAN_POINT('',(-3.5,3.418163988449,8.513133251624));
#3259 = DIRECTION('',(-0.,0.927856595847,0.372937176404));
#3260 = DIRECTION('',(0.,0.372937176404,-0.927856595847));
#3261 = ADVANCED_FACE('',(#3262),#3287,.T.);
#3262 = FACE_BOUND('',#3263,.T.);
#3263 = EDGE_LOOP('',(#3264,#3265,#3273,#3281));
#3264 = ORIENTED_EDGE('',*,*,#3243,.T.);
#3265 = ORIENTED_EDGE('',*,*,#3266,.T.);
#3266 = EDGE_CURVE('',#3236,#3267,#3269,.T.);
#3267 = VERTEX_POINT('',#3268);
#3268 = CARTESIAN_POINT('',(3.5,3.592313679153,8.023162262087));
#3269 = LINE('',#3270,#3271);
#3270 = CARTESIAN_POINT('',(3.5,3.51520784372,8.271691027847));
#3271 = VECTOR('',#3272,1.);
#3272 = DIRECTION('',(0.,0.296315850912,-0.955090004397));
#3273 = ORIENTED_EDGE('',*,*,#3274,.F.);
#3274 = EDGE_CURVE('',#3275,#3267,#3277,.T.);
#3275 = VERTEX_POINT('',#3276);
#3276 = CARTESIAN_POINT('',(-3.5,3.592313679153,8.023162262087));
#3277 = LINE('',#3278,#3279);
#3278 = CARTESIAN_POINT('',(-3.5,3.592313679153,8.023162262087));
#3279 = VECTOR('',#3280,1.);
#3280 = DIRECTION('',(1.,0.,0.));
#3281 = ORIENTED_EDGE('',*,*,#3282,.F.);
#3282 = EDGE_CURVE('',#3244,#3275,#3283,.T.);
#3283 = LINE('',#3284,#3285);
#3284 = CARTESIAN_POINT('',(-3.5,3.51520784372,8.271691027847));
#3285 = VECTOR('',#3286,1.);
#3286 = DIRECTION('',(0.,0.296315850912,-0.955090004397));
#3287 = PLANE('',#3288);
#3288 = AXIS2_PLACEMENT_3D('',#3289,#3290,#3291);
#3289 = CARTESIAN_POINT('',(-3.5,3.51520784372,8.271691027847));
#3290 = DIRECTION('',(-0.,0.955090004397,0.296315850912));
#3291 = DIRECTION('',(0.,0.296315850912,-0.955090004397));
#3292 = ADVANCED_FACE('',(#3293),#3318,.T.);
#3293 = FACE_BOUND('',#3294,.T.);
#3294 = EDGE_LOOP('',(#3295,#3296,#3304,#3312));
#3295 = ORIENTED_EDGE('',*,*,#3274,.T.);
#3296 = ORIENTED_EDGE('',*,*,#3297,.T.);
#3297 = EDGE_CURVE('',#3267,#3298,#3300,.T.);
#3298 = VERTEX_POINT('',#3299);
#3299 = CARTESIAN_POINT('',(3.5,3.648971633485,7.769190347342));
#3300 = LINE('',#3301,#3302);
#3301 = CARTESIAN_POINT('',(3.5,3.592313679153,8.023162262087));
#3302 = VECTOR('',#3303,1.);
#3303 = DIRECTION('',(0.,0.217735140987,-0.976007893605));
#3304 = ORIENTED_EDGE('',*,*,#3305,.F.);
#3305 = EDGE_CURVE('',#3306,#3298,#3308,.T.);
#3306 = VERTEX_POINT('',#3307);
#3307 = CARTESIAN_POINT('',(-3.5,3.648971633485,7.769190347342));
#3308 = LINE('',#3309,#3310);
#3309 = CARTESIAN_POINT('',(-3.5,3.648971633485,7.769190347342));
#3310 = VECTOR('',#3311,1.);
#3311 = DIRECTION('',(1.,0.,0.));
#3312 = ORIENTED_EDGE('',*,*,#3313,.F.);
#3313 = EDGE_CURVE('',#3275,#3306,#3314,.T.);
#3314 = LINE('',#3315,#3316);
#3315 = CARTESIAN_POINT('',(-3.5,3.592313679153,8.023162262087));
#3316 = VECTOR('',#3317,1.);
#3317 = DIRECTION('',(0.,0.217735140987,-0.976007893605));
#3318 = PLANE('',#3319);
#3319 = AXIS2_PLACEMENT_3D('',#3320,#3321,#3322);
#3320 = CARTESIAN_POINT('',(-3.5,3.592313679153,8.023162262087));
#3321 = DIRECTION('',(-0.,0.976007893605,0.217735140987));
#3322 = DIRECTION('',(0.,0.217735140987,-0.976007893605));
#3323 = ADVANCED_FACE('',(#3324),#3349,.T.);
#3324 = FACE_BOUND('',#3325,.T.);
#3325 = EDGE_LOOP('',(#3326,#3327,#3335,#3343));
#3326 = ORIENTED_EDGE('',*,*,#3305,.T.);
#3327 = ORIENTED_EDGE('',*,*,#3328,.T.);
#3328 = EDGE_CURVE('',#3298,#3329,#3331,.T.);
#3329 = VERTEX_POINT('',#3330);
#3330 = CARTESIAN_POINT('',(3.5,3.684807056783,7.511454669359));
#3331 = LINE('',#3332,#3333);
#3332 = CARTESIAN_POINT('',(3.5,3.648971633485,7.769190347342));
#3333 = VECTOR('',#3334,1.);
#3334 = DIRECTION('',(0.,0.137714660476,-0.990471944222));
#3335 = ORIENTED_EDGE('',*,*,#3336,.F.);
#3336 = EDGE_CURVE('',#3337,#3329,#3339,.T.);
#3337 = VERTEX_POINT('',#3338);
#3338 = CARTESIAN_POINT('',(-3.5,3.684807056783,7.511454669359));
#3339 = LINE('',#3340,#3341);
#3340 = CARTESIAN_POINT('',(-3.5,3.684807056783,7.511454669359));
#3341 = VECTOR('',#3342,1.);
#3342 = DIRECTION('',(1.,0.,0.));
#3343 = ORIENTED_EDGE('',*,*,#3344,.F.);
#3344 = EDGE_CURVE('',#3306,#3337,#3345,.T.);
#3345 = LINE('',#3346,#3347);
#3346 = CARTESIAN_POINT('',(-3.5,3.648971633485,7.769190347342));
#3347 = VECTOR('',#3348,1.);
#3348 = DIRECTION('',(0.,0.137714660476,-0.990471944222));
#3349 = PLANE('',#3350);
#3350 = AXIS2_PLACEMENT_3D('',#3351,#3352,#3353);
#3351 = CARTESIAN_POINT('',(-3.5,3.648971633485,7.769190347342));
#3352 = DIRECTION('',(-0.,0.990471944222,0.137714660476));
#3353 = DIRECTION('',(0.,0.137714660476,-0.990471944222));
#3354 = ADVANCED_FACE('',(#3355),#3380,.T.);
#3355 = FACE_BOUND('',#3356,.T.);
#3356 = EDGE_LOOP('',(#3357,#3358,#3366,#3374));
#3357 = ORIENTED_EDGE('',*,*,#3336,.T.);
#3358 = ORIENTED_EDGE('',*,*,#3359,.T.);
#3359 = EDGE_CURVE('',#3329,#3360,#3362,.T.);
#3360 = VERTEX_POINT('',#3361);
#3361 = CARTESIAN_POINT('',(3.5,3.69958298781,7.251659501717));
#3362 = LINE('',#3363,#3364);
#3363 = CARTESIAN_POINT('',(3.5,3.684807056783,7.511454669359));
#3364 = VECTOR('',#3365,1.);
#3365 = DIRECTION('',(0.,5.678354369295E-02,-0.998386512913));
#3366 = ORIENTED_EDGE('',*,*,#3367,.F.);
#3367 = EDGE_CURVE('',#3368,#3360,#3370,.T.);
#3368 = VERTEX_POINT('',#3369);
#3369 = CARTESIAN_POINT('',(-3.5,3.69958298781,7.251659501717));
#3370 = LINE('',#3371,#3372);
#3371 = CARTESIAN_POINT('',(-3.5,3.69958298781,7.251659501717));
#3372 = VECTOR('',#3373,1.);
#3373 = DIRECTION('',(1.,0.,0.));
#3374 = ORIENTED_EDGE('',*,*,#3375,.F.);
#3375 = EDGE_CURVE('',#3337,#3368,#3376,.T.);
#3376 = LINE('',#3377,#3378);
#3377 = CARTESIAN_POINT('',(-3.5,3.684807056783,7.511454669359));
#3378 = VECTOR('',#3379,1.);
#3379 = DIRECTION('',(0.,5.678354369295E-02,-0.998386512913));
#3380 = PLANE('',#3381);
#3381 = AXIS2_PLACEMENT_3D('',#3382,#3383,#3384);
#3382 = CARTESIAN_POINT('',(-3.5,3.684807056783,7.511454669359));
#3383 = DIRECTION('',(-0.,0.998386512913,5.678354369295E-02));
#3384 = DIRECTION('',(0.,5.678354369295E-02,-0.998386512913));
#3385 = ADVANCED_FACE('',(#3386),#3411,.T.);
#3386 = FACE_BOUND('',#3387,.T.);
#3387 = EDGE_LOOP('',(#3388,#3389,#3397,#3405));
#3388 = ORIENTED_EDGE('',*,*,#3367,.T.);
#3389 = ORIENTED_EDGE('',*,*,#3390,.T.);
#3390 = EDGE_CURVE('',#3360,#3391,#3393,.T.);
#3391 = VERTEX_POINT('',#3392);
#3392 = CARTESIAN_POINT('',(3.5,3.693201720928,6.991522736339));
#3393 = LINE('',#3394,#3395);
#3394 = CARTESIAN_POINT('',(3.5,3.69958298781,7.251659501717));
#3395 = VECTOR('',#3396,1.);
#3396 = DIRECTION('',(0.,-2.452305348145E-02,-0.999699264703));
#3397 = ORIENTED_EDGE('',*,*,#3398,.F.);
#3398 = EDGE_CURVE('',#3399,#3391,#3401,.T.);
#3399 = VERTEX_POINT('',#3400);
#3400 = CARTESIAN_POINT('',(-3.5,3.693201720928,6.991522736339));
#3401 = LINE('',#3402,#3403);
#3402 = CARTESIAN_POINT('',(-3.5,3.693201720928,6.991522736339));
#3403 = VECTOR('',#3404,1.);
#3404 = DIRECTION('',(1.,0.,0.));
#3405 = ORIENTED_EDGE('',*,*,#3406,.F.);
#3406 = EDGE_CURVE('',#3368,#3399,#3407,.T.);
#3407 = LINE('',#3408,#3409);
#3408 = CARTESIAN_POINT('',(-3.5,3.69958298781,7.251659501717));
#3409 = VECTOR('',#3410,1.);
#3410 = DIRECTION('',(0.,-2.452305348145E-02,-0.999699264703));
#3411 = PLANE('',#3412);
#3412 = AXIS2_PLACEMENT_3D('',#3413,#3414,#3415);
#3413 = CARTESIAN_POINT('',(-3.5,3.69958298781,7.251659501717));
#3414 = DIRECTION('',(0.,0.999699264703,-2.452305348145E-02));
#3415 = DIRECTION('',(0.,-2.452305348145E-02,-0.999699264703));
#3416 = ADVANCED_FACE('',(#3417),#3442,.T.);
#3417 = FACE_BOUND('',#3418,.T.);
#3418 = EDGE_LOOP('',(#3419,#3420,#3428,#3436));
#3419 = ORIENTED_EDGE('',*,*,#3398,.T.);
#3420 = ORIENTED_EDGE('',*,*,#3421,.T.);
#3421 = EDGE_CURVE('',#3391,#3422,#3424,.T.);
#3422 = VERTEX_POINT('',#3423);
#3423 = CARTESIAN_POINT('',(3.5,3.665705452175,6.732764523962));
#3424 = LINE('',#3425,#3426);
#3425 = CARTESIAN_POINT('',(3.5,3.693201720928,6.991522736339));
#3426 = VECTOR('',#3427,1.);
#3427 = DIRECTION('',(0.,-0.105667492307,-0.99440151904));
#3428 = ORIENTED_EDGE('',*,*,#3429,.F.);
#3429 = EDGE_CURVE('',#3430,#3422,#3432,.T.);
#3430 = VERTEX_POINT('',#3431);
#3431 = CARTESIAN_POINT('',(-3.5,3.665705452175,6.732764523962));
#3432 = LINE('',#3433,#3434);
#3433 = CARTESIAN_POINT('',(-3.5,3.665705452175,6.732764523962));
#3434 = VECTOR('',#3435,1.);
#3435 = DIRECTION('',(1.,0.,0.));
#3436 = ORIENTED_EDGE('',*,*,#3437,.F.);
#3437 = EDGE_CURVE('',#3399,#3430,#3438,.T.);
#3438 = LINE('',#3439,#3440);
#3439 = CARTESIAN_POINT('',(-3.5,3.693201720928,6.991522736339));
#3440 = VECTOR('',#3441,1.);
#3441 = DIRECTION('',(0.,-0.105667492307,-0.99440151904));
#3442 = PLANE('',#3443);
#3443 = AXIS2_PLACEMENT_3D('',#3444,#3445,#3446);
#3444 = CARTESIAN_POINT('',(-3.5,3.693201720928,6.991522736339));
#3445 = DIRECTION('',(0.,0.99440151904,-0.105667492307));
#3446 = DIRECTION('',(0.,-0.105667492307,-0.99440151904));
#3447 = ADVANCED_FACE('',(#3448),#3473,.T.);
#3448 = FACE_BOUND('',#3449,.T.);
#3449 = EDGE_LOOP('',(#3450,#3451,#3459,#3467));
#3450 = ORIENTED_EDGE('',*,*,#3429,.T.);
#3451 = ORIENTED_EDGE('',*,*,#3452,.T.);
#3452 = EDGE_CURVE('',#3422,#3453,#3455,.T.);
#3453 = VERTEX_POINT('',#3454);
#3454 = CARTESIAN_POINT('',(3.5,3.617276000246,6.477095899657));
#3455 = LINE('',#3456,#3457);
#3456 = CARTESIAN_POINT('',(3.5,3.665705452175,6.732764523962));
#3457 = VECTOR('',#3458,1.);
#3458 = DIRECTION('',(0.,-0.186113206312,-0.982528307193));
#3459 = ORIENTED_EDGE('',*,*,#3460,.F.);
#3460 = EDGE_CURVE('',#3461,#3453,#3463,.T.);
#3461 = VERTEX_POINT('',#3462);
#3462 = CARTESIAN_POINT('',(-3.5,3.617276000246,6.477095899657));
#3463 = LINE('',#3464,#3465);
#3464 = CARTESIAN_POINT('',(-3.5,3.617276000246,6.477095899657));
#3465 = VECTOR('',#3466,1.);
#3466 = DIRECTION('',(1.,0.,0.));
#3467 = ORIENTED_EDGE('',*,*,#3468,.F.);
#3468 = EDGE_CURVE('',#3430,#3461,#3469,.T.);
#3469 = LINE('',#3470,#3471);
#3470 = CARTESIAN_POINT('',(-3.5,3.665705452175,6.732764523962));
#3471 = VECTOR('',#3472,1.);
#3472 = DIRECTION('',(0.,-0.186113206312,-0.982528307193));
#3473 = PLANE('',#3474);
#3474 = AXIS2_PLACEMENT_3D('',#3475,#3476,#3477);
#3475 = CARTESIAN_POINT('',(-3.5,3.665705452175,6.732764523962));
#3476 = DIRECTION('',(0.,0.982528307193,-0.186113206312));
#3477 = DIRECTION('',(0.,-0.186113206312,-0.982528307193));
#3478 = ADVANCED_FACE('',(#3479),#3504,.T.);
#3479 = FACE_BOUND('',#3480,.T.);
#3480 = EDGE_LOOP('',(#3481,#3482,#3490,#3498));
#3481 = ORIENTED_EDGE('',*,*,#3460,.T.);
#3482 = ORIENTED_EDGE('',*,*,#3483,.T.);
#3483 = EDGE_CURVE('',#3453,#3484,#3486,.T.);
#3484 = VERTEX_POINT('',#3485);
#3485 = CARTESIAN_POINT('',(3.5,3.548233604215,6.226207468639));
#3486 = LINE('',#3487,#3488);
#3487 = CARTESIAN_POINT('',(3.5,3.617276000246,6.477095899657));
#3488 = VECTOR('',#3489,1.);
#3489 = DIRECTION('',(0.,-0.265328249334,-0.96415814061));
#3490 = ORIENTED_EDGE('',*,*,#3491,.F.);
#3491 = EDGE_CURVE('',#3492,#3484,#3494,.T.);
#3492 = VERTEX_POINT('',#3493);
#3493 = CARTESIAN_POINT('',(-3.5,3.548233604215,6.226207468639));
#3494 = LINE('',#3495,#3496);
#3495 = CARTESIAN_POINT('',(-3.5,3.548233604215,6.226207468639));
#3496 = VECTOR('',#3497,1.);
#3497 = DIRECTION('',(1.,0.,0.));
#3498 = ORIENTED_EDGE('',*,*,#3499,.F.);
#3499 = EDGE_CURVE('',#3461,#3492,#3500,.T.);
#3500 = LINE('',#3501,#3502);
#3501 = CARTESIAN_POINT('',(-3.5,3.617276000246,6.477095899657));
#3502 = VECTOR('',#3503,1.);
#3503 = DIRECTION('',(0.,-0.265328249334,-0.96415814061));
#3504 = PLANE('',#3505);
#3505 = AXIS2_PLACEMENT_3D('',#3506,#3507,#3508);
#3506 = CARTESIAN_POINT('',(-3.5,3.617276000246,6.477095899657));
#3507 = DIRECTION('',(0.,0.96415814061,-0.265328249334));
#3508 = DIRECTION('',(0.,-0.265328249334,-0.96415814061));
#3509 = ADVANCED_FACE('',(#3510),#3535,.T.);
#3510 = FACE_BOUND('',#3511,.T.);
#3511 = EDGE_LOOP('',(#3512,#3513,#3521,#3529));
#3512 = ORIENTED_EDGE('',*,*,#3491,.T.);
#3513 = ORIENTED_EDGE('',*,*,#3514,.T.);
#3514 = EDGE_CURVE('',#3484,#3515,#3517,.T.);
#3515 = VERTEX_POINT('',#3516);
#3516 = CARTESIAN_POINT('',(3.5,3.459034805965,5.981758227162));
#3517 = LINE('',#3518,#3519);
#3518 = CARTESIAN_POINT('',(3.5,3.548233604215,6.226207468639));
#3519 = VECTOR('',#3520,1.);
#3520 = DIRECTION('',(0.,-0.342788813006,-0.939412491762));
#3521 = ORIENTED_EDGE('',*,*,#3522,.F.);
#3522 = EDGE_CURVE('',#3523,#3515,#3525,.T.);
#3523 = VERTEX_POINT('',#3524);
#3524 = CARTESIAN_POINT('',(-3.5,3.459034805965,5.981758227162));
#3525 = LINE('',#3526,#3527);
#3526 = CARTESIAN_POINT('',(-3.5,3.459034805965,5.981758227162));
#3527 = VECTOR('',#3528,1.);
#3528 = DIRECTION('',(1.,0.,0.));
#3529 = ORIENTED_EDGE('',*,*,#3530,.F.);
#3530 = EDGE_CURVE('',#3492,#3523,#3531,.T.);
#3531 = LINE('',#3532,#3533);
#3532 = CARTESIAN_POINT('',(-3.5,3.548233604215,6.226207468639));
#3533 = VECTOR('',#3534,1.);
#3534 = DIRECTION('',(0.,-0.342788813006,-0.939412491762));
#3535 = PLANE('',#3536);
#3536 = AXIS2_PLACEMENT_3D('',#3537,#3538,#3539);
#3537 = CARTESIAN_POINT('',(-3.5,3.548233604215,6.226207468639));
#3538 = DIRECTION('',(0.,0.939412491762,-0.342788813006));
#3539 = DIRECTION('',(0.,-0.342788813006,-0.939412491762));
#3540 = ADVANCED_FACE('',(#3541),#3566,.T.);
#3541 = FACE_BOUND('',#3542,.T.);
#3542 = EDGE_LOOP('',(#3543,#3544,#3552,#3560));
#3543 = ORIENTED_EDGE('',*,*,#3522,.T.);
#3544 = ORIENTED_EDGE('',*,*,#3545,.T.);
#3545 = EDGE_CURVE('',#3515,#3546,#3548,.T.);
#3546 = VERTEX_POINT('',#3547);
#3547 = CARTESIAN_POINT('',(3.5,3.350269431305,5.745364592426));
#3548 = LINE('',#3549,#3550);
#3549 = CARTESIAN_POINT('',(3.5,3.459034805965,5.981758227162));
#3550 = VECTOR('',#3551,1.);
#3551 = DIRECTION('',(0.,-0.41798269043,-0.908454990905));
#3552 = ORIENTED_EDGE('',*,*,#3553,.F.);
#3553 = EDGE_CURVE('',#3554,#3546,#3556,.T.);
#3554 = VERTEX_POINT('',#3555);
#3555 = CARTESIAN_POINT('',(-3.5,3.350269431305,5.745364592426));
#3556 = LINE('',#3557,#3558);
#3557 = CARTESIAN_POINT('',(-3.5,3.350269431305,5.745364592426));
#3558 = VECTOR('',#3559,1.);
#3559 = DIRECTION('',(1.,0.,0.));
#3560 = ORIENTED_EDGE('',*,*,#3561,.F.);
#3561 = EDGE_CURVE('',#3523,#3554,#3562,.T.);
#3562 = LINE('',#3563,#3564);
#3563 = CARTESIAN_POINT('',(-3.5,3.459034805965,5.981758227162));
#3564 = VECTOR('',#3565,1.);
#3565 = DIRECTION('',(0.,-0.41798269043,-0.908454990905));
#3566 = PLANE('',#3567);
#3567 = AXIS2_PLACEMENT_3D('',#3568,#3569,#3570);
#3568 = CARTESIAN_POINT('',(-3.5,3.459034805965,5.981758227162));
#3569 = DIRECTION('',(0.,0.908454990905,-0.41798269043));
#3570 = DIRECTION('',(0.,-0.41798269043,-0.908454990905));
#3571 = ADVANCED_FACE('',(#3572),#3597,.T.);
#3572 = FACE_BOUND('',#3573,.T.);
#3573 = EDGE_LOOP('',(#3574,#3575,#3583,#3591));
#3574 = ORIENTED_EDGE('',*,*,#3553,.T.);
#3575 = ORIENTED_EDGE('',*,*,#3576,.T.);
#3576 = EDGE_CURVE('',#3546,#3577,#3579,.T.);
#3577 = VERTEX_POINT('',#3578);
#3578 = CARTESIAN_POINT('',(3.5,3.22265668976,5.518589714048));
#3579 = LINE('',#3580,#3581);
#3580 = CARTESIAN_POINT('',(3.5,3.350269431305,5.745364592426));
#3581 = VECTOR('',#3582,1.);
#3582 = DIRECTION('',(0.,-0.49041266314,-0.871490344084));
#3583 = ORIENTED_EDGE('',*,*,#3584,.F.);
#3584 = EDGE_CURVE('',#3585,#3577,#3587,.T.);
#3585 = VERTEX_POINT('',#3586);
#3586 = CARTESIAN_POINT('',(-3.5,3.22265668976,5.518589714048));
#3587 = LINE('',#3588,#3589);
#3588 = CARTESIAN_POINT('',(-3.5,3.22265668976,5.518589714048));
#3589 = VECTOR('',#3590,1.);
#3590 = DIRECTION('',(1.,0.,0.));
#3591 = ORIENTED_EDGE('',*,*,#3592,.F.);
#3592 = EDGE_CURVE('',#3554,#3585,#3593,.T.);
#3593 = LINE('',#3594,#3595);
#3594 = CARTESIAN_POINT('',(-3.5,3.350269431305,5.745364592426));
#3595 = VECTOR('',#3596,1.);
#3596 = DIRECTION('',(0.,-0.49041266314,-0.871490344084));
#3597 = PLANE('',#3598);
#3598 = AXIS2_PLACEMENT_3D('',#3599,#3600,#3601);
#3599 = CARTESIAN_POINT('',(-3.5,3.350269431305,5.745364592426));
#3600 = DIRECTION('',(0.,0.871490344084,-0.49041266314));
#3601 = DIRECTION('',(0.,-0.49041266314,-0.871490344084));
#3602 = ADVANCED_FACE('',(#3603),#3628,.T.);
#3603 = FACE_BOUND('',#3604,.T.);
#3604 = EDGE_LOOP('',(#3605,#3606,#3614,#3622));
#3605 = ORIENTED_EDGE('',*,*,#3584,.T.);
#3606 = ORIENTED_EDGE('',*,*,#3607,.T.);
#3607 = EDGE_CURVE('',#3577,#3608,#3610,.T.);
#3608 = VERTEX_POINT('',#3609);
#3609 = CARTESIAN_POINT('',(3.5,3.077040418804,5.302933137749));
#3610 = LINE('',#3611,#3612);
#3611 = CARTESIAN_POINT('',(3.5,3.22265668976,5.518589714048));
#3612 = VECTOR('',#3613,1.);
#3613 = DIRECTION('',(0.,-0.55959978895,-0.82876297951));
#3614 = ORIENTED_EDGE('',*,*,#3615,.F.);
#3615 = EDGE_CURVE('',#3616,#3608,#3618,.T.);
#3616 = VERTEX_POINT('',#3617);
#3617 = CARTESIAN_POINT('',(-3.5,3.077040418804,5.302933137749));
#3618 = LINE('',#3619,#3620);
#3619 = CARTESIAN_POINT('',(-3.5,3.077040418804,5.302933137749));
#3620 = VECTOR('',#3621,1.);
#3621 = DIRECTION('',(1.,0.,0.));
#3622 = ORIENTED_EDGE('',*,*,#3623,.F.);
#3623 = EDGE_CURVE('',#3585,#3616,#3624,.T.);
#3624 = LINE('',#3625,#3626);
#3625 = CARTESIAN_POINT('',(-3.5,3.22265668976,5.518589714048));
#3626 = VECTOR('',#3627,1.);
#3627 = DIRECTION('',(0.,-0.55959978895,-0.82876297951));
#3628 = PLANE('',#3629);
#3629 = AXIS2_PLACEMENT_3D('',#3630,#3631,#3632);
#3630 = CARTESIAN_POINT('',(-3.5,3.22265668976,5.518589714048));
#3631 = DIRECTION('',(0.,0.82876297951,-0.55959978895));
#3632 = DIRECTION('',(0.,-0.55959978895,-0.82876297951));
#3633 = ADVANCED_FACE('',(#3634),#3659,.T.);
#3634 = FACE_BOUND('',#3635,.T.);
#3635 = EDGE_LOOP('',(#3636,#3637,#3645,#3653));
#3636 = ORIENTED_EDGE('',*,*,#3615,.T.);
#3637 = ORIENTED_EDGE('',*,*,#3638,.T.);
#3638 = EDGE_CURVE('',#3608,#3639,#3641,.T.);
#3639 = VERTEX_POINT('',#3640);
#3640 = CARTESIAN_POINT('',(3.5,2.914383503999,5.099820889634));
#3641 = LINE('',#3642,#3643);
#3642 = CARTESIAN_POINT('',(3.5,3.077040418804,5.302933137749));
#3643 = VECTOR('',#3644,1.);
#3644 = DIRECTION('',(0.,-0.625086568957,-0.780555431286));
#3645 = ORIENTED_EDGE('',*,*,#3646,.F.);
#3646 = EDGE_CURVE('',#3647,#3639,#3649,.T.);
#3647 = VERTEX_POINT('',#3648);
#3648 = CARTESIAN_POINT('',(-3.5,2.914383503999,5.099820889634));
#3649 = LINE('',#3650,#3651);
#3650 = CARTESIAN_POINT('',(-3.5,2.914383503999,5.099820889634));
#3651 = VECTOR('',#3652,1.);
#3652 = DIRECTION('',(1.,0.,0.));
#3653 = ORIENTED_EDGE('',*,*,#3654,.F.);
#3654 = EDGE_CURVE('',#3616,#3647,#3655,.T.);
#3655 = LINE('',#3656,#3657);
#3656 = CARTESIAN_POINT('',(-3.5,3.077040418804,5.302933137749));
#3657 = VECTOR('',#3658,1.);
#3658 = DIRECTION('',(0.,-0.625086568957,-0.780555431286));
#3659 = PLANE('',#3660);
#3660 = AXIS2_PLACEMENT_3D('',#3661,#3662,#3663);
#3661 = CARTESIAN_POINT('',(-3.5,3.077040418804,5.302933137749));
#3662 = DIRECTION('',(0.,0.780555431286,-0.625086568957));
#3663 = DIRECTION('',(0.,-0.625086568957,-0.780555431286));
#3664 = ADVANCED_FACE('',(#3665),#3690,.T.);
#3665 = FACE_BOUND('',#3666,.T.);
#3666 = EDGE_LOOP('',(#3667,#3668,#3676,#3684));
#3667 = ORIENTED_EDGE('',*,*,#3646,.T.);
#3668 = ORIENTED_EDGE('',*,*,#3669,.T.);
#3669 = EDGE_CURVE('',#3639,#3670,#3672,.T.);
#3670 = VERTEX_POINT('',#3671);
#3671 = CARTESIAN_POINT('',(3.5,2.735761511927,4.910596046613));
#3672 = LINE('',#3673,#3674);
#3673 = CARTESIAN_POINT('',(3.5,2.914383503999,5.099820889634));
#3674 = VECTOR('',#3675,1.);
#3675 = DIRECTION('',(0.,-0.686439972738,-0.727186471152));
#3676 = ORIENTED_EDGE('',*,*,#3677,.F.);
#3677 = EDGE_CURVE('',#3678,#3670,#3680,.T.);
#3678 = VERTEX_POINT('',#3679);
#3679 = CARTESIAN_POINT('',(-3.5,2.735761511927,4.910596046613));
#3680 = LINE('',#3681,#3682);
#3681 = CARTESIAN_POINT('',(-3.5,2.735761511927,4.910596046613));
#3682 = VECTOR('',#3683,1.);
#3683 = DIRECTION('',(1.,0.,0.));
#3684 = ORIENTED_EDGE('',*,*,#3685,.F.);
#3685 = EDGE_CURVE('',#3647,#3678,#3686,.T.);
#3686 = LINE('',#3687,#3688);
#3687 = CARTESIAN_POINT('',(-3.5,2.914383503999,5.099820889634));
#3688 = VECTOR('',#3689,1.);
#3689 = DIRECTION('',(0.,-0.686439972738,-0.727186471152));
#3690 = PLANE('',#3691);
#3691 = AXIS2_PLACEMENT_3D('',#3692,#3693,#3694);
#3692 = CARTESIAN_POINT('',(-3.5,2.914383503999,5.099820889634));
#3693 = DIRECTION('',(0.,0.727186471152,-0.686439972738));
#3694 = DIRECTION('',(0.,-0.686439972738,-0.727186471152));
#3695 = ADVANCED_FACE('',(#3696),#3721,.T.);
#3696 = FACE_BOUND('',#3697,.T.);
#3697 = EDGE_LOOP('',(#3698,#3699,#3707,#3715));
#3698 = ORIENTED_EDGE('',*,*,#3677,.T.);
#3699 = ORIENTED_EDGE('',*,*,#3700,.T.);
#3700 = EDGE_CURVE('',#3670,#3701,#3703,.T.);
#3701 = VERTEX_POINT('',#3702);
#3702 = CARTESIAN_POINT('',(3.5,2.542355578021,4.736509855322));
#3703 = LINE('',#3704,#3705);
#3704 = CARTESIAN_POINT('',(3.5,2.735761511927,4.910596046613));
#3705 = VECTOR('',#3706,1.);
#3706 = DIRECTION('',(0.,-0.743254301768,-0.669009000614));
#3707 = ORIENTED_EDGE('',*,*,#3708,.F.);
#3708 = EDGE_CURVE('',#3709,#3701,#3711,.T.);
#3709 = VERTEX_POINT('',#3710);
#3710 = CARTESIAN_POINT('',(-3.5,2.542355578021,4.736509855322));
#3711 = LINE('',#3712,#3713);
#3712 = CARTESIAN_POINT('',(-3.5,2.542355578021,4.736509855322));
#3713 = VECTOR('',#3714,1.);
#3714 = DIRECTION('',(1.,0.,0.));
#3715 = ORIENTED_EDGE('',*,*,#3716,.F.);
#3716 = EDGE_CURVE('',#3678,#3709,#3717,.T.);
#3717 = LINE('',#3718,#3719);
#3718 = CARTESIAN_POINT('',(-3.5,2.735761511927,4.910596046613));
#3719 = VECTOR('',#3720,1.);
#3720 = DIRECTION('',(0.,-0.743254301768,-0.669009000614));
#3721 = PLANE('',#3722);
#3722 = AXIS2_PLACEMENT_3D('',#3723,#3724,#3725);
#3723 = CARTESIAN_POINT('',(-3.5,2.735761511927,4.910596046613));
#3724 = DIRECTION('',(0.,0.669009000614,-0.743254301768));
#3725 = DIRECTION('',(0.,-0.743254301768,-0.669009000614));
#3726 = ADVANCED_FACE('',(#3727),#3752,.T.);
#3727 = FACE_BOUND('',#3728,.T.);
#3728 = EDGE_LOOP('',(#3729,#3730,#3738,#3746));
#3729 = ORIENTED_EDGE('',*,*,#3708,.T.);
#3730 = ORIENTED_EDGE('',*,*,#3731,.T.);
#3731 = EDGE_CURVE('',#3701,#3732,#3734,.T.);
#3732 = VERTEX_POINT('',#3733);
#3733 = CARTESIAN_POINT('',(3.5,2.335444596323,4.578713458275));
#3734 = LINE('',#3735,#3736);
#3735 = CARTESIAN_POINT('',(3.5,2.542355578021,4.736509855322));
#3736 = VECTOR('',#3737,1.);
#3737 = DIRECTION('',(0.,-0.795153872088,-0.606407717385));
#3738 = ORIENTED_EDGE('',*,*,#3739,.F.);
#3739 = EDGE_CURVE('',#3740,#3732,#3742,.T.);
#3740 = VERTEX_POINT('',#3741);
#3741 = CARTESIAN_POINT('',(-3.5,2.335444596323,4.578713458275));
#3742 = LINE('',#3743,#3744);
#3743 = CARTESIAN_POINT('',(-3.5,2.335444596323,4.578713458275));
#3744 = VECTOR('',#3745,1.);
#3745 = DIRECTION('',(1.,0.,0.));
#3746 = ORIENTED_EDGE('',*,*,#3747,.F.);
#3747 = EDGE_CURVE('',#3709,#3740,#3748,.T.);
#3748 = LINE('',#3749,#3750);
#3749 = CARTESIAN_POINT('',(-3.5,2.542355578021,4.736509855322));
#3750 = VECTOR('',#3751,1.);
#3751 = DIRECTION('',(0.,-0.795153872088,-0.606407717385));
#3752 = PLANE('',#3753);
#3753 = AXIS2_PLACEMENT_3D('',#3754,#3755,#3756);
#3754 = CARTESIAN_POINT('',(-3.5,2.542355578021,4.736509855322));
#3755 = DIRECTION('',(0.,0.606407717385,-0.795153872088));
#3756 = DIRECTION('',(0.,-0.795153872088,-0.606407717385));
#3757 = ADVANCED_FACE('',(#3758),#3783,.T.);
#3758 = FACE_BOUND('',#3759,.T.);
#3759 = EDGE_LOOP('',(#3760,#3761,#3769,#3777));
#3760 = ORIENTED_EDGE('',*,*,#3739,.T.);
#3761 = ORIENTED_EDGE('',*,*,#3762,.T.);
#3762 = EDGE_CURVE('',#3732,#3763,#3765,.T.);
#3763 = VERTEX_POINT('',#3764);
#3764 = CARTESIAN_POINT('',(3.5,3.,2.8));
#3765 = LINE('',#3766,#3767);
#3766 = CARTESIAN_POINT('',(3.5,2.335444596323,4.578713458275));
#3767 = VECTOR('',#3768,1.);
#3768 = DIRECTION('',(0.,0.34998636634,-0.936754793623));
#3769 = ORIENTED_EDGE('',*,*,#3770,.F.);
#3770 = EDGE_CURVE('',#3771,#3763,#3773,.T.);
#3771 = VERTEX_POINT('',#3772);
#3772 = CARTESIAN_POINT('',(-3.5,3.,2.8));
#3773 = LINE('',#3774,#3775);
#3774 = CARTESIAN_POINT('',(-3.5,3.,2.8));
#3775 = VECTOR('',#3776,1.);
#3776 = DIRECTION('',(1.,0.,0.));
#3777 = ORIENTED_EDGE('',*,*,#3778,.F.);
#3778 = EDGE_CURVE('',#3740,#3771,#3779,.T.);
#3779 = LINE('',#3780,#3781);
#3780 = CARTESIAN_POINT('',(-3.5,2.335444596323,4.578713458275));
#3781 = VECTOR('',#3782,1.);
#3782 = DIRECTION('',(0.,0.34998636634,-0.936754793623));
#3783 = PLANE('',#3784);
#3784 = AXIS2_PLACEMENT_3D('',#3785,#3786,#3787);
#3785 = CARTESIAN_POINT('',(-3.5,2.335444596323,4.578713458275));
#3786 = DIRECTION('',(-0.,0.936754793623,0.34998636634));
#3787 = DIRECTION('',(0.,0.34998636634,-0.936754793623));
#3788 = ADVANCED_FACE('',(#3789),#3814,.T.);
#3789 = FACE_BOUND('',#3790,.T.);
#3790 = EDGE_LOOP('',(#3791,#3792,#3800,#3808));
#3791 = ORIENTED_EDGE('',*,*,#3770,.T.);
#3792 = ORIENTED_EDGE('',*,*,#3793,.T.);
#3793 = EDGE_CURVE('',#3763,#3794,#3796,.T.);
#3794 = VERTEX_POINT('',#3795);
#3795 = CARTESIAN_POINT('',(3.5,3.95,1.25));
#3796 = LINE('',#3797,#3798);
#3797 = CARTESIAN_POINT('',(3.5,3.,2.8));
#3798 = VECTOR('',#3799,1.);
#3799 = DIRECTION('',(0.,0.522562057929,-0.852601252411));
#3800 = ORIENTED_EDGE('',*,*,#3801,.F.);
#3801 = EDGE_CURVE('',#3802,#3794,#3804,.T.);
#3802 = VERTEX_POINT('',#3803);
#3803 = CARTESIAN_POINT('',(-3.5,3.95,1.25));
#3804 = LINE('',#3805,#3806);
#3805 = CARTESIAN_POINT('',(-3.5,3.95,1.25));
#3806 = VECTOR('',#3807,1.);
#3807 = DIRECTION('',(1.,0.,0.));
#3808 = ORIENTED_EDGE('',*,*,#3809,.F.);
#3809 = EDGE_CURVE('',#3771,#3802,#3810,.T.);
#3810 = LINE('',#3811,#3812);
#3811 = CARTESIAN_POINT('',(-3.5,3.,2.8));
#3812 = VECTOR('',#3813,1.);
#3813 = DIRECTION('',(0.,0.522562057929,-0.852601252411));
#3814 = PLANE('',#3815);
#3815 = AXIS2_PLACEMENT_3D('',#3816,#3817,#3818);
#3816 = CARTESIAN_POINT('',(-3.5,3.,2.8));
#3817 = DIRECTION('',(-0.,0.852601252411,0.522562057929));
#3818 = DIRECTION('',(0.,0.522562057929,-0.852601252411));
#3819 = ADVANCED_FACE('',(#3820),#3903,.T.);
#3820 = FACE_BOUND('',#3821,.T.);
#3821 = EDGE_LOOP('',(#3822,#3823,#3824,#3832,#3840,#3846,#3847,#3848,
    #3849,#3850,#3851,#3852,#3853,#3854,#3855,#3856,#3857,#3858,#3859,
    #3860,#3861,#3862,#3863,#3864,#3865,#3866,#3867,#3868,#3869,#3870,
    #3871,#3872,#3873,#3874,#3875,#3876,#3877,#3878,#3879,#3880,#3881,
    #3882,#3883,#3884,#3885,#3886,#3887,#3888,#3889,#3890,#3891,#3892,
    #3893,#3894,#3895,#3896,#3897,#3898,#3899,#3900,#3901,#3902));
#3822 = ORIENTED_EDGE('',*,*,#158,.F.);
#3823 = ORIENTED_EDGE('',*,*,#1939,.T.);
#3824 = ORIENTED_EDGE('',*,*,#3825,.F.);
#3825 = EDGE_CURVE('',#3826,#1940,#3828,.T.);
#3826 = VERTEX_POINT('',#3827);
#3827 = CARTESIAN_POINT('',(-3.5,-0.75,0.));
#3828 = LINE('',#3829,#3830);
#3829 = CARTESIAN_POINT('',(-3.5,-0.75,0.));
#3830 = VECTOR('',#3831,1.);
#3831 = DIRECTION('',(0.,0.,1.));
#3832 = ORIENTED_EDGE('',*,*,#3833,.F.);
#3833 = EDGE_CURVE('',#3834,#3826,#3836,.T.);
#3834 = VERTEX_POINT('',#3835);
#3835 = CARTESIAN_POINT('',(-3.5,-3.95,0.));
#3836 = LINE('',#3837,#3838);
#3837 = CARTESIAN_POINT('',(-3.5,-3.95,0.));
#3838 = VECTOR('',#3839,1.);
#3839 = DIRECTION('',(-0.,1.,0.));
#3840 = ORIENTED_EDGE('',*,*,#3841,.T.);
#3841 = EDGE_CURVE('',#3834,#1918,#3842,.T.);
#3842 = LINE('',#3843,#3844);
#3843 = CARTESIAN_POINT('',(-3.5,-3.95,0.));
#3844 = VECTOR('',#3845,1.);
#3845 = DIRECTION('',(0.,0.,1.));
#3846 = ORIENTED_EDGE('',*,*,#1925,.F.);
#3847 = ORIENTED_EDGE('',*,*,#1894,.F.);
#3848 = ORIENTED_EDGE('',*,*,#1863,.F.);
#3849 = ORIENTED_EDGE('',*,*,#1832,.F.);
#3850 = ORIENTED_EDGE('',*,*,#1801,.F.);
#3851 = ORIENTED_EDGE('',*,*,#1770,.F.);
#3852 = ORIENTED_EDGE('',*,*,#1739,.F.);
#3853 = ORIENTED_EDGE('',*,*,#1708,.F.);
#3854 = ORIENTED_EDGE('',*,*,#1677,.F.);
#3855 = ORIENTED_EDGE('',*,*,#1646,.F.);
#3856 = ORIENTED_EDGE('',*,*,#1615,.F.);
#3857 = ORIENTED_EDGE('',*,*,#1584,.F.);
#3858 = ORIENTED_EDGE('',*,*,#1553,.F.);
#3859 = ORIENTED_EDGE('',*,*,#1522,.F.);
#3860 = ORIENTED_EDGE('',*,*,#1491,.F.);
#3861 = ORIENTED_EDGE('',*,*,#1460,.F.);
#3862 = ORIENTED_EDGE('',*,*,#1429,.F.);
#3863 = ORIENTED_EDGE('',*,*,#1398,.F.);
#3864 = ORIENTED_EDGE('',*,*,#1367,.F.);
#3865 = ORIENTED_EDGE('',*,*,#1336,.F.);
#3866 = ORIENTED_EDGE('',*,*,#1305,.F.);
#3867 = ORIENTED_EDGE('',*,*,#1274,.F.);
#3868 = ORIENTED_EDGE('',*,*,#1243,.F.);
#3869 = ORIENTED_EDGE('',*,*,#1212,.F.);
#3870 = ORIENTED_EDGE('',*,*,#1181,.F.);
#3871 = ORIENTED_EDGE('',*,*,#1150,.F.);
#3872 = ORIENTED_EDGE('',*,*,#1119,.F.);
#3873 = ORIENTED_EDGE('',*,*,#1088,.F.);
#3874 = ORIENTED_EDGE('',*,*,#1057,.F.);
#3875 = ORIENTED_EDGE('',*,*,#1026,.F.);
#3876 = ORIENTED_EDGE('',*,*,#995,.F.);
#3877 = ORIENTED_EDGE('',*,*,#964,.F.);
#3878 = ORIENTED_EDGE('',*,*,#933,.F.);
#3879 = ORIENTED_EDGE('',*,*,#902,.F.);
#3880 = ORIENTED_EDGE('',*,*,#871,.F.);
#3881 = ORIENTED_EDGE('',*,*,#840,.F.);
#3882 = ORIENTED_EDGE('',*,*,#809,.F.);
#3883 = ORIENTED_EDGE('',*,*,#778,.F.);
#3884 = ORIENTED_EDGE('',*,*,#747,.F.);
#3885 = ORIENTED_EDGE('',*,*,#716,.F.);
#3886 = ORIENTED_EDGE('',*,*,#685,.F.);
#3887 = ORIENTED_EDGE('',*,*,#654,.F.);
#3888 = ORIENTED_EDGE('',*,*,#623,.F.);
#3889 = ORIENTED_EDGE('',*,*,#592,.F.);
#3890 = ORIENTED_EDGE('',*,*,#561,.F.);
#3891 = ORIENTED_EDGE('',*,*,#530,.F.);
#3892 = ORIENTED_EDGE('',*,*,#499,.F.);
#3893 = ORIENTED_EDGE('',*,*,#468,.F.);
#3894 = ORIENTED_EDGE('',*,*,#437,.F.);
#3895 = ORIENTED_EDGE('',*,*,#406,.F.);
#3896 = ORIENTED_EDGE('',*,*,#375,.F.);
#3897 = ORIENTED_EDGE('',*,*,#344,.F.);
#3898 = ORIENTED_EDGE('',*,*,#313,.F.);
#3899 = ORIENTED_EDGE('',*,*,#282,.F.);
#3900 = ORIENTED_EDGE('',*,*,#251,.F.);
#3901 = ORIENTED_EDGE('',*,*,#220,.F.);
#3902 = ORIENTED_EDGE('',*,*,#189,.F.);
#3903 = PLANE('',#3904);
#3904 = AXIS2_PLACEMENT_3D('',#3905,#3906,#3907);
#3905 = CARTESIAN_POINT('',(-3.5,-2.73791725156,4.647310481977));
#3906 = DIRECTION('',(-1.,-0.,-0.));
#3907 = DIRECTION('',(0.,0.,-1.));
#3908 = ADVANCED_FACE('',(#3909),#3992,.T.);
#3909 = FACE_BOUND('',#3910,.T.);
#3910 = EDGE_LOOP('',(#3911,#3919,#3920,#3921,#3922,#3923,#3924,#3925,
    #3926,#3927,#3928,#3929,#3930,#3931,#3932,#3933,#3934,#3935,#3936,
    #3937,#3938,#3939,#3940,#3941,#3942,#3943,#3944,#3945,#3946,#3947,
    #3948,#3949,#3950,#3951,#3952,#3953,#3954,#3955,#3956,#3957,#3958,
    #3959,#3960,#3961,#3962,#3963,#3964,#3965,#3966,#3967,#3968,#3969,
    #3970,#3971,#3972,#3973,#3974,#3975,#3976,#3977,#3978,#3986));
#3911 = ORIENTED_EDGE('',*,*,#3912,.T.);
#3912 = EDGE_CURVE('',#3913,#1988,#3915,.T.);
#3913 = VERTEX_POINT('',#3914);
#3914 = CARTESIAN_POINT('',(-3.5,0.75,0.));
#3915 = LINE('',#3916,#3917);
#3916 = CARTESIAN_POINT('',(-3.5,0.75,0.));
#3917 = VECTOR('',#3918,1.);
#3918 = DIRECTION('',(0.,0.,1.));
#3919 = ORIENTED_EDGE('',*,*,#1987,.T.);
#3920 = ORIENTED_EDGE('',*,*,#2042,.T.);
#3921 = ORIENTED_EDGE('',*,*,#2073,.T.);
#3922 = ORIENTED_EDGE('',*,*,#2104,.T.);
#3923 = ORIENTED_EDGE('',*,*,#2135,.T.);
#3924 = ORIENTED_EDGE('',*,*,#2166,.T.);
#3925 = ORIENTED_EDGE('',*,*,#2197,.T.);
#3926 = ORIENTED_EDGE('',*,*,#2228,.T.);
#3927 = ORIENTED_EDGE('',*,*,#2259,.T.);
#3928 = ORIENTED_EDGE('',*,*,#2290,.T.);
#3929 = ORIENTED_EDGE('',*,*,#2321,.T.);
#3930 = ORIENTED_EDGE('',*,*,#2352,.T.);
#3931 = ORIENTED_EDGE('',*,*,#2383,.T.);
#3932 = ORIENTED_EDGE('',*,*,#2414,.T.);
#3933 = ORIENTED_EDGE('',*,*,#2445,.T.);
#3934 = ORIENTED_EDGE('',*,*,#2476,.T.);
#3935 = ORIENTED_EDGE('',*,*,#2507,.T.);
#3936 = ORIENTED_EDGE('',*,*,#2538,.T.);
#3937 = ORIENTED_EDGE('',*,*,#2569,.T.);
#3938 = ORIENTED_EDGE('',*,*,#2600,.T.);
#3939 = ORIENTED_EDGE('',*,*,#2631,.T.);
#3940 = ORIENTED_EDGE('',*,*,#2662,.T.);
#3941 = ORIENTED_EDGE('',*,*,#2693,.T.);
#3942 = ORIENTED_EDGE('',*,*,#2724,.T.);
#3943 = ORIENTED_EDGE('',*,*,#2755,.T.);
#3944 = ORIENTED_EDGE('',*,*,#2786,.T.);
#3945 = ORIENTED_EDGE('',*,*,#2817,.T.);
#3946 = ORIENTED_EDGE('',*,*,#2848,.T.);
#3947 = ORIENTED_EDGE('',*,*,#2879,.T.);
#3948 = ORIENTED_EDGE('',*,*,#2910,.T.);
#3949 = ORIENTED_EDGE('',*,*,#2941,.T.);
#3950 = ORIENTED_EDGE('',*,*,#2972,.T.);
#3951 = ORIENTED_EDGE('',*,*,#3003,.T.);
#3952 = ORIENTED_EDGE('',*,*,#3034,.T.);
#3953 = ORIENTED_EDGE('',*,*,#3065,.T.);
#3954 = ORIENTED_EDGE('',*,*,#3096,.T.);
#3955 = ORIENTED_EDGE('',*,*,#3127,.T.);
#3956 = ORIENTED_EDGE('',*,*,#3158,.T.);
#3957 = ORIENTED_EDGE('',*,*,#3189,.T.);
#3958 = ORIENTED_EDGE('',*,*,#3220,.T.);
#3959 = ORIENTED_EDGE('',*,*,#3251,.T.);
#3960 = ORIENTED_EDGE('',*,*,#3282,.T.);
#3961 = ORIENTED_EDGE('',*,*,#3313,.T.);
#3962 = ORIENTED_EDGE('',*,*,#3344,.T.);
#3963 = ORIENTED_EDGE('',*,*,#3375,.T.);
#3964 = ORIENTED_EDGE('',*,*,#3406,.T.);
#3965 = ORIENTED_EDGE('',*,*,#3437,.T.);
#3966 = ORIENTED_EDGE('',*,*,#3468,.T.);
#3967 = ORIENTED_EDGE('',*,*,#3499,.T.);
#3968 = ORIENTED_EDGE('',*,*,#3530,.T.);
#3969 = ORIENTED_EDGE('',*,*,#3561,.T.);
#3970 = ORIENTED_EDGE('',*,*,#3592,.T.);
#3971 = ORIENTED_EDGE('',*,*,#3623,.T.);
#3972 = ORIENTED_EDGE('',*,*,#3654,.T.);
#3973 = ORIENTED_EDGE('',*,*,#3685,.T.);
#3974 = ORIENTED_EDGE('',*,*,#3716,.T.);
#3975 = ORIENTED_EDGE('',*,*,#3747,.T.);
#3976 = ORIENTED_EDGE('',*,*,#3778,.T.);
#3977 = ORIENTED_EDGE('',*,*,#3809,.T.);
#3978 = ORIENTED_EDGE('',*,*,#3979,.T.);
#3979 = EDGE_CURVE('',#3802,#3980,#3982,.T.);
#3980 = VERTEX_POINT('',#3981);
#3981 = CARTESIAN_POINT('',(-3.5,3.95,0.));
#3982 = LINE('',#3983,#3984);
#3983 = CARTESIAN_POINT('',(-3.5,3.95,1.25));
#3984 = VECTOR('',#3985,1.);
#3985 = DIRECTION('',(0.,0.,-1.));
#3986 = ORIENTED_EDGE('',*,*,#3987,.F.);
#3987 = EDGE_CURVE('',#3913,#3980,#3988,.T.);
#3988 = LINE('',#3989,#3990);
#3989 = CARTESIAN_POINT('',(-3.5,-3.95,0.));
#3990 = VECTOR('',#3991,1.);
#3991 = DIRECTION('',(-0.,1.,0.));
#3992 = PLANE('',#3993);
#3993 = AXIS2_PLACEMENT_3D('',#3994,#3995,#3996);
#3994 = CARTESIAN_POINT('',(-3.5,2.73791725156,4.647310481977));
#3995 = DIRECTION('',(-1.,-0.,-0.));
#3996 = DIRECTION('',(0.,0.,-1.));
#3997 = ADVANCED_FACE('',(#3998),#4074,.T.);
#3998 = FACE_BOUND('',#3999,.T.);
#3999 = EDGE_LOOP('',(#4000,#4001,#4002,#4003,#4004,#4005,#4006,#4007,
    #4008,#4009,#4010,#4011,#4012,#4013,#4014,#4015,#4016,#4017,#4018,
    #4019,#4020,#4021,#4022,#4023,#4024,#4025,#4026,#4027,#4028,#4029,
    #4030,#4031,#4032,#4033,#4034,#4035,#4036,#4037,#4038,#4039,#4040,
    #4041,#4042,#4043,#4044,#4045,#4046,#4047,#4048,#4049,#4050,#4051,
    #4052,#4053,#4054,#4055,#4056,#4057,#4058,#4066,#4072,#4073));
#4000 = ORIENTED_EDGE('',*,*,#142,.T.);
#4001 = ORIENTED_EDGE('',*,*,#173,.T.);
#4002 = ORIENTED_EDGE('',*,*,#204,.T.);
#4003 = ORIENTED_EDGE('',*,*,#235,.T.);
#4004 = ORIENTED_EDGE('',*,*,#266,.T.);
#4005 = ORIENTED_EDGE('',*,*,#297,.T.);
#4006 = ORIENTED_EDGE('',*,*,#328,.T.);
#4007 = ORIENTED_EDGE('',*,*,#359,.T.);
#4008 = ORIENTED_EDGE('',*,*,#390,.T.);
#4009 = ORIENTED_EDGE('',*,*,#421,.T.);
#4010 = ORIENTED_EDGE('',*,*,#452,.T.);
#4011 = ORIENTED_EDGE('',*,*,#483,.T.);
#4012 = ORIENTED_EDGE('',*,*,#514,.T.);
#4013 = ORIENTED_EDGE('',*,*,#545,.T.);
#4014 = ORIENTED_EDGE('',*,*,#576,.T.);
#4015 = ORIENTED_EDGE('',*,*,#607,.T.);
#4016 = ORIENTED_EDGE('',*,*,#638,.T.);
#4017 = ORIENTED_EDGE('',*,*,#669,.T.);
#4018 = ORIENTED_EDGE('',*,*,#700,.T.);
#4019 = ORIENTED_EDGE('',*,*,#731,.T.);
#4020 = ORIENTED_EDGE('',*,*,#762,.T.);
#4021 = ORIENTED_EDGE('',*,*,#793,.T.);
#4022 = ORIENTED_EDGE('',*,*,#824,.T.);
#4023 = ORIENTED_EDGE('',*,*,#855,.T.);
#4024 = ORIENTED_EDGE('',*,*,#886,.T.);
#4025 = ORIENTED_EDGE('',*,*,#917,.T.);
#4026 = ORIENTED_EDGE('',*,*,#948,.T.);
#4027 = ORIENTED_EDGE('',*,*,#979,.T.);
#4028 = ORIENTED_EDGE('',*,*,#1010,.T.);
#4029 = ORIENTED_EDGE('',*,*,#1041,.T.);
#4030 = ORIENTED_EDGE('',*,*,#1072,.T.);
#4031 = ORIENTED_EDGE('',*,*,#1103,.T.);
#4032 = ORIENTED_EDGE('',*,*,#1134,.T.);
#4033 = ORIENTED_EDGE('',*,*,#1165,.T.);
#4034 = ORIENTED_EDGE('',*,*,#1196,.T.);
#4035 = ORIENTED_EDGE('',*,*,#1227,.T.);
#4036 = ORIENTED_EDGE('',*,*,#1258,.T.);
#4037 = ORIENTED_EDGE('',*,*,#1289,.T.);
#4038 = ORIENTED_EDGE('',*,*,#1320,.T.);
#4039 = ORIENTED_EDGE('',*,*,#1351,.T.);
#4040 = ORIENTED_EDGE('',*,*,#1382,.T.);
#4041 = ORIENTED_EDGE('',*,*,#1413,.T.);
#4042 = ORIENTED_EDGE('',*,*,#1444,.T.);
#4043 = ORIENTED_EDGE('',*,*,#1475,.T.);
#4044 = ORIENTED_EDGE('',*,*,#1506,.T.);
#4045 = ORIENTED_EDGE('',*,*,#1537,.T.);
#4046 = ORIENTED_EDGE('',*,*,#1568,.T.);
#4047 = ORIENTED_EDGE('',*,*,#1599,.T.);
#4048 = ORIENTED_EDGE('',*,*,#1630,.T.);
#4049 = ORIENTED_EDGE('',*,*,#1661,.T.);
#4050 = ORIENTED_EDGE('',*,*,#1692,.T.);
#4051 = ORIENTED_EDGE('',*,*,#1723,.T.);
#4052 = ORIENTED_EDGE('',*,*,#1754,.T.);
#4053 = ORIENTED_EDGE('',*,*,#1785,.T.);
#4054 = ORIENTED_EDGE('',*,*,#1816,.T.);
#4055 = ORIENTED_EDGE('',*,*,#1847,.T.);
#4056 = ORIENTED_EDGE('',*,*,#1878,.T.);
#4057 = ORIENTED_EDGE('',*,*,#1909,.T.);
#4058 = ORIENTED_EDGE('',*,*,#4059,.T.);
#4059 = EDGE_CURVE('',#1910,#4060,#4062,.T.);
#4060 = VERTEX_POINT('',#4061);
#4061 = CARTESIAN_POINT('',(3.5,-3.95,0.));
#4062 = LINE('',#4063,#4064);
#4063 = CARTESIAN_POINT('',(3.5,-3.95,1.25));
#4064 = VECTOR('',#4065,1.);
#4065 = DIRECTION('',(0.,0.,-1.));
#4066 = ORIENTED_EDGE('',*,*,#4067,.T.);
#4067 = EDGE_CURVE('',#4060,#93,#4068,.T.);
#4068 = LINE('',#4069,#4070);
#4069 = CARTESIAN_POINT('',(3.5,-3.95,0.));
#4070 = VECTOR('',#4071,1.);
#4071 = DIRECTION('',(-0.,1.,0.));
#4072 = ORIENTED_EDGE('',*,*,#118,.T.);
#4073 = ORIENTED_EDGE('',*,*,#1948,.F.);
#4074 = PLANE('',#4075);
#4075 = AXIS2_PLACEMENT_3D('',#4076,#4077,#4078);
#4076 = CARTESIAN_POINT('',(3.5,-2.73791725156,4.647310481977));
#4077 = DIRECTION('',(1.,0.,0.));
#4078 = DIRECTION('',(-0.,0.,1.));
#4079 = ADVANCED_FACE('',(#4080),#4163,.T.);
#4080 = FACE_BOUND('',#4081,.T.);
#4081 = EDGE_LOOP('',(#4082,#4090,#4098,#4104,#4105,#4106,#4107,#4108,
    #4109,#4110,#4111,#4112,#4113,#4114,#4115,#4116,#4117,#4118,#4119,
    #4120,#4121,#4122,#4123,#4124,#4125,#4126,#4127,#4128,#4129,#4130,
    #4131,#4132,#4133,#4134,#4135,#4136,#4137,#4138,#4139,#4140,#4141,
    #4142,#4143,#4144,#4145,#4146,#4147,#4148,#4149,#4150,#4151,#4152,
    #4153,#4154,#4155,#4156,#4157,#4158,#4159,#4160,#4161,#4162));
#4082 = ORIENTED_EDGE('',*,*,#4083,.F.);
#4083 = EDGE_CURVE('',#4084,#1964,#4086,.T.);
#4084 = VERTEX_POINT('',#4085);
#4085 = CARTESIAN_POINT('',(3.5,0.75,0.));
#4086 = LINE('',#4087,#4088);
#4087 = CARTESIAN_POINT('',(3.5,0.75,0.));
#4088 = VECTOR('',#4089,1.);
#4089 = DIRECTION('',(0.,0.,1.));
#4090 = ORIENTED_EDGE('',*,*,#4091,.T.);
#4091 = EDGE_CURVE('',#4084,#4092,#4094,.T.);
#4092 = VERTEX_POINT('',#4093);
#4093 = CARTESIAN_POINT('',(3.5,3.95,0.));
#4094 = LINE('',#4095,#4096);
#4095 = CARTESIAN_POINT('',(3.5,-3.95,0.));
#4096 = VECTOR('',#4097,1.);
#4097 = DIRECTION('',(-0.,1.,0.));
#4098 = ORIENTED_EDGE('',*,*,#4099,.T.);
#4099 = EDGE_CURVE('',#4092,#3794,#4100,.T.);
#4100 = LINE('',#4101,#4102);
#4101 = CARTESIAN_POINT('',(3.5,3.95,0.));
#4102 = VECTOR('',#4103,1.);
#4103 = DIRECTION('',(0.,0.,1.));
#4104 = ORIENTED_EDGE('',*,*,#3793,.F.);
#4105 = ORIENTED_EDGE('',*,*,#3762,.F.);
#4106 = ORIENTED_EDGE('',*,*,#3731,.F.);
#4107 = ORIENTED_EDGE('',*,*,#3700,.F.);
#4108 = ORIENTED_EDGE('',*,*,#3669,.F.);
#4109 = ORIENTED_EDGE('',*,*,#3638,.F.);
#4110 = ORIENTED_EDGE('',*,*,#3607,.F.);
#4111 = ORIENTED_EDGE('',*,*,#3576,.F.);
#4112 = ORIENTED_EDGE('',*,*,#3545,.F.);
#4113 = ORIENTED_EDGE('',*,*,#3514,.F.);
#4114 = ORIENTED_EDGE('',*,*,#3483,.F.);
#4115 = ORIENTED_EDGE('',*,*,#3452,.F.);
#4116 = ORIENTED_EDGE('',*,*,#3421,.F.);
#4117 = ORIENTED_EDGE('',*,*,#3390,.F.);
#4118 = ORIENTED_EDGE('',*,*,#3359,.F.);
#4119 = ORIENTED_EDGE('',*,*,#3328,.F.);
#4120 = ORIENTED_EDGE('',*,*,#3297,.F.);
#4121 = ORIENTED_EDGE('',*,*,#3266,.F.);
#4122 = ORIENTED_EDGE('',*,*,#3235,.F.);
#4123 = ORIENTED_EDGE('',*,*,#3204,.F.);
#4124 = ORIENTED_EDGE('',*,*,#3173,.F.);
#4125 = ORIENTED_EDGE('',*,*,#3142,.F.);
#4126 = ORIENTED_EDGE('',*,*,#3111,.F.);
#4127 = ORIENTED_EDGE('',*,*,#3080,.F.);
#4128 = ORIENTED_EDGE('',*,*,#3049,.F.);
#4129 = ORIENTED_EDGE('',*,*,#3018,.F.);
#4130 = ORIENTED_EDGE('',*,*,#2987,.F.);
#4131 = ORIENTED_EDGE('',*,*,#2956,.F.);
#4132 = ORIENTED_EDGE('',*,*,#2925,.F.);
#4133 = ORIENTED_EDGE('',*,*,#2894,.F.);
#4134 = ORIENTED_EDGE('',*,*,#2863,.F.);
#4135 = ORIENTED_EDGE('',*,*,#2832,.F.);
#4136 = ORIENTED_EDGE('',*,*,#2801,.F.);
#4137 = ORIENTED_EDGE('',*,*,#2770,.F.);
#4138 = ORIENTED_EDGE('',*,*,#2739,.F.);
#4139 = ORIENTED_EDGE('',*,*,#2708,.F.);
#4140 = ORIENTED_EDGE('',*,*,#2677,.F.);
#4141 = ORIENTED_EDGE('',*,*,#2646,.F.);
#4142 = ORIENTED_EDGE('',*,*,#2615,.F.);
#4143 = ORIENTED_EDGE('',*,*,#2584,.F.);
#4144 = ORIENTED_EDGE('',*,*,#2553,.F.);
#4145 = ORIENTED_EDGE('',*,*,#2522,.F.);
#4146 = ORIENTED_EDGE('',*,*,#2491,.F.);
#4147 = ORIENTED_EDGE('',*,*,#2460,.F.);
#4148 = ORIENTED_EDGE('',*,*,#2429,.F.);
#4149 = ORIENTED_EDGE('',*,*,#2398,.F.);
#4150 = ORIENTED_EDGE('',*,*,#2367,.F.);
#4151 = ORIENTED_EDGE('',*,*,#2336,.F.);
#4152 = ORIENTED_EDGE('',*,*,#2305,.F.);
#4153 = ORIENTED_EDGE('',*,*,#2274,.F.);
#4154 = ORIENTED_EDGE('',*,*,#2243,.F.);
#4155 = ORIENTED_EDGE('',*,*,#2212,.F.);
#4156 = ORIENTED_EDGE('',*,*,#2181,.F.);
#4157 = ORIENTED_EDGE('',*,*,#2150,.F.);
#4158 = ORIENTED_EDGE('',*,*,#2119,.F.);
#4159 = ORIENTED_EDGE('',*,*,#2088,.F.);
#4160 = ORIENTED_EDGE('',*,*,#2057,.F.);
#4161 = ORIENTED_EDGE('',*,*,#2026,.F.);
#4162 = ORIENTED_EDGE('',*,*,#1971,.F.);
#4163 = PLANE('',#4164);
#4164 = AXIS2_PLACEMENT_3D('',#4165,#4166,#4167);
#4165 = CARTESIAN_POINT('',(3.5,2.73791725156,4.647310481977));
#4166 = DIRECTION('',(1.,0.,0.));
#4167 = DIRECTION('',(-0.,0.,1.));
#4168 = ADVANCED_FACE('',(#4169),#4180,.T.);
#4169 = FACE_BOUND('',#4170,.T.);
#4170 = EDGE_LOOP('',(#4171,#4172,#4173,#4179));
#4171 = ORIENTED_EDGE('',*,*,#1917,.F.);
#4172 = ORIENTED_EDGE('',*,*,#3841,.F.);
#4173 = ORIENTED_EDGE('',*,*,#4174,.T.);
#4174 = EDGE_CURVE('',#3834,#4060,#4175,.T.);
#4175 = LINE('',#4176,#4177);
#4176 = CARTESIAN_POINT('',(-3.5,-3.95,0.));
#4177 = VECTOR('',#4178,1.);
#4178 = DIRECTION('',(1.,0.,-0.));
#4179 = ORIENTED_EDGE('',*,*,#4059,.F.);
#4180 = PLANE('',#4181);
#4181 = AXIS2_PLACEMENT_3D('',#4182,#4183,#4184);
#4182 = CARTESIAN_POINT('',(0.,-3.95,0.625));
#4183 = DIRECTION('',(-0.,-1.,-0.));
#4184 = DIRECTION('',(0.,0.,-1.));
#4185 = ADVANCED_FACE('',(#4186),#4220,.T.);
#4186 = FACE_BOUND('',#4187,.T.);
#4187 = EDGE_LOOP('',(#4188,#4196,#4197,#4198,#4206,#4214));
#4188 = ORIENTED_EDGE('',*,*,#4189,.T.);
#4189 = EDGE_CURVE('',#4190,#3826,#4192,.T.);
#4190 = VERTEX_POINT('',#4191);
#4191 = CARTESIAN_POINT('',(-3.55,-0.75,0.));
#4192 = LINE('',#4193,#4194);
#4193 = CARTESIAN_POINT('',(-4.05,-0.75,0.));
#4194 = VECTOR('',#4195,1.);
#4195 = DIRECTION('',(1.,0.,-0.));
#4196 = ORIENTED_EDGE('',*,*,#3825,.T.);
#4197 = ORIENTED_EDGE('',*,*,#2011,.F.);
#4198 = ORIENTED_EDGE('',*,*,#4199,.F.);
#4199 = EDGE_CURVE('',#4200,#2004,#4202,.T.);
#4200 = VERTEX_POINT('',#4201);
#4201 = CARTESIAN_POINT('',(-4.05,-0.75,-3.6));
#4202 = LINE('',#4203,#4204);
#4203 = CARTESIAN_POINT('',(-4.05,-0.75,-3.6));
#4204 = VECTOR('',#4205,1.);
#4205 = DIRECTION('',(0.,0.,1.));
#4206 = ORIENTED_EDGE('',*,*,#4207,.T.);
#4207 = EDGE_CURVE('',#4200,#4208,#4210,.T.);
#4208 = VERTEX_POINT('',#4209);
#4209 = CARTESIAN_POINT('',(-3.55,-0.75,-3.6));
#4210 = LINE('',#4211,#4212);
#4211 = CARTESIAN_POINT('',(-4.05,-0.75,-3.6));
#4212 = VECTOR('',#4213,1.);
#4213 = DIRECTION('',(1.,0.,-0.));
#4214 = ORIENTED_EDGE('',*,*,#4215,.T.);
#4215 = EDGE_CURVE('',#4208,#4190,#4216,.T.);
#4216 = LINE('',#4217,#4218);
#4217 = CARTESIAN_POINT('',(-3.55,-0.75,-3.6));
#4218 = VECTOR('',#4219,1.);
#4219 = DIRECTION('',(0.,0.,1.));
#4220 = PLANE('',#4221);
#4221 = AXIS2_PLACEMENT_3D('',#4222,#4223,#4224);
#4222 = CARTESIAN_POINT('',(-3.79435483871,-0.75,-1.53064516129));
#4223 = DIRECTION('',(-0.,-1.,-0.));
#4224 = DIRECTION('',(0.,0.,-1.));
#4225 = ADVANCED_FACE('',(#4226),#4251,.T.);
#4226 = FACE_BOUND('',#4227,.T.);
#4227 = EDGE_LOOP('',(#4228,#4229,#4237,#4245));
#4228 = ORIENTED_EDGE('',*,*,#4215,.F.);
#4229 = ORIENTED_EDGE('',*,*,#4230,.T.);
#4230 = EDGE_CURVE('',#4208,#4231,#4233,.T.);
#4231 = VERTEX_POINT('',#4232);
#4232 = CARTESIAN_POINT('',(-3.55,0.75,-3.6));
#4233 = LINE('',#4234,#4235);
#4234 = CARTESIAN_POINT('',(-3.55,-0.75,-3.6));
#4235 = VECTOR('',#4236,1.);
#4236 = DIRECTION('',(-0.,1.,0.));
#4237 = ORIENTED_EDGE('',*,*,#4238,.T.);
#4238 = EDGE_CURVE('',#4231,#4239,#4241,.T.);
#4239 = VERTEX_POINT('',#4240);
#4240 = CARTESIAN_POINT('',(-3.55,0.75,0.));
#4241 = LINE('',#4242,#4243);
#4242 = CARTESIAN_POINT('',(-3.55,0.75,-3.6));
#4243 = VECTOR('',#4244,1.);
#4244 = DIRECTION('',(0.,0.,1.));
#4245 = ORIENTED_EDGE('',*,*,#4246,.T.);
#4246 = EDGE_CURVE('',#4239,#4190,#4247,.T.);
#4247 = LINE('',#4248,#4249);
#4248 = CARTESIAN_POINT('',(-3.55,-0.75,0.));
#4249 = VECTOR('',#4250,1.);
#4250 = DIRECTION('',(0.,-1.,0.));
#4251 = PLANE('',#4252);
#4252 = AXIS2_PLACEMENT_3D('',#4253,#4254,#4255);
#4253 = CARTESIAN_POINT('',(-3.55,-0.75,-3.6));
#4254 = DIRECTION('',(1.,0.,-0.));
#4255 = DIRECTION('',(0.,0.,1.));
#4256 = ADVANCED_FACE('',(#4257),#4275,.F.);
#4257 = FACE_BOUND('',#4258,.F.);
#4258 = EDGE_LOOP('',(#4259,#4267,#4268,#4269));
#4259 = ORIENTED_EDGE('',*,*,#4260,.F.);
#4260 = EDGE_CURVE('',#4200,#4261,#4263,.T.);
#4261 = VERTEX_POINT('',#4262);
#4262 = CARTESIAN_POINT('',(-4.05,0.75,-3.6));
#4263 = LINE('',#4264,#4265);
#4264 = CARTESIAN_POINT('',(-4.05,-0.75,-3.6));
#4265 = VECTOR('',#4266,1.);
#4266 = DIRECTION('',(-0.,1.,0.));
#4267 = ORIENTED_EDGE('',*,*,#4207,.T.);
#4268 = ORIENTED_EDGE('',*,*,#4230,.T.);
#4269 = ORIENTED_EDGE('',*,*,#4270,.F.);
#4270 = EDGE_CURVE('',#4261,#4231,#4271,.T.);
#4271 = LINE('',#4272,#4273);
#4272 = CARTESIAN_POINT('',(-4.05,0.75,-3.6));
#4273 = VECTOR('',#4274,1.);
#4274 = DIRECTION('',(1.,0.,-0.));
#4275 = PLANE('',#4276);
#4276 = AXIS2_PLACEMENT_3D('',#4277,#4278,#4279);
#4277 = CARTESIAN_POINT('',(-4.05,-0.75,-3.6));
#4278 = DIRECTION('',(0.,0.,1.));
#4279 = DIRECTION('',(1.,0.,-0.));
#4280 = ADVANCED_FACE('',(#4281),#4310,.T.);
#4281 = FACE_BOUND('',#4282,.T.);
#4282 = EDGE_LOOP('',(#4283,#4284,#4285,#4286,#4292,#4293,#4299,#4300,
    #4306,#4307,#4308,#4309));
#4283 = ORIENTED_EDGE('',*,*,#3833,.T.);
#4284 = ORIENTED_EDGE('',*,*,#4189,.F.);
#4285 = ORIENTED_EDGE('',*,*,#4246,.F.);
#4286 = ORIENTED_EDGE('',*,*,#4287,.T.);
#4287 = EDGE_CURVE('',#4239,#3913,#4288,.T.);
#4288 = LINE('',#4289,#4290);
#4289 = CARTESIAN_POINT('',(-4.05,0.75,0.));
#4290 = VECTOR('',#4291,1.);
#4291 = DIRECTION('',(1.,0.,-0.));
#4292 = ORIENTED_EDGE('',*,*,#3987,.T.);
#4293 = ORIENTED_EDGE('',*,*,#4294,.T.);
#4294 = EDGE_CURVE('',#3980,#4092,#4295,.T.);
#4295 = LINE('',#4296,#4297);
#4296 = CARTESIAN_POINT('',(-3.5,3.95,0.));
#4297 = VECTOR('',#4298,1.);
#4298 = DIRECTION('',(1.,0.,-0.));
#4299 = ORIENTED_EDGE('',*,*,#4091,.F.);
#4300 = ORIENTED_EDGE('',*,*,#4301,.T.);
#4301 = EDGE_CURVE('',#4084,#40,#4302,.T.);
#4302 = LINE('',#4303,#4304);
#4303 = CARTESIAN_POINT('',(3.25,0.75,0.));
#4304 = VECTOR('',#4305,1.);
#4305 = DIRECTION('',(1.,0.,-0.));
#4306 = ORIENTED_EDGE('',*,*,#47,.T.);
#4307 = ORIENTED_EDGE('',*,*,#92,.F.);
#4308 = ORIENTED_EDGE('',*,*,#4067,.F.);
#4309 = ORIENTED_EDGE('',*,*,#4174,.F.);
#4310 = PLANE('',#4311);
#4311 = AXIS2_PLACEMENT_3D('',#4312,#4313,#4314);
#4312 = CARTESIAN_POINT('',(5.921189464668E-17,0.,0.));
#4313 = DIRECTION('',(-0.,-0.,-1.));
#4314 = DIRECTION('',(-1.,0.,0.));
#4315 = ADVANCED_FACE('',(#4316),#4329,.T.);
#4316 = FACE_BOUND('',#4317,.T.);
#4317 = EDGE_LOOP('',(#4318,#4319,#4320,#4321,#4327,#4328));
#4318 = ORIENTED_EDGE('',*,*,#4287,.F.);
#4319 = ORIENTED_EDGE('',*,*,#4238,.F.);
#4320 = ORIENTED_EDGE('',*,*,#4270,.F.);
#4321 = ORIENTED_EDGE('',*,*,#4322,.T.);
#4322 = EDGE_CURVE('',#4261,#1996,#4323,.T.);
#4323 = LINE('',#4324,#4325);
#4324 = CARTESIAN_POINT('',(-4.05,0.75,-3.6));
#4325 = VECTOR('',#4326,1.);
#4326 = DIRECTION('',(0.,0.,1.));
#4327 = ORIENTED_EDGE('',*,*,#1995,.T.);
#4328 = ORIENTED_EDGE('',*,*,#3912,.F.);
#4329 = PLANE('',#4330);
#4330 = AXIS2_PLACEMENT_3D('',#4331,#4332,#4333);
#4331 = CARTESIAN_POINT('',(-3.79435483871,0.75,-1.53064516129));
#4332 = DIRECTION('',(0.,1.,0.));
#4333 = DIRECTION('',(0.,-0.,1.));
#4334 = ADVANCED_FACE('',(#4335),#4348,.T.);
#4335 = FACE_BOUND('',#4336,.T.);
#4336 = EDGE_LOOP('',(#4337,#4338,#4339,#4340,#4346,#4347));
#4337 = ORIENTED_EDGE('',*,*,#4301,.F.);
#4338 = ORIENTED_EDGE('',*,*,#4083,.T.);
#4339 = ORIENTED_EDGE('',*,*,#1963,.T.);
#4340 = ORIENTED_EDGE('',*,*,#4341,.F.);
#4341 = EDGE_CURVE('',#71,#1956,#4342,.T.);
#4342 = LINE('',#4343,#4344);
#4343 = CARTESIAN_POINT('',(4.05,0.75,-3.6));
#4344 = VECTOR('',#4345,1.);
#4345 = DIRECTION('',(0.,0.,1.));
#4346 = ORIENTED_EDGE('',*,*,#78,.F.);
#4347 = ORIENTED_EDGE('',*,*,#39,.T.);
#4348 = PLANE('',#4349);
#4349 = AXIS2_PLACEMENT_3D('',#4350,#4351,#4352);
#4350 = CARTESIAN_POINT('',(3.79435483871,0.75,-1.53064516129));
#4351 = DIRECTION('',(0.,1.,0.));
#4352 = DIRECTION('',(0.,-0.,1.));
#4353 = ADVANCED_FACE('',(#4354),#4360,.T.);
#4354 = FACE_BOUND('',#4355,.T.);
#4355 = EDGE_LOOP('',(#4356,#4357,#4358,#4359));
#4356 = ORIENTED_EDGE('',*,*,#4294,.F.);
#4357 = ORIENTED_EDGE('',*,*,#3979,.F.);
#4358 = ORIENTED_EDGE('',*,*,#3801,.T.);
#4359 = ORIENTED_EDGE('',*,*,#4099,.F.);
#4360 = PLANE('',#4361);
#4361 = AXIS2_PLACEMENT_3D('',#4362,#4363,#4364);
#4362 = CARTESIAN_POINT('',(0.,3.95,0.625));
#4363 = DIRECTION('',(0.,1.,0.));
#4364 = DIRECTION('',(0.,-0.,1.));
#4365 = ADVANCED_FACE('',(#4366),#4372,.F.);
#4366 = FACE_BOUND('',#4367,.T.);
#4367 = EDGE_LOOP('',(#4368,#4369,#4370,#4371));
#4368 = ORIENTED_EDGE('',*,*,#4199,.T.);
#4369 = ORIENTED_EDGE('',*,*,#2003,.T.);
#4370 = ORIENTED_EDGE('',*,*,#4322,.F.);
#4371 = ORIENTED_EDGE('',*,*,#4260,.F.);
#4372 = PLANE('',#4373);
#4373 = AXIS2_PLACEMENT_3D('',#4374,#4375,#4376);
#4374 = CARTESIAN_POINT('',(-4.05,-0.75,-3.6));
#4375 = DIRECTION('',(1.,0.,-0.));
#4376 = DIRECTION('',(0.,0.,1.));
#4377 = ADVANCED_FACE('',(#4378),#4384,.T.);
#4378 = FACE_BOUND('',#4379,.T.);
#4379 = EDGE_LOOP('',(#4380,#4381,#4382,#4383));
#4380 = ORIENTED_EDGE('',*,*,#102,.F.);
#4381 = ORIENTED_EDGE('',*,*,#70,.T.);
#4382 = ORIENTED_EDGE('',*,*,#4341,.T.);
#4383 = ORIENTED_EDGE('',*,*,#1955,.F.);
#4384 = PLANE('',#4385);
#4385 = AXIS2_PLACEMENT_3D('',#4386,#4387,#4388);
#4386 = CARTESIAN_POINT('',(4.05,-0.75,-3.6));
#4387 = DIRECTION('',(1.,0.,-0.));
#4388 = DIRECTION('',(0.,0.,1.));
#4389 = ( GEOMETRIC_REPRESENTATION_CONTEXT(3) 
GLOBAL_UNCERTAINTY_ASSIGNED_CONTEXT((#4393)) 
GLOBAL_UNIT_ASSIGNED_CONTEXT((#4390,#4391,#4392)) REPRESENTATION_CONTEXT
('Context #1','3D Context with UNIT and UNCERTAINTY') );
#4390 = ( LENGTH_UNIT() NAMED_UNIT(*) SI_UNIT(.MILLI.,.METRE.) );
#4391 = ( NAMED_UNIT(*) PLANE_ANGLE_UNIT() SI_UNIT($,.RADIAN.) );
#4392 = ( NAMED_UNIT(*) SI_UNIT($,.STERADIAN.) SOLID_ANGLE_UNIT() );
#4393 = UNCERTAINTY_MEASURE_WITH_UNIT(LENGTH_MEASURE(2.E-07),#4390,
  'distance_accuracy_value','confusion accuracy');
#4394 = PRODUCT_RELATED_PRODUCT_CATEGORY('part',$,(#7));
ENDSEC;
END-ISO-10303-21;
